sample_id,field_linked_sample_id,field_observation_id,station_id,physical_station_id_v1,campaign_id,field_sampling_date,sample_id_date_QA,n_analytical_dates,analytical_dates,n_field_dates,field_dates,sample_id_date,field_event_resolved_temporal,field_vs_sampleid_date_difference_days,hydroclimate_event_date,hydroclimate_date_source,hydroclimate_temporal_role,hydroclimate_integration_eligible,date,ppt_sum_1d,ppt_sum_3d,ppt_sum_7d,ppt_sum_14d,ppt_sum_30d,ppt_sum_60d,ppt_sum_90d,sm_surface_mean_1d,sm_surface_mean_7d,sm_surface_mean_14d,sm_surface_mean_30d,sm_surface_mean_60d,sm_surface_mean_90d,sm_rootzone_mean_1d,sm_rootzone_mean_7d,sm_rootzone_mean_14d,sm_rootzone_mean_30d,sm_rootzone_mean_60d,sm_rootzone_mean_90d,tair_mean_7d,tair_mean_14d,tair_mean_30d,tair_mean_60d,tair_mean_90d,pet_sum_7d,pet_sum_14d,pet_sum_30d,pet_sum_60d,pet_sum_90d
EVENT::IC01::20250227,EVENT::IC01::20250227,FIELD_20250227_IC01_01,IC01,IC01,C07,2025-02-27,2025-02-27,1,2025-02-27,1,2025-02-27,2025-02-27,True,0.0,2025-02-27,RESOLVED_FIELD_DATE,RESOLVED_FIELD_EVENT,True,2025-02-27,0.2964284959737034,1.7793506872840368,39.074717232802264,82.39017589773896,159.2761293420169,326.49351709619873,418.8621065992685,0.3780843775166711,0.3999982634884839,0.4098001562003553,0.4056974501661864,0.398526648458335,0.3993187004584261,0.403443857498022,0.41618391666470095,0.4176672037803466,0.4073311606488629,0.3998718116033819,0.39295819835258583,9.901803726418914,9.659370438586004,9.641834452830626,9.708097351738198,9.885567048549978,30.86997280058833,54.374071688665815,117.58744397948931,247.09872035794174,368.49253198314955
EVENT::IC01::20250624,EVENT::IC01::20250624,FIELD_20250624_IC01_01,IC01,IC01,C08,2025-06-24,2025-06-24,1,2025-06-24,1,2025-06-24,2025-06-24,True,0.0,2025-06-24,RESOLVED_FIELD_DATE,RESOLVED_FIELD_EVENT,True,2025-06-24,0.3373933477061135,0.8796480227084529,0.8796480227084351,22.868597980766076,25.782672035906998,60.67679157360926,127.48122050564453,0.2749779100362964,0.31256118320808435,0.29700631488954393,0.2937489953650521,0.31281715465342297,0.33652072674557926,0.2897853111531693,0.29524704124393975,0.29253515192342133,0.298077960520887,0.31457540141885365,0.33498319175253066,8.096233414330523,8.012531447417173,8.022287322836368,8.613414133582753,8.94047470615449,21.69976422207893,40.859456351726735,92.36420635026315,193.47125731107127,304.46856873745173
EVENT::IC01::20260315,EVENT::IC01::20260315,FIELD_20260315_IC01_01,IC01,IC01,C10,2026-03-15,2026-03-15,1,2026-03-15,1,2026-03-15,2026-03-15,True,0.0,2026-03-15,RESOLVED_FIELD_DATE,RESOLVED_FIELD_EVENT,True,2026-03-15,0.0,27.717000857705177,56.56150162078086,74.20080384895918,124.95082766438524,324.23275894476546,403.13307497366554,0.3865211354514766,0.40056779369519097,0.39427815407654027,0.39867829768107954,0.4031989781766192,0.37725507433627303,0.3933561954608541,0.394412202270701,0.3921826585737627,0.395634985071769,0.387492673088054,0.3598093452968119,9.939446964258693,10.152319576023,9.855109634717943,9.80537581318225,9.999051141381617,27.057221428507322,57.09698563710802,124.02543942363275,242.83305478061553,388.5752041904912
EVENT::MAN02::20250703,EVENT::MAN02::20250703,FIELD_20250703_MAN02_01,MAN02,MAN02,C08,2025-07-03,2025-07-03,1,2025-07-03,1,2025-07-03,2025-07-03,True,0.0,2025-07-03,RESOLVED_FIELD_DATE,RESOLVED_FIELD_EVENT,True,2025-07-03,0.6045527733596309,2.4457314801022276,2.44573148010221,3.325379502810659,26.24603411970583,39.363367044440444,97.10237785759863,0.2809041818901752,0.29017620207421413,0.29044962126198726,0.2867852601165869,0.3041509846961107,0.32568614104656196,0.2852483190047717,0.2872750806559093,0.28979655379997016,0.29187974955044876,0.30625331628391506,0.3256430716235896,7.518020883670977,7.887798206897423,7.855572088482928,8.356936043351622,8.738846666290756,19.61643907720643,43.073473465925005,90.11443618232803,190.14784224288312,299.0862603132435
EVENT::MAN04::20260323,EVENT::MAN04::20260323,FIELD_20260323_MAN04_01,MAN04,MAN04,C10,2026-03-23,2026-03-23,1,2026-03-23,1,2026-03-23,2026-03-23,True,0.0,2026-03-23,RESOLVED_FIELD_DATE,RESOLVED_FIELD_EVENT,True,2026-03-23,7.038060110239756,37.64226432357517,56.60655074069897,104.08229141185683,167.7749619514105,326.08846081385303,456.605326914539,0.4217153780722204,0.41608444757773916,0.4086469783620207,0.4012685250225324,0.40369293185940286,0.38274565435175567,0.4143424529147285,0.4051593519746846,0.3998332547655848,0.397021434662659,0.3950598460297287,0.367839914125897,10.156295917278959,10.106846137851411,10.148467210660652,9.89648470305909,9.926772252203104,26.29921313999705,53.900103219327214,123.75279757156537,242.17687762541576,376.4004464008215
EVENT::MAN06::20250227,EVENT::MAN06::20250227,FIELD_20250227_MAN06_01,MAN06,MAN06,C07,2025-02-27,2025-02-27,1,2025-02-27,1,2025-02-27,2025-02-27,True,0.0,2025-02-27,RESOLVED_FIELD_DATE,RESOLVED_FIELD_EVENT,True,2025-02-27,0.2964284959737034,1.7793506872840368,39.074717232802264,82.39017589773896,159.2761293420169,326.49351709619873,418.8621065992685,0.3780843775166711,0.3999982634884839,0.4098001562003553,0.4056974501661864,0.398526648458335,0.3993187004584261,0.403443857498022,0.41618391666470095,0.4176672037803466,0.4073311606488629,0.3998718116033819,0.39295819835258583,9.901803726418914,9.659370438586004,9.641834452830626,9.708097351738198,9.885567048549978,30.86997280058833,54.374071688665815,117.58744397948931,247.09872035794174,368.49253198314955
EVENT::MAN06::20251203,EVENT::MAN06::20251203,FIELD_20251203_MAN06_01,MAN06,MAN06,C09,2025-12-03,2025-12-03,1,2025-12-03,1,2025-12-03,2025-12-03,True,0.0,2025-12-03,RESOLVED_FIELD_DATE,RESOLVED_FIELD_EVENT,True,2025-12-03,7.486531112165678,7.486531112165693,10.858433434739709,13.654428775062643,27.84156686949635,94.54013536025151,140.07625989622085,0.3776051185034603,0.34839931900692206,0.32475515518377474,0.3435722647527891,0.3493910847677967,0.33399440362759203,0.3109527776420461,0.3081219901849571,0.3066395493482972,0.3123006939958438,0.30388227304312837,0.29085577914720423,10.574444956612817,10.62338245070544,10.521105623949643,10.072411168747117,9.71186928202934,35.080632119509524,71.53276857957674,149.80370094838167,282.80232312706846,412.09491234638784
EVENT::MAN12::20250225,EVENT::MAN12::20250225,FIELD_20250225_MAN12_01,MAN12,MAN12,C07,2025-02-25,2025-02-25,1,2025-02-25,1,2025-02-25,2025-02-25,True,0.0,2025-02-25,RESOLVED_FIELD_DATE,RESOLVED_FIELD_EVENT,True,2025-02-25,1.2586338676157451,38.554000413134,54.43842773565224,97.17132378298612,159.58557925391054,326.20822987002543,427.105626144646,0.385114603648985,0.41154137991231365,0.41644250463920945,0.40748766284763765,0.39860404216102396,0.39996181239767364,0.4136836703526491,0.42036076210498674,0.4185452343719969,0.40620594515766784,0.3993415360729435,0.3916046378593632,9.574952015245472,9.430843827562382,9.592464347550273,9.711614476340527,9.892967658062325,28.67235471575246,49.353299845505305,115.27117733665973,247.0471724609419,366.9942189761669
EVENT::MAN13::20250227,EVENT::MAN13::20250227,FIELD_20250227_MAN13_01,MAN13,MAN13,C07,2025-02-27,2025-02-27,1,2025-02-27,1,2025-02-27,2025-02-27,True,0.0,2025-02-27,RESOLVED_FIELD_DATE,RESOLVED_FIELD_EVENT,True,2025-02-27,0.2964284959737034,1.7793506872840368,39.074717232802264,82.39017589773896,159.2761293420169,326.49351709619873,418.8621065992685,0.3780843775166711,0.3999982634884839,0.4098001562003553,0.4056974501661864,0.398526648458335,0.3993187004584261,0.403443857498022,0.41618391666470095,0.4176672037803466,0.4073311606488629,0.3998718116033819,0.39295819835258583,9.901803726418914,9.659370438586004,9.641834452830626,9.708097351738198,9.885567048549978,30.86997280058833,54.374071688665815,117.58744397948931,247.09872035794174,368.49253198314955
EVENT::MH01::20230324,EVENT::MH01::20230324,FIELD_20230324_MH01_01,MH01,MH01,C01,2023-03-24,2023-03-24,1,2023-03-24,1,2023-03-24,2023-03-24,True,0.0,2023-03-24,RESOLVED_FIELD_DATE,RESOLVED_FIELD_EVENT,True,2023-03-24,5.081125862541652,11.729533450234506,16.84748088426533,38.60572196046512,95.57641352180924,296.7656680065252,432.0966166201092,0.423895936940217,0.4133596223410646,0.41430186752835935,0.399730120826089,0.40137840514774115,0.39577410058274914,0.4124128640088502,0.41291127893966056,0.40945619727244165,0.39886782086102257,0.3886943012077071,0.3627207157994153,8.962632492636658,9.195232722846551,9.54041273451497,9.431902435182705,9.433193074771332,25.33038727120857,50.73082395371674,119.16932902928721,238.14421926619687,372.5144010833922
EVENT::MH01::20231128,EVENT::MH01::20231128,FIELD_20231128_MH01_01,MH01,MH01,C03,2023-11-28,2023-11-28,1,2023-11-28,1,2023-11-28,2023-11-28,True,0.0,2023-11-28,RESOLVED_FIELD_DATE,RESOLVED_FIELD_EVENT,True,2023-11-28,4.324948610117038,4.586086727323989,10.827653222140812,22.08311981956164,38.62590034128655,71.9305200278759,119.66346596820014,0.3874310142502389,0.34101699516197687,0.34373249234557307,0.32349326771348424,0.30216473595944443,0.2752198915312106,0.277650909497329,0.26764565925902645,0.26575122951640917,0.2572432331276307,0.24666817947894845,0.23869623927992478,10.085114369811114,10.726059147860786,10.742878029050953,10.69488485571509,10.375394233568068,32.63518515694348,68.49525287488981,146.8724122626244,293.4231117281611,434.2449537849839
EVENT::MH01::20240327,EVENT::MH01::20240327,FIELD_20240327_MH01_01,MH01,MH01,C04,2024-03-27,2024-03-27,1,2024-03-27,1,2024-03-27,2024-03-27,True,0.0,2024-03-27,RESOLVED_FIELD_DATE,RESOLVED_FIELD_EVENT,True,2024-03-27,6.521554405490558,20.00030590239026,48.88069278001785,89.37879588916189,198.41589619077385,333.51277358829975,464.11654635394615,0.4288541209491001,0.4055749602859879,0.3826121220797374,0.3912849524270745,0.3930696802868166,0.3907423501248483,0.3972059085603394,0.38815765860715307,0.38367980787716643,0.3940190891481471,0.38875132074827706,0.37817726280091524,10.488767268156977,10.824413522373328,10.583645398599971,10.700041685612774,10.736186334107343,24.30709335156259,55.96038669003227,119.9165628738486,251.892464396926,386.83892299846417
EVENT::MH01::20241130,EVENT::MH01::20241130,FIELD_20241130_MH01_01,MH01,MH01,C06,2024-11-30,2024-11-30,1,2024-11-30,1,2024-11-30,2024-11-30,True,0.0,2024-11-30,RESOLVED_FIELD_DATE,RESOLVED_FIELD_EVENT,True,2024-11-30,0.0,8.76423636504583,13.70073729079394,31.877751298958355,82.14244360006637,109.41755782526785,144.82666959368117,0.4010001202768903,0.4033077233690156,0.398597359493223,0.37265205591553363,0.31367498972359265,0.27350019403097076,0.3520402876719803,0.34188387583347507,0.33107493475124644,0.2917536611930636,0.25662990801902474,0.2433854913076581,10.425757588691843,10.270576479360829,10.468531422256758,10.498786353942466,10.258427415234069,29.22883578118561,57.04127105674303,131.34806536439524,283.83013646985063,428.51551671679306
EVENT::MH01::20251205,EVENT::MH01::20251205,FIELD_20251205_MH01_01,MH01,MH01,C09,2025-12-05,2025-12-05,1,2025-12-05,1,2025-12-05,2025-12-05,True,0.0,2025-12-05,RESOLVED_FIELD_DATE,RESOLVED_FIELD_EVENT,True,2025-12-05,0.0,7.486531112165693,9.87857379134567,13.649310967363869,26.018733415880845,94.3782710879549,140.07625989622085,0.3375577945010969,0.3510201509550783,0.33263760495048034,0.34246706132637666,0.3500167977756311,0.33531886798823524,0.3111445336167293,0.3095329135303618,0.30723510327957365,0.3122489224901242,0.3050081398644811,0.2920067280018209,10.768762369258281,10.58651706302854,10.531230470685545,10.105726182774719,9.781331588787605,37.451700840382216,71.34811300246012,152.95899581874724,284.70449619038254,416.49594407722435
EVENT::Q1.1L::20230315,EVENT::Q1.1L::20230315,FIELD_20230315_Q1.1L_01,Q1.1L,Q1.1L,C01,2023-03-15,2023-03-15,1,2023-03-15,1,2023-03-15,2023-03-15,True,0.0,2023-03-15,RESOLVED_FIELD_DATE,RESOLVED_FIELD_EVENT,True,2023-03-15,2.78264155948446,5.8791221692448605,31.456534085174404,54.59833942602078,160.51796717338618,310.484729486562,428.9903209493274,0.4237314602772853,0.4131015842688697,0.390913095219615,0.3968908787692442,0.3951938126894167,0.3924478077219834,0.4063852884957785,0.40046293355268187,0.3920960423548031,0.3936626083322572,0.3756883844487086,0.3477638877822918,9.58171260118684,9.799918698122658,9.735460903557303,9.469106536870159,9.504957273414291,24.842824463899426,56.908088612418645,123.89863519310262,247.7832850004207,380.41048186879624
EVENT::Q1.1L::20230618,EVENT::Q1.1L::20230618,FIELD_20230618_Q1.1L_01,Q1.1L,Q1.1L,C02,2023-06-18,2023-06-18,1,2023-06-18,1,2023-06-18,2023-06-18,True,0.0,2023-06-18,RESOLVED_FIELD_DATE,RESOLVED_FIELD_EVENT,True,2023-06-18,0.0,0.0,0.8041590877941677,5.1123918777420405,5.11239187774204,60.80057110016545,138.3438363155971,0.2046534734883978,0.2142617682140128,0.22298605698644042,0.2598131272910723,0.3047692668843744,0.334858970952427,0.2919263459721971,0.29695623199899696,0.30339110283362053,0.3205998936593723,0.34231154152484905,0.3624312706977747,7.7960920112834815,7.881977141359599,8.322341153800858,8.58943510502675,8.808528184451808,22.93509666974834,48.6894443717306,106.71912405015416,212.54827508519838,325.7629953626263
EVENT::Q1.1L::20241120,EVENT::Q1.1L::20241120,FIELD_20241120_Q1.1L_01,Q1.1L,Q1.1L,C06,2024-11-20,2024-11-20,1,2024-11-20,1,2024-11-20,2024-11-20,True,0.0,2024-11-20,RESOLVED_FIELD_DATE,RESOLVED_FIELD_EVENT,True,2024-11-20,0.0,12.554060301610413,21.107097353254048,53.92842305948338,77.83195832043532,116.45395861138101,135.5950098068057,0.3703935068237068,0.4008230807332995,0.3836542775799609,0.3366291278895462,0.28018184066507856,0.24522621789343013,0.3153519753546153,0.3092699161259687,0.284169272263451,0.2554601629670032,0.23625417128325882,0.23033486786819676,10.111131895628668,10.365477483934741,10.635470689836064,10.490179220222883,10.164588007746275,27.68468697463846,59.79423356280161,138.96198826976592,294.4266442747819,433.49297122889857
EVENT::Q1.1L::20250219,EVENT::Q1.1L::20250219,FIELD_20250219_Q1.1L_01,Q1.1L,Q1.1L,C07,2025-02-19,2025-02-19,1,2025-02-19,1,2025-02-19,2025-02-19,True,0.0,2025-02-19,RESOLVED_FIELD_DATE,RESOLVED_FIELD_EVENT,True,2025-02-19,1.4389894029923849,15.379515006428685,32.409186816996055,77.56904535119733,119.28296606533141,284.1813677159759,382.9231839659624,0.4150427375455352,0.42017017840157844,0.40987037162035245,0.40340428043039617,0.3973234813031127,0.3995475230852967,0.4208218892415364,0.41867538196995274,0.4088432705714097,0.4001691751106472,0.3968643565744487,0.3859314643338823,9.351746726042654,9.394441841339711,9.490015988359124,9.795268019760146,9.925660180606588,23.362829462985772,48.03409608285551,117.43109884289647,248.12064440436444,366.9702534300054
EVENT::Q1.1L::20250625,EVENT::Q1.1L::20250625,FIELD_20250625_Q1.1L_01,Q1.1L,Q1.1L,C08,2025-06-25,2025-06-25,1,2025-06-25,1,2025-06-25,2025-06-25,True,0.0,2025-06-25,RESOLVED_FIELD_DATE,RESOLVED_FIELD_EVENT,True,2025-06-25,0.0,0.8796480227084529,0.8796480227084351,17.547438012702134,25.782672035906998,60.67679157360926,125.88996068321772,0.2783755998850328,0.3011884492453615,0.29808376683960464,0.2921514177904269,0.3119807899342796,0.3353522098388541,0.2891823177300895,0.29395959277668826,0.29241607847142864,0.29726905123515235,0.3135923891618761,0.33393295739177353,8.223507893187222,7.992110132101407,7.997209602728385,8.587094716590899,8.920547933625473,23.129125766326926,41.905033795130734,92.22929662018153,193.4909802468526,304.3549996235467
EVENT::Q1.1L::20251126,EVENT::Q1.1L::20251126,FIELD_20251126_Q1.1L_01,Q1.1L,Q1.1L,C09,2025-11-26,2025-11-26,1,2025-11-26,1,2025-11-26,2025-11-26,True,0.0,2025-11-26,RESOLVED_FIELD_DATE,RESOLVED_FIELD_EVENT,True,2025-11-26,1.9274017626330968,2.5155590806777433,2.795995340322926,5.17067448603658,32.20693734167989,83.6817019255118,129.21782646148114,0.3232921203436879,0.3011109913606273,0.32241446670670826,0.3484084992356689,0.34753815994556697,0.3287449538031422,0.3049445449961403,0.3051571085116373,0.31084956203778846,0.3122317526798334,0.29941996329276316,0.28718530796110636,10.672319944798065,10.597657785066541,10.358283470928038,9.90512023887808,9.512546542859205,36.452136460067216,72.79465674837199,144.90837242045154,276.6491573497739,406.59076642955654
EVENT::Q1.1L::20260316,EVENT::Q1.1L::20260316,FIELD_20260316_Q1.1L_01,Q1.1L,Q1.1L,C10,2026-03-16,2026-03-16,1,2026-03-16,1,2026-03-16,2026-03-16,True,0.0,2026-03-16,RESOLVED_FIELD_DATE,RESOLVED_FIELD_EVENT,True,2026-03-16,0.0,12.643695659580699,47.47574067115784,63.28434722480323,123.70110441797547,314.42087413423826,402.9733061980279,0.4060153299673444,0.4012095091463021,0.39627167465205754,0.39901172966243514,0.4031142775646447,0.3779766480893604,0.3941744997322214,0.39450715755648497,0.3922699118618659,0.39568941814714154,0.38856340867767136,0.3607825338943079,10.057396358423862,10.149384051500673,9.894082084464683,9.836662282619121,9.994272480366265,27.600890079330156,56.497006058003855,123.9856158550075,243.89162418470215,388.05295053245015
EVENT::Q1.1U::20231119,EVENT::Q1.1U::20231119,FIELD_20231119_Q1.1U_01,Q1.1U,Q1.1U,C03,2023-11-19,2023-11-19,1,2023-11-19,1,2023-11-19,2023-11-19,True,0.0,2023-11-19,RESOLVED_FIELD_DATE,RESOLVED_FIELD_EVENT,True,2023-11-19,6.88334020120757,8.537803421240481,12.040107585667146,24.062581495692335,31.982246299407315,88.46176765628515,111.46847113417019,0.3471337651012031,0.33803013392857145,0.33461097892637326,0.30906465342968187,0.28503819302097677,0.2548642926796986,0.2646688359504949,0.2613410624780505,0.25854927087138574,0.2501439796219901,0.24023841681507965,0.23400879987775064,11.430036478333998,11.001638214495651,10.829284451876093,10.713272614684278,10.345553142104174,35.63345619881084,69.39491793254896,148.1657298227955,296.04807125695174,434.7494014598042
EVENT::Q1.1U::20240318,EVENT::Q1.1U::20240318,FIELD_20240318_Q1.1U_01,Q1.1U,Q1.1U,C04,2024-03-18,2024-03-18,1,2024-03-18,1,2024-03-18,2024-03-18,True,0.0,2024-03-18,RESOLVED_FIELD_DATE,RESOLVED_FIELD_EVENT,True,2024-03-18,0.0,24.307819443089624,31.933247579705146,71.44543899595737,199.85315212039723,294.11506275052113,427.5336399977761,0.385278856134139,0.3555041023630299,0.3750028893733005,0.3876304764891559,0.39023354198967863,0.38566450602082875,0.3802941423757916,0.38235162756510616,0.3930121046486814,0.39427481935264663,0.3855199157124386,0.3722880570398003,11.266495000039672,10.89786036318407,10.723832908071788,10.755418565048213,10.785617684266544,32.81701033170513,62.193431950717994,127.30382193375185,259.89040099299706,396.57451513874736
EVENT::Q1.1U::20240620,EVENT::Q1.1U::20240620,FIELD_20240620_Q1.1U_01,Q1.1U,Q1.1U,C05,2024-06-20,2024-06-20,1,2024-06-20,1,2024-06-20,2024-06-20,True,0.0,2024-06-20,RESOLVED_FIELD_DATE,RESOLVED_FIELD_EVENT,True,2024-06-20,0.0,0.0,1.2311086292777742,9.739140674471862,9.739140674471855,70.77565733192577,115.68155747972473,0.3415454100092481,0.19218281442194374,0.18107013245636913,0.21126416205747353,0.26100305834104404,0.30059393807413026,0.2785868772238435,0.2686592740038686,0.27250507597289325,0.28854283127144653,0.31327882052601025,0.3380434509686498,8.881428195607942,8.920773486424332,9.335690701582093,9.930738856598001,10.082403596956883,19.989431808794162,47.61385422393766,112.27513746374603,231.2104603372557,349.7664241087919
EVENT::Q1.2N.M__LOC1::20240319,EVENT::Q1.2N.M__LOC1::20240319,FIELD_20240319_Q1.2N.M_01,Q1.2N.M__LOC1,Q1.2N.M__LOC1,C04,2024-03-19,2024-03-19,1,2024-03-19,1,2024-03-19,2024-03-19,True,0.0,2024-03-19,RESOLVED_FIELD_DATE,RESOLVED_FIELD_EVENT,True,2024-03-19,5.745659204466001,22.222894287535127,37.67890678417115,77.19109820042338,194.88329538348177,299.8607219549871,422.51929822404475,0.3714605526198312,0.3551319851023482,0.371584719545809,0.3867232453156987,0.3898763276861505,0.3854098966611169,0.3787378298662071,0.38040772074482304,0.3907699150150549,0.3938818795713156,0.3856919972236598,0.37279602636379333,11.21772663075507,10.933181390413226,10.715776747285236,10.75827320799588,10.782389707898126,32.622388461766214,63.1528403286989,127.19352013630673,259.9692074635814,397.1081499247192
EVENT::Q1.2N.M__LOC1::20241125,EVENT::Q1.2N.M__LOC1::20241125,FIELD_20241125_Q1.2N.M_01,Q1.2N.M__LOC1,Q1.2N.M__LOC1,C06,2024-11-25,2024-11-25,1,2024-11-25,1,2024-11-25,2024-11-25,True,0.0,2024-11-25,RESOLVED_FIELD_DATE,RESOLVED_FIELD_EVENT,True,2024-11-25,0.0,4.247893494509526,7.687216395423525,36.05115342033761,71.33684783349081,124.14117500680454,137.7728344816451,0.4090883993689035,0.3952334477755112,0.40255141527305577,0.3558298144037323,0.29924253991726657,0.259882024717239,0.3379739673151446,0.3255816540034257,0.3118755885664175,0.27294644319023464,0.24594205739518038,0.23642378467983663,10.065296960290473,10.086158418222286,10.492038197477607,10.44641148837318,10.165510537195116,26.71388037115163,54.021767389050794,134.18811747018313,285.4620482492653,429.29118279518417
EVENT::Q1.2N.M__LOC1::20250220,EVENT::Q1.2N.M__LOC1::20250220,FIELD_20250220_Q1.2N.M_01,Q1.2N.M__LOC1,Q1.2N.M__LOC1,C07,2025-02-20,2025-02-20,1,2025-02-20,1,2025-02-20,2025-02-20,True,0.0,2025-02-20,RESOLVED_FIELD_DATE,RESOLVED_FIELD_EVENT,True,2025-02-20,14.445437919525872,19.611727213575737,43.31545866493668,90.81010272602241,132.52884255143417,298.6268056355018,395.6717574629002,0.4194622885055395,0.4196020489122268,0.41220580530731005,0.4034509525286822,0.39772320320457694,0.399534492272173,0.4194411633515403,0.4191504908959923,0.4102579710734897,0.40111159255800133,0.3972909535344931,0.3869416824700974,9.416937150753094,9.38419604959025,9.499439286910063,9.766321673972092,9.921444176167775,23.504098888077486,46.449200524760116,116.31494506418359,246.576740734839,366.6144756740228
EVENT::Q1.2N.M__LOC2::20260317,EVENT::Q1.2N.M__LOC2::20260317,FIELD_20260317_Q1.2N.M_01,Q1.2N.M__LOC2,Q1.2N.M__LOC2,C10,2026-03-17,2026-03-17,1,2026-03-17,1,2026-03-17,2026-03-17,True,0.0,2026-03-17,RESOLVED_FIELD_DATE,RESOLVED_FIELD_EVENT,True,2026-03-17,1.5706165450669471,1.5706165450669614,49.046357216224784,64.85496376987017,121.17522959535322,311.3798759262122,401.56939271890695,0.4128255384735518,0.4015504971962804,0.39856048198629596,0.39888708106048915,0.4031906555459984,0.3786484767935868,0.3963968619124278,0.3947003358525412,0.3926638837940857,0.39568099002311374,0.3895429671360425,0.36176043207245756,10.187458784574346,10.166283421840633,9.960318723150632,9.862334601268168,10.001138254213448,27.320384893114166,55.1207555684051,123.94633497289149,242.88912186388333,387.37253676776936
EVENT::Q1.2N.U1::20240621,EVENT::Q1.2N.U1::20240621,FIELD_20240621_Q1.2N.U1_01,Q1.2N.U1,Q1.2N.U1,C05,2024-06-21,2024-06-21,1,2024-06-21,1,2024-06-21,2024-06-21,True,0.0,2024-06-21,RESOLVED_FIELD_DATE,RESOLVED_FIELD_EVENT,True,2024-06-21,5.685812471877961,5.685812471877968,6.916921101155735,15.424953146349825,15.424953146349818,76.46146980380374,121.3673699516027,0.3680376078581764,0.2220100100428284,0.1943272279045846,0.2135216010405455,0.2613578057702566,0.30004277401832047,0.2861524464307722,0.27104164488939675,0.27276896669160483,0.2873786230375158,0.3119290815217416,0.3369120018203006,8.583294752915334,8.890872199260423,9.271720504148258,9.890620138711038,10.058657899594028,18.943828955895636,45.87009385486559,111.08526471205529,229.37550580914998,349.1206488254442
EVENT::Q1.2N.U1::20250626,EVENT::Q1.2N.U1::20250626,FIELD_20250626_Q1.2N.U1_01,Q1.2N.U1,Q1.2N.U1,C08,2025-06-26,2025-06-26,1,2025-06-26,1,2025-06-26,2025-06-26,True,0.0,2025-06-26,RESOLVED_FIELD_DATE,RESOLVED_FIELD_EVENT,True,2025-06-26,0.0,0.3373933477061277,0.8796480227084351,15.711048737168321,25.782672035906998,60.67679157360926,125.88996068321772,0.2745824494113812,0.29072304044976033,0.29840328658608206,0.2909383417324294,0.3111093783883919,0.3340983206034982,0.2879551587628491,0.292318026944031,0.2922274427101561,0.29649167418066474,0.3126317814218745,0.3328765660614458,8.25757553012387,7.955928693498912,7.967684007471949,8.557462506793465,8.893877371933213,23.457034388718576,41.41988359779292,92.0959558617862,193.40894121482881,303.2135550858658
EVENT::Q1.2N.U1::20251127,EVENT::Q1.2N.U1::20251127,FIELD_20251127_Q1.2N.U1_01,Q1.2N.U1,Q1.2N.U1,C09,2025-11-27,2025-11-27,1,2025-11-27,1,2025-11-27,2025-11-27,True,0.0,2025-11-27,RESOLVED_FIELD_DATE,RESOLVED_FIELD_EVENT,True,2025-11-27,0.4707437515524881,2.7137737283261556,3.2667390918754142,5.641418237589067,27.295489868765195,84.15244567706429,129.6885702130336,0.3508500556725297,0.3070788190543996,0.3219225054236111,0.34827096776159894,0.34835400927426646,0.32928918794808765,0.3075957522089081,0.30478768914913357,0.3099750436346556,0.31245707571315084,0.30015324980736385,0.28767087228260924,10.511335992117496,10.548408410859594,10.350045582202304,9.91693458630632,9.537338733285194,34.405777866096166,71.97370500750623,144.26364982231502,276.3782488989692,406.41991212705653
EVENT::Q1.2N.U2::20231126,EVENT::Q1.2N.U2::20231126,FIELD_20231126_Q1.2N.U2_01,Q1.2N.U2,Q1.2N.U2,C03,2023-11-26,2023-11-26,1,2023-11-26,1,2023-11-26,2023-11-26,True,0.0,2023-11-26,RESOLVED_FIELD_DATE,RESOLVED_FIELD_EVENT,True,2023-11-26,0.0,6.182352075264571,8.2906752088595,20.330782794526645,34.039813613962565,79.48930264157909,115.07737924087616,0.3524020604774902,0.3322850024440943,0.33515756818633285,0.31809498818164156,0.2962857876669235,0.2698530915002449,0.2677772329767774,0.2653353571189588,0.2633382097985046,0.25525996671614154,0.24488148911059013,0.23744084707589658,10.44704125265497,10.938538865494483,10.82900789367443,10.735590729073396,10.3791435259258,34.593732887609846,70.22718908642068,147.94159581550971,294.422891012506,436.05473891675814
EVENT::Q1.2N.U2::20250222,EVENT::Q1.2N.U2::20250222,FIELD_20250222_Q1.2N.U2_01,Q1.2N.U2,Q1.2N.U2,C07,2025-02-22,2025-02-22,1,2025-02-22,1,2025-02-22,2025-02-22,True,0.0,2025-02-22,RESOLVED_FIELD_DATE,RESOLVED_FIELD_EVENT,True,2025-02-22,0.0,14.445437919525883,29.9711088804262,79.2740850562141,129.25983562386995,290.24684068815606,391.42386396839066,0.4085484727039961,0.41849211375968626,0.4175973422856098,0.4042144356435433,0.3979262008372988,0.39979330061641194,0.4195282349191419,0.4207405909394679,0.4141313919048482,0.40297614961598416,0.39807887846151063,0.3889288295165192,9.379700007544995,9.392473509788795,9.55599992405398,9.745524678080242,9.920541055859418,23.806523208673287,46.19756328060448,115.56328544554681,246.5459714304505,367.22881588115854
EVENT::Q1.2S.M1::20241125,EVENT::Q1.2S.M1::20241125,FIELD_20241125_Q1.2S.M1_01,Q1.2S.M1,Q1.2S.M1,C06,2024-11-25,2024-11-25,1,2024-11-25,1,2024-11-25,2024-11-25,True,0.0,2024-11-25,RESOLVED_FIELD_DATE,RESOLVED_FIELD_EVENT,True,2024-11-25,0.0,4.247893494509526,7.687216395423525,36.05115342033761,71.33684783349081,124.14117500680454,137.7728344816451,0.4090883993689035,0.3952334477755112,0.40255141527305577,0.3558298144037323,0.29924253991726657,0.259882024717239,0.3379739673151446,0.3255816540034257,0.3118755885664175,0.27294644319023464,0.24594205739518038,0.23642378467983663,10.065296960290473,10.086158418222286,10.492038197477607,10.44641148837318,10.165510537195116,26.71388037115163,54.021767389050794,134.18811747018313,285.4620482492653,429.29118279518417
EVENT::Q1.2S.M2__LOC1::20250220,EVENT::Q1.2S.M2__LOC1::20250220,FIELD_20250220_Q1.2S.M2_01,Q1.2S.M2__LOC1,Q1.2S.M2__LOC1,C07,2025-02-20,2025-02-20,1,2025-02-20,1,2025-02-20,2025-02-20,True,0.0,2025-02-20,RESOLVED_FIELD_DATE,RESOLVED_FIELD_EVENT,True,2025-02-20,14.445437919525872,19.611727213575737,43.31545866493668,90.81010272602241,132.52884255143417,298.6268056355018,395.6717574629002,0.4194622885055395,0.4196020489122268,0.41220580530731005,0.4034509525286822,0.39772320320457694,0.399534492272173,0.4194411633515403,0.4191504908959923,0.4102579710734897,0.40111159255800133,0.3972909535344931,0.3869416824700974,9.416937150753094,9.38419604959025,9.499439286910063,9.766321673972092,9.921444176167775,23.504098888077486,46.449200524760116,116.31494506418359,246.576740734839,366.6144756740228
EVENT::Q1.2S.M2__LOC2::20260317,EVENT::Q1.2S.M2__LOC2::20260317,FIELD_20260317_Q1.2S.M2_01,Q1.2S.M2__LOC2,Q1.2S.M2__LOC2,C10,2026-03-17,2026-03-17,1,2026-03-17,1,2026-03-17,2026-03-17,True,0.0,2026-03-17,RESOLVED_FIELD_DATE,RESOLVED_FIELD_EVENT,True,2026-03-17,1.5706165450669471,1.5706165450669614,49.046357216224784,64.85496376987017,121.17522959535322,311.3798759262122,401.56939271890695,0.4128255384735518,0.4015504971962804,0.39856048198629596,0.39888708106048915,0.4031906555459984,0.3786484767935868,0.3963968619124278,0.3947003358525412,0.3926638837940857,0.39568099002311374,0.3895429671360425,0.36176043207245756,10.187458784574346,10.166283421840633,9.960318723150632,9.862334601268168,10.001138254213448,27.320384893114166,55.1207555684051,123.94633497289149,242.88912186388333,387.37253676776936
EVENT::Q1.2S.U1::20230316,EVENT::Q1.2S.U1::20230316,FIELD_20230316_Q1.2S.U1_01,Q1.2S.U1,Q1.2S.U1,C01,2023-03-16,2023-03-16,1,2023-03-16,1,2023-03-16,2023-03-16,True,0.0,2023-03-16,RESOLVED_FIELD_DATE,RESOLVED_FIELD_EVENT,True,2023-03-16,6.334118486869904,12.213240656114765,21.758241076199784,60.93245791289068,151.19431391819603,316.8188479734319,428.44903600570706,0.4176756026427869,0.4143140458417535,0.3942139313432949,0.39774482815251866,0.3964109629028947,0.39264653262426447,0.4089503223220735,0.40381291334602143,0.39345892184567516,0.3943189059498222,0.37720894821132683,0.3495831739560002,9.480652487786609,9.752295517914906,9.72130086760379,9.463637879113802,9.51197825100868,25.416644365456754,54.80439452766682,123.18842332659429,246.80505499157601,381.13333065213493
EVENT::Q1.2S.U1::20230621,EVENT::Q1.2S.U1::20230621,FIELD_20230621_Q1.2S.U1_01,Q1.2S.U1,Q1.2S.U1,C02,2023-06-21,2023-06-21,1,2023-06-21,1,2023-06-21,2023-06-21,True,0.0,2023-06-21,RESOLVED_FIELD_DATE,RESOLVED_FIELD_EVENT,True,2023-06-21,0.0,0.0,0.8041590877941677,2.508232894397917,5.11239187774204,60.07464989079606,131.69542872790424,0.186738412963632,0.20324431297833548,0.21261649810345803,0.24832953500227045,0.29666155029277264,0.3276259854120096,0.2855686804784285,0.29165183786843185,0.2976907247254056,0.3144611462768868,0.33782716798751716,0.3583000506435974,7.524609910611663,7.833352736208768,8.120623026035068,8.481905024926046,8.751147602957618,24.922699252994075,49.63884580169798,106.33499089176256,212.43465368802836,325.3965337755363
EVENT::Q1.2S.U1::20231119,EVENT::Q1.2S.U1::20231119,FIELD_20231119_Q1.2S.U1_01,Q1.2S.U1,Q1.2S.U1,C03,2023-11-19,2023-11-19,1,2023-11-19,1,2023-11-19,2023-11-19,True,0.0,2023-11-19,RESOLVED_FIELD_DATE,RESOLVED_FIELD_EVENT,True,2023-11-19,6.88334020120757,8.537803421240481,12.040107585667146,24.062581495692335,31.982246299407315,88.46176765628515,111.46847113417019,0.3471337651012031,0.33803013392857145,0.33461097892637326,0.30906465342968187,0.28503819302097677,0.2548642926796986,0.2646688359504949,0.2613410624780505,0.25854927087138574,0.2501439796219901,0.24023841681507965,0.23400879987775064,11.430036478333998,11.001638214495651,10.829284451876093,10.713272614684278,10.345553142104174,35.63345619881084,69.39491793254896,148.1657298227955,296.04807125695174,434.7494014598042
EVENT::Q1.2S.U1::20240319,EVENT::Q1.2S.U1::20240319,FIELD_20240319_Q1.2S.U1_01,Q1.2S.U1,Q1.2S.U1,C04,2024-03-19,2024-03-19,1,2024-03-19,1,2024-03-19,2024-03-19,True,0.0,2024-03-19,RESOLVED_FIELD_DATE,RESOLVED_FIELD_EVENT,True,2024-03-19,5.745659204466001,22.222894287535127,37.67890678417115,77.19109820042338,194.88329538348177,299.8607219549871,422.51929822404475,0.3714605526198312,0.3551319851023482,0.371584719545809,0.3867232453156987,0.3898763276861505,0.3854098966611169,0.3787378298662071,0.38040772074482304,0.3907699150150549,0.3938818795713156,0.3856919972236598,0.37279602636379333,11.21772663075507,10.933181390413226,10.715776747285236,10.75827320799588,10.782389707898126,32.622388461766214,63.1528403286989,127.19352013630673,259.9692074635814,397.1081499247192
EVENT::Q1.2S.U1::20240621,EVENT::Q1.2S.U1::20240621,FIELD_20240621_Q1.2S.U1_01,Q1.2S.U1,Q1.2S.U1,C05,2024-06-21,2024-06-21,1,2024-06-21,1,2024-06-21,2024-06-21,True,0.0,2024-06-21,RESOLVED_FIELD_DATE,RESOLVED_FIELD_EVENT,True,2024-06-21,5.685812471877961,5.685812471877968,6.916921101155735,15.424953146349825,15.424953146349818,76.46146980380374,121.3673699516027,0.3680376078581764,0.2220100100428284,0.1943272279045846,0.2135216010405455,0.2613578057702566,0.30004277401832047,0.2861524464307722,0.27104164488939675,0.27276896669160483,0.2873786230375158,0.3119290815217416,0.3369120018203006,8.583294752915334,8.890872199260423,9.271720504148258,9.890620138711038,10.058657899594028,18.943828955895636,45.87009385486559,111.08526471205529,229.37550580914998,349.1206488254442
EVENT::Q1.2S.U1::20250222,EVENT::Q1.2S.U1::20250222,FIELD_20250222_Q1.2S.U1_01,Q1.2S.U1,Q1.2S.U1,C07,2025-02-22,2025-02-22,1,2025-02-22,1,2025-02-22,2025-02-22,True,0.0,2025-02-22,RESOLVED_FIELD_DATE,RESOLVED_FIELD_EVENT,True,2025-02-22,0.0,14.445437919525883,29.9711088804262,79.2740850562141,129.25983562386995,290.24684068815606,391.42386396839066,0.4085484727039961,0.41849211375968626,0.4175973422856098,0.4042144356435433,0.3979262008372988,0.39979330061641194,0.4195282349191419,0.4207405909394679,0.4141313919048482,0.40297614961598416,0.39807887846151063,0.3889288295165192,9.379700007544995,9.392473509788795,9.55599992405398,9.745524678080242,9.920541055859418,23.806523208673287,46.19756328060448,115.56328544554681,246.5459714304505,367.22881588115854
EVENT::Q1.2S.U2::20251127,EVENT::Q1.2S.U2::20251127,FIELD_20251127_Q1.2S.U2_01,Q1.2S.U2,Q1.2S.U2,C09,2025-11-27,2025-11-27,1,2025-11-27,1,2025-11-27,2025-11-27,True,0.0,2025-11-27,RESOLVED_FIELD_DATE,RESOLVED_FIELD_EVENT,True,2025-11-27,0.4707437515524881,2.7137737283261556,3.2667390918754142,5.641418237589067,27.295489868765195,84.15244567706429,129.6885702130336,0.3508500556725297,0.3070788190543996,0.3219225054236111,0.34827096776159894,0.34835400927426646,0.32928918794808765,0.3075957522089081,0.30478768914913357,0.3099750436346556,0.31245707571315084,0.30015324980736385,0.28767087228260924,10.511335992117496,10.548408410859594,10.350045582202304,9.91693458630632,9.537338733285194,34.405777866096166,71.97370500750623,144.26364982231502,276.3782488989692,406.41991212705653
EVENT::Q1.3N::20230321,EVENT::Q1.3N::20230321,FIELD_20230321_Q1.3N_01,Q1.3N,Q1.3N,C01,2023-03-21,2023-03-21,1,2023-03-21,1,2023-03-21,2023-03-21,True,0.0,2023-03-21,RESOLVED_FIELD_DATE,RESOLVED_FIELD_EVENT,True,2023-03-21,0.0,5.117947434030832,14.234707480385191,45.19317212346054,84.69681680060569,290.86238790232517,430.879135571775,0.412840918539117,0.41782867091436404,0.41134747768478747,0.39861652592320274,0.40015293438616817,0.3942144446188212,0.4130558792658165,0.4122292387416597,0.4044839941881065,0.39754720086383755,0.3848868648857356,0.3579601675898021,8.988238161876142,9.358897192577299,9.579246326341204,9.438623459337634,9.47824920849485,24.84972512274119,50.71634338425763,121.96683715705926,241.8100450166388,376.6774937424357
EVENT::Q1.3N::20230624,EVENT::Q1.3N::20230624,FIELD_20230624_Q1.3N_01,Q1.3N,Q1.3N,C02,2023-06-24,2023-06-24,1,2023-06-24,1,2023-06-24,2023-06-24,True,0.0,2023-06-24,RESOLVED_FIELD_DATE,RESOLVED_FIELD_EVENT,True,2023-06-24,5.095415535427274,5.095415535427278,5.095415535427274,5.899574623221442,10.207807413169313,64.6202172388633,117.86462265989255,0.1743478278893266,0.18835876259041193,0.20217790874016037,0.23700491158565645,0.28776962302323705,0.319619726190422,0.2796973895475354,0.28572836552774017,0.29213320419737826,0.3085549971091111,0.3332905541826075,0.3538655599848511,7.849832361747917,7.908514383191638,8.067710786793757,8.422678218442224,8.742731545941803,27.151321787710135,49.68645113568774,107.32985684120587,214.7591175199244,327.9224092388429
EVENT::Q1.3N::20231120,EVENT::Q1.3N::20231120,FIELD_20231120_Q1.3N_01,Q1.3N,Q1.3N,C03,2023-11-20,2023-11-20,1,2023-11-20,1,2023-11-20,2023-11-20,True,0.0,2023-11-20,RESOLVED_FIELD_DATE,RESOLVED_FIELD_EVENT,True,2023-11-20,1.5945708168049657,9.893698941738837,10.800928700183121,25.6571523124973,33.576817116212275,90.05633847309011,113.06304195097515,0.3524783727980303,0.3426048017355354,0.3347930548573669,0.31100941476105265,0.28608696459192606,0.2571800616180021,0.2664706026566051,0.262554330613178,0.2595019989764431,0.2509430818906868,0.24085410629791865,0.2344825101614355,11.424836556129884,11.051673732130729,10.88562475448248,10.742401871163668,10.35911866614561,35.96497051460895,69.5684900173562,149.14327782358046,296.51898662478936,434.5419729031579
EVENT::Q1.3N::20240323,EVENT::Q1.3N::20240323,FIELD_20240323_Q1.3N_01,Q1.3N,Q1.3N,C04,2024-03-23,2024-03-23,1,2024-03-23,1,2024-03-23,2024-03-23,True,0.0,2024-03-23,RESOLVED_FIELD_DATE,RESOLVED_FIELD_EVENT,True,2024-03-23,0.0,28.880386877627608,57.56645838561512,82.55509836049308,211.03699863098916,327.5274649308551,454.05885608795853,0.4176423728810569,0.39039472742183057,0.3718225472300892,0.3885758799930834,0.392355526940671,0.3869065538511315,0.3879828697821997,0.3812098479802503,0.3842500359461453,0.39303669510671696,0.3870571723544758,0.37509758483365674,10.85004745008794,11.087864410847716,10.61866755366098,10.752649353862827,10.757319076095468,26.984225377182053,61.355712742819264,121.97229791583354,255.55542628200067,392.1911963234747
EVENT::Q1.3N::20240624,EVENT::Q1.3N::20240624,FIELD_20240624_Q1.3N_01,Q1.3N,Q1.3N,C05,2024-06-24,2024-06-24,1,2024-06-24,1,2024-06-24,2024-06-24,True,0.0,2024-06-24,RESOLVED_FIELD_DATE,RESOLVED_FIELD_EVENT,True,2024-06-24,0.0,0.0,5.685812471877961,10.87559693413122,15.424953146349818,62.48177172199247,107.888618454703,0.2846621695281452,0.2842723191227428,0.22210027782378233,0.21585060871788223,0.2603968372847227,0.296782384728293,0.2823950958251952,0.2785030870256494,0.2740438891782794,0.28417924280724,0.30811588944696655,0.333406002125937,8.161675982340117,8.867211097152401,9.124864309968768,9.786332946659765,10.005069006762877,20.241449893899045,44.478486426648374,110.52413732674769,226.71078670920664,350.0788883236102
EVENT::Q1.3N::20250630,EVENT::Q1.3N::20250630,FIELD_20250630_Q1.3N_01,Q1.3N,Q1.3N,C08,2025-06-30,2025-06-30,1,2025-06-30,1,2025-06-30,2025-06-30,True,0.0,2025-06-30,RESOLVED_FIELD_DATE,RESOLVED_FIELD_EVENT,True,2025-06-30,0.0,0.0,0.33739334770610996,0.8796480227084458,24.29705171251581,51.06706941274198,115.37816007173735,0.295017080729637,0.2856106961557696,0.3046209323251999,0.2895154252294247,0.3079225874590276,0.3298045925041562,0.2876945223652098,0.28845179187933206,0.2922321464613124,0.2938500716234524,0.3090454695063978,0.3288440671396878,7.6248805932555275,7.811593561778893,7.859434752442879,8.415098263869801,8.781607624969473,20.43309049799263,41.960517924300504,91.14712093434582,190.27601970585783,299.1148050379202
EVENT::Q1.3S.L::20240624,EVENT::Q1.3S.L::20240624,FIELD_20240624_Q1.3S.L_01,Q1.3S.L,Q1.3S.L,C05,2024-06-24,2024-06-24,1,2024-06-24,1,2024-06-24,2024-06-24,True,0.0,2024-06-24,RESOLVED_FIELD_DATE,RESOLVED_FIELD_EVENT,True,2024-06-24,0.0,0.0,5.685812471877961,10.87559693413122,15.424953146349818,62.48177172199247,107.888618454703,0.2846621695281452,0.2842723191227428,0.22210027782378233,0.21585060871788223,0.2603968372847227,0.296782384728293,0.2823950958251952,0.2785030870256494,0.2740438891782794,0.28417924280724,0.30811588944696655,0.333406002125937,8.161675982340117,8.867211097152401,9.124864309968768,9.786332946659765,10.005069006762877,20.241449893899045,44.478486426648374,110.52413732674769,226.71078670920664,350.0788883236102
EVENT::Q1.3S.L::20250630,EVENT::Q1.3S.L::20250630,FIELD_20250630_Q1.3S.L_01,Q1.3S.L,Q1.3S.L,C08,2025-06-30,2025-06-30,1,2025-06-30,1,2025-06-30,2025-06-30,True,0.0,2025-06-30,RESOLVED_FIELD_DATE,RESOLVED_FIELD_EVENT,True,2025-06-30,0.0,0.0,0.33739334770610996,0.8796480227084458,24.29705171251581,51.06706941274198,115.37816007173735,0.295017080729637,0.2856106961557696,0.3046209323251999,0.2895154252294247,0.3079225874590276,0.3298045925041562,0.2876945223652098,0.28845179187933206,0.2922321464613124,0.2938500716234524,0.3090454695063978,0.3288440671396878,7.6248805932555275,7.811593561778893,7.859434752442879,8.415098263869801,8.781607624969473,20.43309049799263,41.960517924300504,91.14712093434582,190.27601970585783,299.1148050379202
EVENT::Q1.3S.U::20240323,EVENT::Q1.3S.U::20240323,FIELD_20240323_Q1.3S.U_01,Q1.3S.U,Q1.3S.U,C04,2024-03-23,2024-03-23,1,2024-03-23,1,2024-03-23,2024-03-23,True,0.0,2024-03-23,RESOLVED_FIELD_DATE,RESOLVED_FIELD_EVENT,True,2024-03-23,0.0,28.880386877627608,57.56645838561512,82.55509836049308,211.03699863098916,327.5274649308551,454.05885608795853,0.4176423728810569,0.39039472742183057,0.3718225472300892,0.3885758799930834,0.392355526940671,0.3869065538511315,0.3879828697821997,0.3812098479802503,0.3842500359461453,0.39303669510671696,0.3870571723544758,0.37509758483365674,10.85004745008794,11.087864410847716,10.61866755366098,10.752649353862827,10.757319076095468,26.984225377182053,61.355712742819264,121.97229791583354,255.55542628200067,392.1911963234747
EVENT::Q2.1L1::20231121,EVENT::Q2.1L1::20231121,FIELD_20231121_Q2.1L1_01,Q2.1L1,Q2.1L1,C03,2023-11-21,2023-11-21,1,2023-11-21,1,2023-11-21,2023-11-21,True,0.0,2023-11-21,RESOLVED_FIELD_DATE,RESOLVED_FIELD_EVENT,True,2023-11-21,0.4545378972377096,8.93244891525025,11.255466597420831,26.11169020973501,34.03135501344999,90.51087637032782,113.51757984821286,0.347648120799276,0.3464479895291695,0.33565041279287466,0.31222536739969226,0.28747273416341534,0.2594806883478542,0.2671528811445585,0.26385679977379184,0.26037195706807187,0.2516796322444653,0.2415008473282987,0.23497648418396294,11.367003925910462,11.060775075325013,10.930928910414092,10.763199033045073,10.367453657046982,35.860067717946336,68.89309290516583,149.55528933188816,296.5391517288423,434.4747914916518
EVENT::Q2.1L1::20240327,EVENT::Q2.1L1::20240327,FIELD_20240327_Q2.1L1_01,Q2.1L1,Q2.1L1,C04,2024-03-27,2024-03-27,1,2024-03-27,1,2024-03-27,2024-03-27,True,0.0,2024-03-27,RESOLVED_FIELD_DATE,RESOLVED_FIELD_EVENT,True,2024-03-27,6.521554405490558,20.00030590239026,48.88069278001785,89.37879588916189,198.41589619077385,333.51277358829975,464.11654635394615,0.4288541209491001,0.4055749602859879,0.3826121220797374,0.3912849524270745,0.3930696802868166,0.3907423501248483,0.3972059085603394,0.38815765860715307,0.38367980787716643,0.3940190891481471,0.38875132074827706,0.37817726280091524,10.488767268156977,10.824413522373328,10.583645398599971,10.700041685612774,10.736186334107343,24.30709335156259,55.96038669003227,119.9165628738486,251.892464396926,386.83892299846417
EVENT::Q2.1L1::20240626,EVENT::Q2.1L1::20240626,FIELD_20240626_Q2.1L1_01,Q2.1L1,Q2.1L1,C05,2024-06-26,2024-06-26,1,2024-06-26,1,2024-06-26,2024-06-26,True,0.0,2024-06-26,RESOLVED_FIELD_DATE,RESOLVED_FIELD_EVENT,True,2024-06-26,0.0,0.0,5.685812471877961,7.745401491721478,15.424953146349818,62.48177172199247,101.36706404921244,0.2561125268366525,0.30594947913642623,0.2361695326099768,0.21630759548513107,0.2591340608296673,0.29313870362412664,0.2784622783697639,0.28224910155951793,0.27491296444784463,0.28216706295295174,0.305684051287044,0.3307001624972017,8.151109725044957,8.730845968696412,8.97879270456815,9.698741383574012,9.970166354096715,23.090343556307644,44.5297162742973,109.66746026725438,224.51230246207618,350.73190733704257
EVENT::Q2.1L1::20241126,EVENT::Q2.1L1::20241126,FIELD_20241126_Q2.1L1_01,Q2.1L1,Q2.1L1,C06,2024-11-26,2024-11-26,1,2024-11-26,1,2024-11-26,2024-11-26,True,0.0,2024-11-26,RESOLVED_FIELD_DATE,RESOLVED_FIELD_EVENT,True,2024-11-26,2.8722382368785992,4.936500925748131,10.559454632302124,33.659432278502564,74.2090860703694,127.01341324368313,139.94371264948583,0.3990528128739725,0.3987603879257105,0.4030988915315056,0.35921950723088236,0.30322116816281197,0.26259867064423537,0.3395954418733629,0.32897914418168794,0.31673729377576476,0.2766209578823415,0.24809130815396951,0.23775593089587777,10.06739981872073,10.056381259658881,10.484190115196727,10.448728590924256,10.183572899343341,27.24608072655738,54.270191968693204,133.57744165669288,284.64999362137274,429.42655441819585
EVENT::Q2.1L2::20251202,EVENT::Q2.1L2::20251202,FIELD_20251202_Q2.1L2_01,Q2.1L2,Q2.1L2,C09,2025-12-02,2025-12-02,1,2025-12-02,1,2025-12-02,2025-12-02,True,0.0,2025-12-02,RESOLVED_FIELD_DATE,RESOLVED_FIELD_EVENT,True,2025-12-02,0.0,1.6617899547730322,5.299304085207128,6.167897662896964,20.355035757330672,87.05360424808583,132.58972878405515,0.3445187864505715,0.34064031926981186,0.3218256803114093,0.3427079251582758,0.3490684825943767,0.3330370012633271,0.3074983185931666,0.30726367123554205,0.3068610740869523,0.31229631991499723,0.3033603057940954,0.2902945096631091,10.607788559703394,10.638099563256349,10.539893398640187,10.055441313396322,9.686364886480511,35.94106078320156,73.90802198579546,150.3983876436432,283.807587330741,412.60261958561875
EVENT::Q2.1M::20230317,EVENT::Q2.1M::20230317,FIELD_20230317_Q2.1M_01,Q2.1M,Q2.1M,C01,2023-03-17,2023-03-17,1,2023-03-17,1,2023-03-17,2023-03-17,True,0.0,2023-03-17,RESOLVED_FIELD_DATE,RESOLVED_FIELD_EVENT,True,2023-03-17,0.0,9.116760046354369,21.758241076199784,60.31489269825674,151.02772397760833,316.8188479734319,428.44903600570706,0.4294678719287203,0.4152441127156541,0.39935983799063657,0.3987286391898309,0.39787266767400153,0.39318376850249853,0.4141404937273735,0.4060011156052227,0.3955118926694299,0.3951602313409803,0.3788315407631101,0.3513780162487058,9.427832953056441,9.65281293093586,9.682282803191868,9.451329237387306,9.511888749807223,25.400436682508168,52.96429414625113,121.45992523500684,244.2377916391874,379.6761538510378
EVENT::Q2.1M::20230619,EVENT::Q2.1M::20230619,FIELD_20230619_Q2.1M_01,Q2.1M,Q2.1M,C02,2023-06-19,2023-06-19,1,2023-06-19,1,2023-06-19,2023-06-19,True,0.0,2023-06-19,RESOLVED_FIELD_DATE,RESOLVED_FIELD_EVENT,True,2023-06-19,0.0,0.0,0.8041590877941677,4.871289972038496,5.11239187774204,60.07464989079606,138.3438363155971,0.1984281374539943,0.2117606839495783,0.2197106516528582,0.2559093018411135,0.3022182444386859,0.3324766067181478,0.2898224273858042,0.295310618465937,0.3014924511803171,0.3185206796270038,0.34082748534546187,0.36106201012133016,7.613013447016842,7.840605298395916,8.252439579017386,8.542298938834547,8.783702603133758,23.667526038395874,49.237811453425124,106.87199803446069,212.8036525208137,325.2705236993773
EVENT::Q2.1U__LOC1::20250225,EVENT::Q2.1U__LOC1::20250225,FIELD_20250225_Q2.1U_01,Q2.1U__LOC1,Q2.1U__LOC1,C07,2025-02-25,2025-02-25,1,2025-02-25,1,2025-02-25,2025-02-25,True,0.0,2025-02-25,RESOLVED_FIELD_DATE,RESOLVED_FIELD_EVENT,True,2025-02-25,1.2586338676157451,38.554000413134,54.43842773565224,97.17132378298612,159.58557925391054,326.20822987002543,427.105626144646,0.385114603648985,0.41154137991231365,0.41644250463920945,0.40748766284763765,0.39860404216102396,0.39996181239767364,0.4136836703526491,0.42036076210498674,0.4185452343719969,0.40620594515766784,0.3993415360729435,0.3916046378593632,9.574952015245472,9.430843827562382,9.592464347550273,9.711614476340527,9.892967658062325,28.67235471575246,49.353299845505305,115.27117733665973,247.0471724609419,366.9942189761669
EVENT::Q2.1U__LOC1::20250701,EVENT::Q2.1U__LOC1::20250701,FIELD_20250701_Q2.1U_01,Q2.1U__LOC1,Q2.1U__LOC1,C08,2025-07-01,2025-07-01,2,2025-06-30 | 2025-07-01,1,2025-07-01,2025-07-01,True,0.0,2025-07-01,RESOLVED_FIELD_DATE,RESOLVED_FIELD_EVENT,True,2025-07-01,1.800026917031833,1.8000269170318473,1.8000269170318295,2.679674939740279,26.097078629547646,52.867096329773815,96.45667329452826,0.2937281944848209,0.28828930821984455,0.30042524571396445,0.28894231474085647,0.30671003466626345,0.3284815398918385,0.2872997638944944,0.28809671369952133,0.29167187747173057,0.29322442036495805,0.3081166659412126,0.3278210228307679,7.606625512792775,7.851429463561648,7.850573809972257,8.39447429046927,8.773240360063214,20.471471108797658,42.171235330876584,91.30614892595766,189.55196358392692,300.3445449419793
EVENT::Q2.1U__LOC2::20260320,EVENT::Q2.1U__LOC2::20260320,FIELD_20260320_Q2.1U_01,Q2.1U__LOC2,Q2.1U__LOC2,C10,2026-03-20,2026-03-20,1,2026-03-20,1,2026-03-20,2026-03-20,True,0.0,2026-03-20,RESOLVED_FIELD_DATE,RESOLVED_FIELD_EVENT,True,2026-03-20,4.453956256310145,17.393669872056883,31.607982076704495,75.52578803790469,131.2050406256957,319.743320829989,418.96306259096383,0.4083333539135883,0.40694306738738206,0.4051464423639794,0.3991171243333173,0.4035931338541156,0.37960768209435747,0.404540307590727,0.39841775430059284,0.39596681662836974,0.396057562388896,0.39256061081834226,0.36462225322359965,10.411630400225338,10.160542894400702,10.120305126633667,9.91277452663652,10.005085779058193,28.509563147332628,54.6548692994035,126.31777394024621,244.10800993270266,384.74152194109956
EVENT::Q2.2.L1::20240629,EVENT::Q2.2.L1::20240629,FIELD_20240629_Q2.2.L1_01,Q2.2.L1,Q2.2.L1,C05,2024-06-29,2024-06-29,1,2024-06-29,1,2024-06-29,2024-06-29,True,0.0,2024-06-29,RESOLVED_FIELD_DATE,RESOLVED_FIELD_EVENT,True,2024-06-29,0.0,0.0,0.0,5.685812471877968,15.424953146349818,62.39482166148013,101.36706404921244,0.231227014795204,0.26110703447059985,0.2534216453705548,0.21634255950084919,0.2567857260878605,0.28777553327230077,0.2734829950057012,0.27868385777997134,0.27614246269706977,0.2793109963428691,0.3021972048103464,0.32640229902755413,8.740747370091233,8.545322460160932,8.913536013834149,9.641130353245302,9.935456093616871,25.118919294004495,44.296271926750336,108.60171565258433,223.2914764240298,349.48971367984836
EVENT::Q2.2.L1::20241126,EVENT::Q2.2.L1::20241126,FIELD_20241126_Q2.2.L1_01,Q2.2.L1,Q2.2.L1,C06,2024-11-26,2024-11-26,1,2024-11-26,1,2024-11-26,2024-11-26,True,0.0,2024-11-26,RESOLVED_FIELD_DATE,RESOLVED_FIELD_EVENT,True,2024-11-26,2.8722382368785992,4.936500925748131,10.559454632302124,33.659432278502564,74.2090860703694,127.01341324368313,139.94371264948583,0.3990528128739725,0.3987603879257105,0.4030988915315056,0.35921950723088236,0.30322116816281197,0.26259867064423537,0.3395954418733629,0.32897914418168794,0.31673729377576476,0.2766209578823415,0.24809130815396951,0.23775593089587777,10.06739981872073,10.056381259658881,10.484190115196727,10.448728590924256,10.183572899343341,27.24608072655738,54.270191968693204,133.57744165669288,284.64999362137274,429.42655441819585
EVENT::Q2.2.L1::20250226,EVENT::Q2.2.L1::20250226,FIELD_20250226_Q2.2.L1_01,Q2.2.L1,Q2.2.L1,C07,2025-02-26,2025-02-26,1,2025-02-26,1,2025-02-26,2025-02-26,True,0.0,2025-02-26,RESOLVED_FIELD_DATE,RESOLVED_FIELD_EVENT,True,2025-02-26,0.224288323694574,1.4829221913103334,53.22372665635444,85.6329134733505,159.80986757760513,326.43251819372006,419.8278962163964,0.3756188335675954,0.40590939362975076,0.41303978601566455,0.406703219355569,0.3985455692465212,0.3997723055712749,0.4075812770130546,0.4184692460723465,0.41857231402114964,0.40689275358882404,0.3996233798096251,0.39234525132470194,9.720499720889766,9.536123223466209,9.60863594711786,9.704818560392662,9.883513902367344,28.928215922303277,52.29104538528905,115.87677577327442,246.49414075592347,366.92586795270785
EVENT::Q2.2.L1::20250701,EVENT::Q2.2.L1::20250701,FIELD_20250701_Q2.2.L1_01,Q2.2.L1,Q2.2.L1,C08,2025-07-01,2025-07-01,2,2025-06-30 | 2025-07-01,1,2025-07-01,2025-07-01,True,0.0,2025-07-01,RESOLVED_FIELD_DATE,RESOLVED_FIELD_EVENT,True,2025-07-01,1.800026917031833,1.8000269170318473,1.8000269170318295,2.679674939740279,26.097078629547646,52.867096329773815,96.45667329452826,0.2937281944848209,0.28828930821984455,0.30042524571396445,0.28894231474085647,0.30671003466626345,0.3284815398918385,0.2872997638944944,0.28809671369952133,0.29167187747173057,0.29322442036495805,0.3081166659412126,0.3278210228307679,7.606625512792775,7.851429463561648,7.850573809972257,8.39447429046927,8.773240360063214,20.471471108797658,42.171235330876584,91.30614892595766,189.55196358392692,300.3445449419793
EVENT::Q2.2.L1::20251203,EVENT::Q2.2.L1::20251203,FIELD_20251203_Q2.2.L1_01,Q2.2.L1,Q2.2.L1,C09,2025-12-03,2025-12-03,1,2025-12-03,1,2025-12-03,2025-12-03,True,0.0,2025-12-03,RESOLVED_FIELD_DATE,RESOLVED_FIELD_EVENT,True,2025-12-03,7.486531112165678,7.486531112165693,10.858433434739709,13.654428775062643,27.84156686949635,94.54013536025151,140.07625989622085,0.3776051185034603,0.34839931900692206,0.32475515518377474,0.3435722647527891,0.3493910847677967,0.33399440362759203,0.3109527776420461,0.3081219901849571,0.3066395493482972,0.3123006939958438,0.30388227304312837,0.29085577914720423,10.574444956612817,10.62338245070544,10.521105623949643,10.072411168747117,9.71186928202934,35.080632119509524,71.53276857957674,149.80370094838167,282.80232312706846,412.09491234638784
EVENT::Q2.2.L1::20260323,EVENT::Q2.2.L1::20260323,FIELD_20260323_Q2.2.L1_01,Q2.2.L1,Q2.2.L1,C10,2026-03-23,2026-03-23,1,2026-03-23,1,2026-03-23,2026-03-23,True,0.0,2026-03-23,RESOLVED_FIELD_DATE,RESOLVED_FIELD_EVENT,True,2026-03-23,7.038060110239756,37.64226432357517,56.60655074069897,104.08229141185683,167.7749619514105,326.08846081385303,456.605326914539,0.4217153780722204,0.41608444757773916,0.4086469783620207,0.4012685250225324,0.40369293185940286,0.38274565435175567,0.4143424529147285,0.4051593519746846,0.3998332547655848,0.397021434662659,0.3950598460297287,0.367839914125897,10.156295917278959,10.106846137851411,10.148467210660652,9.89648470305909,9.926772252203104,26.29921313999705,53.900103219327214,123.75279757156537,242.17687762541576,376.4004464008215
EVENT::Q2.2.L2::20240324,EVENT::Q2.2.L2::20240324,FIELD_20240324_Q2.2.L2_01,Q2.2.L2,Q2.2.L2,C04,2024-03-24,2024-03-24,1,2024-03-24,1,2024-03-24,2024-03-24,True,0.0,2024-03-24,RESOLVED_FIELD_DATE,RESOLVED_FIELD_EVENT,True,2024-03-24,0.0,13.946698271092924,41.089223302546,73.02247088225116,211.03699863098916,327.5274649308551,450.94732884051547,0.4013399186621281,0.3940976896530138,0.37389168291750796,0.3901479065686215,0.39268804420319287,0.38761180374612636,0.3891836612532364,0.38292570430714656,0.38364883672229644,0.393356704795215,0.38751158281986575,0.37580203827033326,10.820149340788408,11.060962149055433,10.591972715393757,10.740028965373662,10.747939831132038,27.469586688659096,60.65591963040346,121.1055023218855,254.4850239347171,391.3158797201393
EVENT::Q2.2.M::20230621,EVENT::Q2.2.M::20230621,FIELD_20230621_Q2.2.M_01,Q2.2.M,Q2.2.M,C02,2023-06-21,2023-06-21,1,2023-06-21,1,2023-06-21,2023-06-21,True,0.0,2023-06-21,RESOLVED_FIELD_DATE,RESOLVED_FIELD_EVENT,True,2023-06-21,0.0,0.0,0.8041590877941677,2.508232894397917,5.11239187774204,60.07464989079606,131.69542872790424,0.186738412963632,0.20324431297833548,0.21261649810345803,0.24832953500227045,0.29666155029277264,0.3276259854120096,0.2855686804784285,0.29165183786843185,0.2976907247254056,0.3144611462768868,0.33782716798751716,0.3583000506435974,7.524609910611663,7.833352736208768,8.120623026035068,8.481905024926046,8.751147602957618,24.922699252994075,49.63884580169798,106.33499089176256,212.43465368802836,325.3965337755363
EVENT::Q2.2.M::20231124,EVENT::Q2.2.M::20231124,FIELD_20231124_Q2.2.M_01,Q2.2.M,Q2.2.M,C03,2023-11-24,2023-11-24,1,2023-11-24,1,2023-11-24,2023-11-24,True,0.0,2023-11-24,RESOLVED_FIELD_DATE,RESOLVED_FIELD_EVENT,True,2023-11-24,0.0,0.05921441955226155,10.407451258528802,14.148430719262077,31.317980984846752,79.70414520374365,108.8950271656116,0.323334262090841,0.33420492760773496,0.333442769889296,0.31590215956161777,0.2917382185169727,0.26538710486988415,0.2638931749964954,0.2648398980325225,0.2621855787518199,0.2538211388940143,0.24341964476186642,0.2364048217376532,11.068603511634977,11.129635868550292,10.931430498636475,10.780185407358044,10.377603913251884,35.723532253951696,71.86051415053406,149.53593703019135,296.387987114446,436.30558730377624
EVENT::Q2.2.U::20230318,EVENT::Q2.2.U::20230318,FIELD_20230318_Q2.2.U_01,Q2.2.U,Q2.2.U,C01,2023-03-18,2023-03-18,1,2023-03-18,1,2023-03-18,2023-03-18,True,0.0,2023-03-18,RESOLVED_FIELD_DATE,RESOLVED_FIELD_EVENT,True,2023-03-18,0.0,6.334118486869908,17.133990207598327,60.31489269825674,145.19461583488044,316.8188479734319,428.44903600570706,0.4196375955276635,0.41497787719188955,0.40421226626416384,0.3988577214892123,0.399373184968511,0.3933031450066211,0.4162049602589396,0.4077480292011809,0.39795178342252724,0.39596049563335,0.3805232398174631,0.3530926256055266,9.328308282605969,9.518192579698363,9.657661392050235,9.436180036283897,9.505485473703072,25.22057230245171,51.545759501484774,122.02187972089457,242.3297237454122,379.0041021787362
EVENT::Q2.3.U::20230319,EVENT::Q2.3.U::20230319,FIELD_20230319_Q2.3.U_01,Q2.3.U,Q2.3.U,C01,2023-03-19,2023-03-19,1,2023-03-19,1,2023-03-19,2023-03-19,True,0.0,2023-03-19,RESOLVED_FIELD_DATE,RESOLVED_FIELD_EVENT,True,2023-03-19,0.1975334684054057,0.19753346840540925,12.410774124520167,40.27275815783512,129.36565053285588,304.06712225576246,428.6465694741124,0.4058471672337408,0.4147668655273705,0.40731749835173153,0.398891615209169,0.3998690798715972,0.3934878935065624,0.4138862261836468,0.40919454260631066,0.4003413145147733,0.39659743674075515,0.382118329758053,0.3547350136232794,9.114881336685738,9.409936567538068,9.610159454639728,9.423163242805618,9.490783832364686,25.17705617440229,52.60649978080926,121.19367740230064,242.5857835766897,378.0297791596093
EVENT::Q2.3.U::20230625,EVENT::Q2.3.U::20230625,FIELD_20230625_Q2.3.U_01,Q2.3.U,Q2.3.U,C02,2023-06-25,2023-06-25,1,2023-06-25,1,2023-06-25,2023-06-25,True,0.0,2023-06-25,RESOLVED_FIELD_DATE,RESOLVED_FIELD_EVENT,True,2023-06-25,0.0,5.095415535427278,5.095415535427274,5.899574623221442,10.207807413169313,64.6202172388633,105.8103801624938,0.1699622233249318,0.1834028697099168,0.1988323189619648,0.23242757021806598,0.2845845241460879,0.3168960275652066,0.2776645324868733,0.28369096360126533,0.2903235978001311,0.30653278989185484,0.33172401098999826,0.35234087466846514,8.070628524200687,7.933360267742084,8.07704468422698,8.408089729877513,8.741860324538688,27.39224001506849,50.327336684816835,108.18513090899914,214.5583671813755,329.52248020840517
EVENT::Q2.3.U::20231122,EVENT::Q2.3.U::20231122,FIELD_20231122_Q2.3.U_01,Q2.3.U,Q2.3.U,C03,2023-11-22,2023-11-22,1,2023-11-22,1,2023-11-22,2023-11-22,True,0.0,2023-11-22,RESOLVED_FIELD_DATE,RESOLVED_FIELD_EVENT,True,2023-11-22,0.0,2.0491087140426787,11.255466597420831,26.11169020973501,34.03135501344999,90.51087637032782,113.51757984821286,0.3211604065059008,0.3443211965773541,0.3360204027271979,0.31321815841076994,0.2888023779494837,0.2615162056228941,0.2651076454280199,0.2646085771581144,0.26118353377483183,0.25238636054453667,0.24214285744561087,0.23545911684814133,11.2743780892643,11.045533742728809,10.948779001033857,10.774606773802793,10.375783381118094,36.654717789564515,70.28145489492857,150.29541691603686,298.0030184191775,436.29096965224755
EVENT::Q2.3.U::20240325,EVENT::Q2.3.U::20240325,FIELD_20240325_Q2.3.U_01,Q2.3.U,Q2.3.U,C04,2024-03-25,2024-03-25,1,2024-03-25,1,2024-03-25,2024-03-25,True,0.0,2024-03-25,RESOLVED_FIELD_DATE,RESOLVED_FIELD_EVENT,True,2024-03-25,0.0,0.0,41.089223302546,73.02247088225116,185.8680174308164,324.6400470698164,445.14765590695396,0.4032390388679871,0.3966634300435636,0.37608376620329675,0.39124992863061564,0.39294401761730585,0.3885072459043463,0.3897855249673184,0.3842816161059361,0.3833166218355211,0.3937179078743407,0.38796451568174756,0.37654542180818595,10.786079863178955,11.026287431609314,10.59215483644031,10.72959433820821,10.740073393754566,27.43313254820818,60.250142879913305,121.38591129655782,254.20049263562768,389.61439911340705
EVENT::Q2.3.U::20240630,EVENT::Q2.3.U::20240630,FIELD_20240630_Q2.3.U_01,Q2.3.U,Q2.3.U,C05,2024-06-30,2024-06-30,1,2024-06-30,1,2024-06-30,2024-06-30,True,0.0,2024-06-30,RESOLVED_FIELD_DATE,RESOLVED_FIELD_EVENT,True,2024-06-30,0.0,0.0,0.0,5.685812471877968,15.424953146349818,62.39482166148013,100.59644674546352,0.2313042275019004,0.2515154916525477,0.2587429692913866,0.2165488650420574,0.2553388973498237,0.2858923927361029,0.2726258933153686,0.277073523460785,0.27657454536074677,0.2784346844275639,0.3010088321664965,0.3249793321809174,8.755048722640716,8.496351078210923,8.91064605712893,9.616948750544319,9.917917553104004,24.106877689072164,43.45800774979453,106.94092792065847,221.79555225406767,348.6386158562809
EVENT::Q2.3L::20241129,EVENT::Q2.3L::20241129,FIELD_20241129_Q2.3L_01,Q2.3L,Q2.3L,C06,2024-11-29,2024-11-29,1,2024-11-29,1,2024-11-29,2024-11-29,True,0.0,2024-11-29,RESOLVED_FIELD_DATE,RESOLVED_FIELD_EVENT,True,2024-11-29,1.262218113101664,8.76423636504583,15.884368096433933,37.162091496799675,82.55788301774079,120.95682960214272,144.82666959368117,0.4189088376730622,0.4027727296652296,0.40000104418543786,0.3691674851728083,0.311238996080657,0.2708921702815133,0.348278624988475,0.3388287124612788,0.32812658624415414,0.28780026381461365,0.2544121907931837,0.24190686501233685,10.363081081504848,10.248004779663441,10.523449132866661,10.504415925956362,10.24221107656048,28.991916491461623,55.94540551046415,132.63828089902165,284.91306255404663,428.7549112788859
EVENT::Q2.3L::20250226,EVENT::Q2.3L::20250226,FIELD_20250226_Q2.3L_01,Q2.3L,Q2.3L,C07,2025-02-26,2025-02-26,1,2025-02-26,1,2025-02-26,2025-02-26,True,0.0,2025-02-26,RESOLVED_FIELD_DATE,RESOLVED_FIELD_EVENT,True,2025-02-26,0.224288323694574,1.4829221913103334,53.22372665635444,85.6329134733505,159.80986757760513,326.43251819372006,419.8278962163964,0.3756188335675954,0.40590939362975076,0.41303978601566455,0.406703219355569,0.3985455692465212,0.3997723055712749,0.4075812770130546,0.4184692460723465,0.41857231402114964,0.40689275358882404,0.3996233798096251,0.39234525132470194,9.720499720889766,9.536123223466209,9.60863594711786,9.704818560392662,9.883513902367344,28.928215922303277,52.29104538528905,115.87677577327442,246.49414075592347,366.92586795270785
EVENT::Q2.3L::20250702,EVENT::Q2.3L::20250702,FIELD_20250702_Q2.3L_01,Q2.3L,Q2.3L,C08,2025-07-02,2025-07-02,1,2025-07-02,1,2025-07-02,2025-07-02,True,0.0,2025-07-02,RESOLVED_FIELD_DATE,RESOLVED_FIELD_EVENT,True,2025-07-02,0.0411517897107495,1.8411787067425966,1.8411787067425789,2.720826729451028,25.6414813463462,38.7588142710808,96.49782508423901,0.2852621243868259,0.28927309743438645,0.29523077333987396,0.28772065977906286,0.305448748870928,0.3270143392943029,0.2861377261828824,0.28766177204992033,0.29081068241330427,0.2925404023934267,0.3071871409088507,0.32673447186358345,7.596084035804659,7.90979596449594,7.854752411104297,8.383729279921791,8.7637203220228,19.826491530230967,42.95561729655789,90.78323022823113,190.05987005082167,300.2226529696773
EVENT::Q2.3L::20251204,EVENT::Q2.3L::20251204,FIELD_20251204_Q2.3L_01,Q2.3L,Q2.3L,C09,2025-12-04,2025-12-04,1,2025-12-04,1,2025-12-04,2025-12-04,True,0.0,2025-12-04,RESOLVED_FIELD_DATE,RESOLVED_FIELD_EVENT,True,2025-12-04,0.0,7.486531112165693,10.387689683187219,13.654428775062643,26.018733415880845,94.54013536025151,140.07625989622085,0.3735435904795035,0.35164125255077555,0.32936003580258755,0.34389880761628583,0.3499659954161695,0.33489261056340186,0.3142039397134946,0.30906601697132663,0.30692685306023015,0.3123901969956218,0.3044695131605683,0.29145165152356795,10.654282744134935,10.582809368126219,10.516879222847844,10.086138500245495,9.742565953371711,36.618704266975385,71.02448213307154,151.37261229787947,283.5088632354847,413.8323403248897
EVENT::Q2.4::20230319,EVENT::Q2.4::20230319,FIELD_20230319_Q2.4_01,Q2.4,Q2.4,C01,2023-03-19,2023-03-19,1,2023-03-19,1,2023-03-19,2023-03-19,True,0.0,2023-03-19,RESOLVED_FIELD_DATE,RESOLVED_FIELD_EVENT,True,2023-03-19,0.1975334684054057,0.19753346840540925,12.410774124520167,40.27275815783512,129.36565053285588,304.06712225576246,428.6465694741124,0.4058471672337408,0.4147668655273705,0.40731749835173153,0.398891615209169,0.3998690798715972,0.3934878935065624,0.4138862261836468,0.40919454260631066,0.4003413145147733,0.39659743674075515,0.382118329758053,0.3547350136232794,9.114881336685738,9.409936567538068,9.610159454639728,9.423163242805618,9.490783832364686,25.17705617440229,52.60649978080926,121.19367740230064,242.5857835766897,378.0297791596093
EVENT::Q2.4::20230625,EVENT::Q2.4::20230625,FIELD_20230625_Q2.4_01,Q2.4,Q2.4,C02,2023-06-25,2023-06-25,1,2023-06-25,1,2023-06-25,2023-06-25,True,0.0,2023-06-25,RESOLVED_FIELD_DATE,RESOLVED_FIELD_EVENT,True,2023-06-25,0.0,5.095415535427278,5.095415535427274,5.899574623221442,10.207807413169313,64.6202172388633,105.8103801624938,0.1699622233249318,0.1834028697099168,0.1988323189619648,0.23242757021806598,0.2845845241460879,0.3168960275652066,0.2776645324868733,0.28369096360126533,0.2903235978001311,0.30653278989185484,0.33172401098999826,0.35234087466846514,8.070628524200687,7.933360267742084,8.07704468422698,8.408089729877513,8.741860324538688,27.39224001506849,50.327336684816835,108.18513090899914,214.5583671813755,329.52248020840517
EVENT::Q2.4::20231122,EVENT::Q2.4::20231122,FIELD_20231122_Q2.4_01,Q2.4,Q2.4,C03,2023-11-22,2023-11-22,1,2023-11-22,1,2023-11-22,2023-11-22,True,0.0,2023-11-22,RESOLVED_FIELD_DATE,RESOLVED_FIELD_EVENT,True,2023-11-22,0.0,2.0491087140426787,11.255466597420831,26.11169020973501,34.03135501344999,90.51087637032782,113.51757984821286,0.3211604065059008,0.3443211965773541,0.3360204027271979,0.31321815841076994,0.2888023779494837,0.2615162056228941,0.2651076454280199,0.2646085771581144,0.26118353377483183,0.25238636054453667,0.24214285744561087,0.23545911684814133,11.2743780892643,11.045533742728809,10.948779001033857,10.774606773802793,10.375783381118094,36.654717789564515,70.28145489492857,150.29541691603686,298.0030184191775,436.29096965224755
EVENT::Q2.4::20240325,EVENT::Q2.4::20240325,FIELD_20240325_Q2.4_01,Q2.4,Q2.4,C04,2024-03-25,2024-03-25,1,2024-03-25,1,2024-03-25,2024-03-25,True,0.0,2024-03-25,RESOLVED_FIELD_DATE,RESOLVED_FIELD_EVENT,True,2024-03-25,0.0,0.0,41.089223302546,73.02247088225116,185.8680174308164,324.6400470698164,445.14765590695396,0.4032390388679871,0.3966634300435636,0.37608376620329675,0.39124992863061564,0.39294401761730585,0.3885072459043463,0.3897855249673184,0.3842816161059361,0.3833166218355211,0.3937179078743407,0.38796451568174756,0.37654542180818595,10.786079863178955,11.026287431609314,10.59215483644031,10.72959433820821,10.740073393754566,27.43313254820818,60.250142879913305,121.38591129655782,254.20049263562768,389.61439911340705
EVENT::Q2.4::20240630,EVENT::Q2.4::20240630,FIELD_20240630_Q2.4_01,Q2.4,Q2.4,C05,2024-06-30,2024-06-30,1,2024-06-30,1,2024-06-30,2024-06-30,True,0.0,2024-06-30,RESOLVED_FIELD_DATE,RESOLVED_FIELD_EVENT,True,2024-06-30,0.0,0.0,0.0,5.685812471877968,15.424953146349818,62.39482166148013,100.59644674546352,0.2313042275019004,0.2515154916525477,0.2587429692913866,0.2165488650420574,0.2553388973498237,0.2858923927361029,0.2726258933153686,0.277073523460785,0.27657454536074677,0.2784346844275639,0.3010088321664965,0.3249793321809174,8.755048722640716,8.496351078210923,8.91064605712893,9.616948750544319,9.917917553104004,24.106877689072164,43.45800774979453,106.94092792065847,221.79555225406767,348.6386158562809
EVENT::Q3.1::20230320,EVENT::Q3.1::20230320,FIELD_20230320_Q3.1_01,Q3.1,Q3.1,C01,2023-03-20,2023-03-20,1,2023-03-20,1,2023-03-20,2023-03-20,True,0.0,2023-03-20,RESOLVED_FIELD_DATE,RESOLVED_FIELD_EVENT,True,2023-03-20,4.920413965625422,5.117947434030832,17.331188090145588,45.19317212346054,106.200968144905,290.8623879023251,431.1076517843065,0.4156000802512343,0.4165372567632261,0.408682377975636,0.39880761530587655,0.40003840477710045,0.39379560233336447,0.4129815009379891,0.41067757469742144,0.40234177510403013,0.3971150813938794,0.3835540415574589,0.3563509170705361,9.031281192421504,9.402439054115877,9.589134777120563,9.427792968394767,9.484386771865049,24.528648596623036,51.72438381207471,120.7197441186519,241.8165596234316,377.2803609598579
EVENT::Q3.1::20230620,EVENT::Q3.1::20230620,FIELD_20230620_Q3.1_01,Q3.1,Q3.1,C02,2023-06-20,2023-06-20,1,2023-06-20,1,2023-06-20,2023-06-20,True,0.0,2023-06-20,RESOLVED_FIELD_DATE,RESOLVED_FIELD_EVENT,True,2023-06-20,0.0,0.0,0.8041590877941677,2.508232894397917,5.11239187774204,60.07464989079606,136.90820706343013,0.1924013273794067,0.2082912677121234,0.21622813545308947,0.25205390528370797,0.2994499559959847,0.3300172199811957,0.2876924884480089,0.2935659697322914,0.29958975869894616,0.3164708307360561,0.3393284522597424,0.3596795467192139,7.556850308608094,7.845684760744985,8.198775757193667,8.508330682829268,8.767086688927602,24.41109867626532,49.58006196972951,106.72448235267848,213.2953535011738,325.2080942509491
EVENT::Q3.1::20231123,EVENT::Q3.1::20231123,FIELD_20231123_Q3.1_01,Q3.1,Q3.1,C03,2023-11-23,2023-11-23,1,2023-11-23,1,2023-11-23,2023-11-23,True,0.0,2023-11-23,RESOLVED_FIELD_DATE,RESOLVED_FIELD_EVENT,True,2023-11-23,0.059214419552258,0.5137523167899711,10.64612655483541,14.148430719262077,34.090569433002244,79.70414520374366,113.57679426776512,0.301433846210928,0.3372883816379638,0.3344395272895189,0.3141773348828501,0.2900405586722882,0.263343723936577,0.2624030579215988,0.26466497177136616,0.2617360124107631,0.25306709743418904,0.24276238297282995,0.2359210091421216,11.188437880230735,11.097073835556177,10.945035853474762,10.781820890699837,10.375711007262188,36.05974788610646,71.4807234316892,149.20308832832845,297.245060432853,435.94610691070557
EVENT::Q3.1::20240320,EVENT::Q3.1::20240320,FIELD_20240320_Q3.1_01,Q3.1,Q3.1,C04,2024-03-20,2024-03-20,2,2024-03-20 | 2024-03-21,1,2024-03-20,2024-03-20,True,0.0,2024-03-20,RESOLVED_FIELD_DATE,RESOLVED_FIELD_EVENT,True,2024-03-20,6.463177220452399,12.208836424918408,40.498103109144026,76.99285956791468,198.74814477137156,305.9025747275778,427.4050782789432,0.390934240381612,0.3596492838734869,0.3704760236711237,0.38600220517922307,0.390166616654197,0.3854157739572723,0.3800725077664002,0.3792019571471798,0.3887096764081245,0.3934793793023513,0.38592615801138064,0.3733110577757469,11.160059776589678,10.991724279358037,10.711386667005382,10.758027726285512,10.777388958123503,31.653293338469688,63.676904477825055,128.22333710386573,259.1378641869291,397.38351433952414
EVENT::Q3.1::20240623,EVENT::Q3.1::20240623,FIELD_20240623_Q3.1_01,Q3.1,Q3.1,C05,2024-06-23,2024-06-23,1,2024-06-23,1,2024-06-23,2024-06-23,True,0.0,2024-06-23,RESOLVED_FIELD_DATE,RESOLVED_FIELD_EVENT,True,2024-06-23,0.0,5.685812471877968,5.685812471877961,10.87559693413122,15.424953146349818,63.56556094003221,121.3673699516027,0.2984450272282653,0.2659704469302256,0.21380919265642068,0.21539102393844298,0.26087887444860597,0.29801859821963933,0.2838982335496729,0.27607556726070853,0.2735901364301014,0.2852222373658598,0.3093622647201547,0.3345875758009991,8.23765343378113,8.847085169921613,9.163536759868391,9.822311672401817,10.01482070240112,19.351130060722372,44.821698886121624,110.82060669543425,227.41997018025788,348.88505939975636
EVENT::Q3.1::20241124,EVENT::Q3.1::20241124,FIELD_20241124_Q3.1_01,Q3.1,Q3.1,C06,2024-11-24,2024-11-24,1,2024-11-24,1,2024-11-24,2024-11-24,True,0.0,2024-11-24,RESOLVED_FIELD_DATE,RESOLVED_FIELD_EVENT,True,2024-11-24,2.0642626888695217,5.944757917097647,20.24127669703393,41.05849387000005,80.69505794940606,124.14117500680454,138.710596821555,0.4096013475245363,0.39298821125613265,0.4011694726752341,0.3526039359963085,0.2951093341726941,0.25706896352145225,0.333932825908036,0.32269383561995074,0.30691032329866974,0.26931294169024766,0.2438291768262075,0.23511563828169615,10.093008888952355,10.13014463502911,10.496127817182131,10.454507644802796,10.157130532457671,27.734068432295253,55.418388842675036,133.42374173461357,286.60940648072716,429.79477494524394
EVENT::Q3.1::20250221,EVENT::Q3.1::20250221,FIELD_20250221_Q3.1_01,Q3.1,Q3.1,C07,2025-02-21,2025-02-21,1,2025-02-21,1,2025-02-21,2025-02-21,True,0.0,2025-02-21,RESOLVED_FIELD_DATE,RESOLVED_FIELD_EVENT,True,2025-02-21,0.0,15.884427322518269,37.97389560547613,87.53483683935234,132.32841406013108,290.8176900908307,393.4881266572602,0.4216007901524302,0.4207652643499313,0.4153587381734094,0.40378069856186743,0.3977810903780722,0.39980499922552903,0.4239019692334596,0.4203601810015366,0.41224205478833065,0.4021021553938711,0.39773239182047754,0.3879777694163958,9.442226630624868,9.376869693538769,9.529198643360392,9.75635950159554,9.92271575037559,24.010965589843046,45.5665334283961,116.78311461313612,248.3312551341305,367.1002192907251
EVENT::Q3.1::20250627,EVENT::Q3.1::20250627,FIELD_20250627_Q3.1_01,Q3.1,Q3.1,C08,2025-06-27,2025-06-27,1,2025-06-27,1,2025-06-27,2025-06-27,True,0.0,2025-06-27,RESOLVED_FIELD_DATE,RESOLVED_FIELD_EVENT,True,2025-06-27,0.0,0.0,0.8796480227084351,10.456226691603668,25.782672035906998,57.67043688472076,124.85670774771593,0.2827116868858851,0.28427536941053705,0.30019166506980677,0.2903166442018483,0.3103800948185268,0.33293943876782206,0.2877705533977648,0.2908111766728034,0.2921761132231632,0.2957732620533261,0.31170562849246924,0.3318425622154828,8.172030075056467,7.847681879715089,7.929470075241043,8.515148789682085,8.862608152955914,22.918754144211036,40.87159494099589,91.52377896398478,192.50029993022798,301.97035404988105
EVENT::Q3.1::20251128,EVENT::Q3.1::20251128,FIELD_20251128_Q3.1_01,Q3.1,Q3.1,C09,2025-11-28,2025-11-28,1,2025-11-28,1,2025-11-28,2025-11-28,True,0.0,2025-11-28,RESOLVED_FIELD_DATE,RESOLVED_FIELD_EVENT,True,2025-11-28,0.5091158918415507,2.9072614060271507,3.7707371760181907,6.150534129430619,27.804605760606748,84.66156156890585,130.19768610487517,0.3419055056709774,0.3142550589458823,0.32016519446232544,0.3480478447220152,0.34889602924511076,0.3298890263894925,0.3078762577034834,0.3049372930287855,0.30907489073890115,0.31269832462857144,0.300875936216625,0.2881751748331862,10.404271756798801,10.544935930421673,10.366422813307747,9.934193618066377,9.562190579377843,33.89641216207791,70.38285548804123,144.8646213191782,277.4273474953767,407.0950324049574
EVENT::Q3.1::20260318,EVENT::Q3.1::20260318,FIELD_20260318_Q3.1_01,Q3.1,Q3.1,C10,2026-03-18,2026-03-18,1,2026-03-18,1,2026-03-18,2026-03-18,True,0.0,2026-03-18,RESOLVED_FIELD_DATE,RESOLVED_FIELD_EVENT,True,2026-03-18,0.0,1.5706165450669614,29.287617402772106,64.85496376987017,114.30585328507283,304.3645967828731,401.56939271890695,0.4152979878331884,0.40360306682843916,0.4018818799897458,0.3992058437300861,0.40359516211174656,0.379070544625676,0.4009017968591238,0.3955063511233929,0.39361112036785073,0.395766863465845,0.3905919318937229,0.3627417478959531,10.267714971830612,10.137424112199742,10.016249161158632,9.879695565193707,10.006722516570525,26.977084878552162,54.23825522723225,124.56664059720286,242.90124163289977,386.68656969346057
EVENT::Q3.2L::20251201,EVENT::Q3.2L::20251201,FIELD_20251201_Q3.2L_01,Q3.2L,Q3.2L,C09,2025-12-01,2025-12-01,1,2025-12-01,1,2025-12-01,2025-12-01,True,0.0,2025-12-01,RESOLVED_FIELD_DATE,RESOLVED_FIELD_EVENT,True,2025-12-01,0.0,2.3920426791800073,5.614932299347684,6.344568590628729,24.263219404384255,87.05360424808583,132.58972878405515,0.3449195501661943,0.3380478381979343,0.3215726224509212,0.34347856860935644,0.3494357372448087,0.3322045033658451,0.3077091285764366,0.30692886537866354,0.30736069651434905,0.312462814119127,0.3028412661292113,0.28975533451683844,10.453855911116309,10.539053951004096,10.504579303719424,10.01348304240156,9.647903217592548,34.632156909890256,71.43690953881755,149.2578101295956,281.2060422635492,410.16841821932377
EVENT::Q3.2M::20230322,EVENT::Q3.2M::20230322,FIELD_20230322_Q3.2M_01,Q3.2M,Q3.2M,C01,2023-03-22,2023-03-22,1,2023-03-22,1,2023-03-22,2023-03-22,True,0.0,2023-03-22,RESOLVED_FIELD_DATE,RESOLVED_FIELD_EVENT,True,2023-03-22,1.435629252166975,6.356043217792401,12.887695173067709,44.34422925824211,86.13244605277266,292.01371259739005,432.314764823942,0.413746133705095,0.4164021956897654,0.41475188997931756,0.3989578098843475,0.40046599326259286,0.3947576556310896,0.4121141946384672,0.4130476539049009,0.4067552937287913,0.397969862405658,0.38618022213153674,0.3595625909908607,8.99533084855737,9.288521724872103,9.57485807635653,9.442986732732837,9.472098370737676,25.22380025572859,50.06662471962802,121.1593453422447,241.33384942663886,375.91127211475646
EVENT::Q3.2M::20230622,EVENT::Q3.2M::20230622,FIELD_20230622_Q3.2M_01,Q3.2M,Q3.2M,C02,2023-06-22,2023-06-22,1,2023-06-22,1,2023-06-22,2023-06-22,True,0.0,2023-06-22,RESOLVED_FIELD_DATE,RESOLVED_FIELD_EVENT,True,2023-06-22,0.0,0.0,0.0,2.508232894397917,5.11239187774204,59.52480170343603,126.61430286536257,0.1827042566788219,0.19824078100757297,0.20900028610964497,0.24469951575738,0.29395190687920697,0.3249460778535497,0.2836387474780367,0.28970641066081054,0.29580742077889133,0.3124880068943756,0.3363425372172106,0.35686922712658836,7.5459381833274914,7.82190104940529,8.063736479483001,8.452217881405463,8.743727893253613,25.967490035674473,49.63952328772903,106.41848804116938,212.91449308567653,326.40880066363104
EVENT::Q3.2M::20231124,EVENT::Q3.2M::20231124,FIELD_20231124_Q3.2M_01,Q3.2M,Q3.2M,C03,2023-11-24,2023-11-24,1,2023-11-24,1,2023-11-24,2023-11-24,True,0.0,2023-11-24,RESOLVED_FIELD_DATE,RESOLVED_FIELD_EVENT,True,2023-11-24,0.0,0.05921441955226155,10.407451258528802,14.148430719262077,31.317980984846752,79.70414520374365,108.8950271656116,0.323334262090841,0.33420492760773496,0.333442769889296,0.31590215956161777,0.2917382185169727,0.26538710486988415,0.2638931749964954,0.2648398980325225,0.2621855787518199,0.2538211388940143,0.24341964476186642,0.2364048217376532,11.068603511634977,11.129635868550292,10.931430498636475,10.780185407358044,10.377603913251884,35.723532253951696,71.86051415053406,149.53593703019135,296.387987114446,436.30558730377624
EVENT::Q3.2M::20240321,EVENT::Q3.2M::20240321,FIELD_20240321_Q3.2M_01,Q3.2M,Q3.2M,C04,2024-03-21,2024-03-21,1,2024-03-21,1,2024-03-21,2024-03-21,True,0.0,2024-03-21,RESOLVED_FIELD_DATE,RESOLVED_FIELD_EVENT,True,2024-03-21,14.933688606534686,27.142525031453093,51.4503444745427,68.60840008940015,211.49287502680505,320.8362633341125,442.3387668854779,0.3956380414135883,0.36716908907188117,0.37025583489289665,0.38579405635767583,0.39078128755896535,0.38560360651459286,0.381116590996009,0.3788181375282512,0.3869253052491771,0.3930704199583314,0.3862300243451186,0.37384066056888726,11.076899509550703,11.072055666446056,10.677853253902983,10.76099558017466,10.775641735267211,30.36694680852008,64.19926050598221,127.13929821301056,258.0598316268425,396.3795746595873
EVENT::Q3.2M::20240625,EVENT::Q3.2M::20240625,FIELD_20240625_Q3.2M_01,Q3.2M,Q3.2M,C05,2024-06-25,2024-06-25,1,2024-06-25,1,2024-06-25,2024-06-25,True,0.0,2024-06-25,RESOLVED_FIELD_DATE,RESOLVED_FIELD_EVENT,True,2024-06-25,0.0,0.0,5.685812471877961,10.87559693413122,15.424953146349818,62.48177172199247,101.36706404921244,0.2688855040739496,0.2997364576546048,0.22950775735541667,0.2161526796981625,0.2597879031872856,0.29500495565190243,0.2803761685836292,0.2807344925689067,0.27448902389217655,0.2831626837564417,0.30688735929818656,0.33210789390397355,8.020503272978775,8.81926681272854,9.051169827019645,9.746052542449442,9.986465501101334,20.98528377582572,44.423086148810526,110.25197076142868,225.51657496332433,350.44962318474154
EVENT::Q3.2M::20241127,EVENT::Q3.2M::20241127,FIELD_20241127_Q3.2M_01,Q3.2M,Q3.2M,C06,2024-11-27,2024-11-27,1,2024-11-27,1,2024-11-27,2024-11-27,True,0.0,2024-11-27,RESOLVED_FIELD_DATE,RESOLVED_FIELD_EVENT,True,2024-11-27,0.0,2.87223823687861,10.559454632302124,31.66655198555618,74.2090860703694,127.01341324368313,139.8204375129218,0.3928280979222645,0.4019653295112187,0.40139420512225904,0.362907813065467,0.30612470060874036,0.2652774132949283,0.3404399179447592,0.33256313598028,0.3209165260531243,0.2803469414083178,0.25018958480004394,0.23910477299364588,10.12784458153052,10.119488238579594,10.509780466058912,10.470306023834782,10.20424757173247,28.085523258054877,55.77021023269333,134.43062964805287,286.2684074035614,430.0583513356702
EVENT::Q3.2M::20250223,EVENT::Q3.2M::20250223,FIELD_20250223_Q3.2M_01,Q3.2M,Q3.2M,C07,2025-02-23,2025-02-23,1,2025-02-23,1,2025-02-23,2025-02-23,True,0.0,2025-02-23,RESOLVED_FIELD_DATE,RESOLVED_FIELD_EVENT,True,2025-02-23,37.29536654551824,37.29536654551825,67.12031947147278,111.68475895197619,165.55027443086286,327.5422072336743,428.7192305139089,0.4242069817691868,0.41955561786192747,0.4187335873516407,0.40571044071714457,0.39854222115753696,0.39996128486530397,0.424175518234341,0.4217281489237063,0.41611781532955394,0.4041105200841629,0.3985613292021558,0.3898866245267325,9.340567655429505,9.402673925226026,9.569180581320095,9.722965224308336,9.910542390056118,23.690743554878786,46.510031113045756,114.25706610686517,245.66701304361308,366.4034482285466
EVENT::Q3.2M::20250629,EVENT::Q3.2M::20250629,FIELD_20250629_Q3.2M_01,Q3.2M,Q3.2M,C08,2025-06-29,2025-06-29,1,2025-06-29,1,2025-06-29,2025-06-29,True,0.0,2025-06-29,RESOLVED_FIELD_DATE,RESOLVED_FIELD_EVENT,True,2025-06-29,0.0,0.0,0.8796480227084351,0.8796480227084458,24.29705171251581,57.67043688472076,117.17410457085535,0.2933867790795475,0.2833503704244297,0.3070891133819504,0.28983259035672754,0.3092212117170016,0.3308910179179017,0.2879135249804898,0.288965337361116,0.2925093574350673,0.2944783153350182,0.3099667851558922,0.32983512023520706,7.934012024992618,7.8238439254908005,7.898909956258945,8.4517570480293,8.807118609262439,21.180905358639755,41.6472078747832,91.83134728601213,191.36825414923572,300.27506031052917
EVENT::Q3.2M::20260319,EVENT::Q3.2M::20260319,FIELD_20260319_Q3.2M_01,Q3.2M,Q3.2M,C10,2026-03-19,2026-03-19,1,2026-03-19,1,2026-03-19,2026-03-19,True,0.0,2026-03-19,RESOLVED_FIELD_DATE,RESOLVED_FIELD_EVENT,True,2026-03-19,12.939713615746724,14.510330160813686,42.22733101851883,73.34327201900031,127.24556690081955,315.9292319589073,414.50910633465367,0.41575051089013,0.40713633540705013,0.40402028713546567,0.3994940196082005,0.4036799152768722,0.37929336978240225,0.4036713811473809,0.3970140795415011,0.3947931561731222,0.39594800059613156,0.3916117623530677,0.36369160290821995,10.335734163615609,10.144347323893603,10.069852044969801,9.90017808511157,10.010193259096916,27.18348749455689,54.22178345780841,125.30872940672614,244.23969890168632,386.2644294869004
EVENT::Q3.3.L::20240321,EVENT::Q3.3.L::20240321,FIELD_20240321_Q3.3.L_01,Q3.3.L,Q3.3.L,C04,2024-03-21,2024-03-21,1,2024-03-21,1,2024-03-21,2024-03-21,True,0.0,2024-03-21,RESOLVED_FIELD_DATE,RESOLVED_FIELD_EVENT,True,2024-03-21,14.933688606534686,27.142525031453093,51.4503444745427,68.60840008940015,211.49287502680505,320.8362633341125,442.3387668854779,0.3956380414135883,0.36716908907188117,0.37025583489289665,0.38579405635767583,0.39078128755896535,0.38560360651459286,0.381116590996009,0.3788181375282512,0.3869253052491771,0.3930704199583314,0.3862300243451186,0.37384066056888726,11.076899509550703,11.072055666446056,10.677853253902983,10.76099558017466,10.775641735267211,30.36694680852008,64.19926050598221,127.13929821301056,258.0598316268425,396.3795746595873
EVENT::Q3.3.L::20241128,EVENT::Q3.3.L::20241128,FIELD_20241128_Q3.3.L_01,Q3.3.L,Q3.3.L,C06,2024-11-28,2024-11-28,1,2024-11-28,1,2024-11-28,2024-11-28,True,0.0,2024-11-28,RESOLVED_FIELD_DATE,RESOLVED_FIELD_EVENT,True,2024-11-28,7.502018251944155,10.374256488822764,16.31901440592039,38.80296487893378,81.29566490463912,134.5154314956273,144.02215189591655,0.3926744479434798,0.4030193330957448,0.40007307087787736,0.36566000529872955,0.30837067510351274,0.2679623060934907,0.3409260651325673,0.3360062704760936,0.3245758397763601,0.2839898913658499,0.2522371674024989,0.24046480715552987,10.262380441108634,10.174222830088075,10.538907049738933,10.495828080162019,10.229628720995061,28.972601399600848,55.49123052055436,134.43273975583858,285.68691749534855,430.16422288007817
EVENT::Q3.3.L::20250224,EVENT::Q3.3.L::20250224,FIELD_20250224_Q3.3.L_01,Q3.3.L,Q3.3.L,C07,2025-02-24,2025-02-24,1,2025-02-24,1,2025-02-24,2025-02-24,True,0.0,2025-02-24,RESOLVED_FIELD_DATE,RESOLVED_FIELD_EVENT,True,2025-02-24,0.0,37.295366545518256,56.90709375909397,102.3769975325891,164.99674945058567,324.9495960024097,425.84699227703027,0.4068137850605224,0.4169796246193408,0.418300887227813,0.40694586386953163,0.3987163154758852,0.4000475178895989,0.4209728894022388,0.421668495295824,0.4176936386663854,0.40523912852684807,0.399007473372923,0.39079081838816443,9.47120683167615,9.42628201007714,9.580216305242129,9.718706777421977,9.904338172507547,26.474020901442948,48.470702819052455,114.58138458301566,247.03097377898374,367.4765106915049
EVENT::Q3.3.M::20231127,EVENT::Q3.3.M::20231127,FIELD_20231127_Q3.3.M_01,Q3.3.M,Q3.3.M,C03,2023-11-27,2023-11-27,1,2023-11-27,1,2023-11-27,2023-11-27,True,0.0,2023-11-27,RESOLVED_FIELD_DATE,RESOLVED_FIELD_EVENT,True,2023-11-27,0.2611381172069482,6.443490192471519,6.957242509261484,17.758171209444605,34.30095173116951,78.59933138691954,115.33851735808311,0.3738194283722453,0.3353337246689821,0.3389692632022588,0.32043483773331344,0.29909832708791195,0.2724688977302971,0.2721446892843081,0.2661459409229164,0.26435013576804717,0.25615602177477215,0.24572389669975714,0.23803518151185463,10.221152585904031,10.822994571016958,10.777581364724165,10.705387837931243,10.373344155313445,33.269762734457245,69.2347332490662,147.89331174654768,292.7689510962866,434.8842824211699
EVENT::Q3.3.M::20250629,EVENT::Q3.3.M::20250629,FIELD_20250629_Q3.3.M_01,Q3.3.M,Q3.3.M,C08,2025-06-29,2025-06-29,1,2025-06-29,1,2025-06-29,2025-06-29,True,0.0,2025-06-29,RESOLVED_FIELD_DATE,RESOLVED_FIELD_EVENT,True,2025-06-29,0.0,0.0,0.8796480227084351,0.8796480227084458,24.29705171251581,57.67043688472076,117.17410457085535,0.2933867790795475,0.2833503704244297,0.3070891133819504,0.28983259035672754,0.3092212117170016,0.3308910179179017,0.2879135249804898,0.288965337361116,0.2925093574350673,0.2944783153350182,0.3099667851558922,0.32983512023520706,7.934012024992618,7.8238439254908005,7.898909956258945,8.4517570480293,8.807118609262439,21.180905358639755,41.6472078747832,91.83134728601213,191.36825414923572,300.27506031052917
EVENT::Q3.3.M::20251201,EVENT::Q3.3.M::20251201,FIELD_20251201_Q3.3.M_01,Q3.3.M,Q3.3.M,C09,2025-12-01,2025-12-01,1,2025-12-01,1,2025-12-01,2025-12-01,True,0.0,2025-12-01,RESOLVED_FIELD_DATE,RESOLVED_FIELD_EVENT,True,2025-12-01,0.0,2.3920426791800073,5.614932299347684,6.344568590628729,24.263219404384255,87.05360424808583,132.58972878405515,0.3449195501661943,0.3380478381979343,0.3215726224509212,0.34347856860935644,0.3494357372448087,0.3322045033658451,0.3077091285764366,0.30692886537866354,0.30736069651434905,0.312462814119127,0.3028412661292113,0.28975533451683844,10.453855911116309,10.539053951004096,10.504579303719424,10.01348304240156,9.647903217592548,34.632156909890256,71.43690953881755,149.2578101295956,281.2060422635492,410.16841821932377
EVENT::Q3.3.U::20230323,EVENT::Q3.3.U::20230323,FIELD_20230323_Q3.3.U_01,Q3.3.U,Q3.3.U,C01,2023-03-23,2023-03-23,1,2023-03-23,1,2023-03-23,2023-03-23,True,0.0,2023-03-23,RESOLVED_FIELD_DATE,RESOLVED_FIELD_EVENT,True,2023-03-23,5.212778335525876,6.648407587692854,11.76635502172368,33.524596097923464,91.34522438829853,291.6845421439835,437.5275431594679,0.4019495241903845,0.4141556130537079,0.41423482944773077,0.39897520497737965,0.40061483174926127,0.39519360484517474,0.4097233272839143,0.41315808318516384,0.40848549826559266,0.3983533611064854,0.3874123640532055,0.3611390481792458,8.948162499597657,9.214407493692132,9.563338243463695,9.439927646818289,9.463859338419436,25.244542413708793,50.66118677916554,120.37721366723838,240.52097316766748,374.80421420294425
EVENT::RC01::20230314,EVENT::RC01::20230314,FIELD_20230314_RC01_01,RC01,RC01,C01,2023-03-14,2023-03-14,1,2023-03-14,1,2023-03-14,2023-03-14,True,0.0,2023-03-14,RESOLVED_FIELD_DATE,RESOLVED_FIELD_EVENT,True,2023-03-14,3.0964806097603974,8.017230161243965,30.958464643075352,51.81569786653632,164.89525824927148,311.2659169545486,429.79728668750755,0.4038010194811517,0.40486628445521095,0.3885105759389401,0.39621858002669386,0.394041841919788,0.39122691112625296,0.4021942309561492,0.3967387496345534,0.39121050756954795,0.39314859770380994,0.37423893254095725,0.3458070773384193,9.729556223278452,9.832014296699963,9.745056840679801,9.486192877750506,9.517262689920823,25.866618261516436,58.35274103059933,124.19482501428251,249.53675959151605,381.1710152581248
EVENT::RC01::20230617,EVENT::RC01::20230617,FIELD_20230617_RC01_01,RC01,RC01,C02,2023-06-17,2023-06-17,1,2023-06-17,1,2023-06-17,2023-06-17,True,0.0,2023-06-17,RESOLVED_FIELD_DATE,RESOLVED_FIELD_EVENT,True,2023-06-17,0.0,0.8041590877941712,0.8041590877941677,5.1123918777420405,5.11239187774204,60.80057110016545,143.26425028122253,0.2091039132061261,0.21599705488990883,0.22618535763955522,0.26387463056972255,0.3073744433310526,0.33720282213868075,0.2937233798444156,0.2985380428670163,0.30531239470994537,0.3227210925732504,0.34381108082542833,0.36377632797517245,7.967196404635358,7.912181767569499,8.38289153663182,8.64992300853107,8.832266891837222,22.53512934797761,48.96977500763931,107.00649729353843,212.82729127503544,325.3663956602184
EVENT::RC01::20231118,EVENT::RC01::20231118,FIELD_20231118_RC01_01,RC01,RC01,C03,2023-11-18,2023-11-18,1,2023-11-18,1,2023-11-18,2023-11-18,True,0.0,2023-11-18,RESOLVED_FIELD_DATE,RESOLVED_FIELD_EVENT,True,2023-11-18,1.4157879237262976,2.3230176821705877,5.156767384459576,18.865798203895487,25.09890609819974,81.57842745507757,104.58513093296261,0.346245719747966,0.3353033399175029,0.33432304330873575,0.30723212627393737,0.28410532932367244,0.25265558925131304,0.2641830881298851,0.26044082726127604,0.2574165951697057,0.24939756238835697,0.2396332003545056,0.23356846252740304,11.388889606432798,10.895086943345282,10.769118216042365,10.673829984083058,10.334151904482447,36.94593794428544,69.10449994265,149.70229144041247,296.4586496697685,435.8788578841038
EVENT::RC01::20240317,EVENT::RC01::20240317,FIELD_20240317_RC01_01,RC01,RC01,C04,2024-03-17,2024-03-17,1,2024-03-17,1,2024-03-17,2024-03-17,True,0.0,2024-03-17,RESOLVED_FIELD_DATE,RESOLVED_FIELD_EVENT,True,2024-03-17,16.477235083069118,24.307819443089624,31.933247579705146,92.23524358513808,209.11363662282628,308.16851800538245,432.1279153868202,0.3754191830438455,0.35368567618200214,0.3765796889229776,0.38798958650367255,0.39043661930963786,0.38581065837588147,0.3771726669649627,0.38437196913744637,0.3948822142629625,0.39461133716438695,0.38526463232365027,0.3717573117493204,11.301774957322456,10.882905552887987,10.729441398983234,10.746502436685065,10.794054895865305,33.18633294174437,62.708085715081644,127.60423123836517,259.33973000228747,397.595160097056
EVENT::RC01::20240619,EVENT::RC01::20240619,FIELD_20240619_RC01_01,RC01,RC01,C05,2024-06-19,2024-06-19,1,2024-06-19,1,2024-06-19,2024-06-19,True,0.0,2024-06-19,RESOLVED_FIELD_DATE,RESOLVED_FIELD_EVENT,True,2024-06-19,0.0,0.0,2.0595890198435103,9.739140674471862,9.739140674471855,70.77565733192577,129.62825575081766,0.2126213764639029,0.16638958608352736,0.17007442115260782,0.21036936870812598,0.26143437001516817,0.30120332069045797,0.2678600154354852,0.2675768273361714,0.2729403856940548,0.29004220366677025,0.314805983912738,0.3392046226451647,9.310582212347867,9.115480134692586,9.457186185877243,9.991992637754352,10.13280616646738,21.43937271798966,49.83465795572093,113.90290572980925,233.4779422579473,351.21067755484165
EVENT::RC01::20241119,EVENT::RC01::20241119,FIELD_20241119_RC01_01,RC01,RC01,C06,2024-11-19,2024-11-19,1,2024-11-19,1,2024-11-19,2024-11-19,True,0.0,2024-11-19,RESOLVED_FIELD_DATE,RESOLVED_FIELD_EVENT,True,2024-11-19,0.0,12.554060301610413,23.09997764620043,59.41871236016354,77.83195832043532,116.45395861138101,135.5950098068057,0.374364231822578,0.40743739513730065,0.3808481986615206,0.33211130461940874,0.27719280540598606,0.24262742206081025,0.3158130106255268,0.30449544336984147,0.2787440650114631,0.2522355268768722,0.23459046163356825,0.22929531081364404,10.04536270059703,10.441804616483447,10.675641221087513,10.480483029756957,10.167385405571318,27.024111242135824,60.16203926908487,139.94596659534238,294.6118628229364,434.143441325495
EVENT::RC01::20250218,EVENT::RC01::20250218,FIELD_20250218_RC01_01,RC01,RC01,C07,2025-02-18,2025-02-18,1,2025-02-18,1,2025-02-18,2025-02-18,True,0.0,2025-02-18,RESOLVED_FIELD_DATE,RESOLVED_FIELD_EVENT,True,2025-02-18,3.727299891057468,14.086681557907955,42.73289604733388,76.13005594820496,127.53221233124802,284.4544600376726,383.2266530412959,0.4231823165981755,0.4213436293661052,0.40922977522060683,0.40264776213933196,0.397072671021723,0.3992170084775885,0.4228378026885104,0.41672970663900705,0.4076147810093076,0.3989213225218295,0.39644520243483616,0.3847759336052194,9.286735639879293,9.42597683062084,9.504358013180047,9.819505313549907,9.935970413217829,20.68094512975285,49.043319817912376,116.97795388498747,248.53741752274462,366.40738751846925
EVENT::RC01::20250624,EVENT::RC01::20250624,FIELD_20250624_RC01_01,RC01,RC01,C08,2025-06-24,2025-06-24,1,2025-06-24,1,2025-06-24,2025-06-24,True,0.0,2025-06-24,RESOLVED_FIELD_DATE,RESOLVED_FIELD_EVENT,True,2025-06-24,0.3373933477061135,0.8796480227084529,0.8796480227084351,22.868597980766076,25.782672035906998,60.67679157360926,127.48122050564453,0.2749779100362964,0.31256118320808435,0.29700631488954393,0.2937489953650521,0.31281715465342297,0.33652072674557926,0.2897853111531693,0.29524704124393975,0.29253515192342133,0.298077960520887,0.31457540141885365,0.33498319175253066,8.096233414330523,8.012531447417173,8.022287322836368,8.613414133582753,8.94047470615449,21.69976422207893,40.859456351726735,92.36420635026315,193.47125731107127,304.46856873745173
EVENT::RC01::20251125,EVENT::RC01::20251125,FIELD_20251125_RC01_01,RC01,RC01,C09,2025-11-25,2025-11-25,1,2025-11-25,1,2025-11-25,2025-11-25,True,0.0,2025-11-25,RESOLVED_FIELD_DATE,RESOLVED_FIELD_EVENT,True,2025-11-25,0.3156282141405558,0.7759470561563766,0.8685935776898293,6.681989456610788,38.91622324451497,81.7543001628787,127.29042469884803,0.3263714189474292,0.30301104135300677,0.32531588313141835,0.34952724079482433,0.34747674221707675,0.3286288966818147,0.3051546775950172,0.3064584769383626,0.31198067405746877,0.3120844584166735,0.29874597961411076,0.2867366384977039,10.668410566809309,10.588433900628923,10.34612945747745,9.878081024466395,9.479708159962673,37.9669612025939,72.79673752757166,145.12428447518045,276.6462486517222,405.3728384950946
EVENT::RC01::20260315,EVENT::RC01::20260315,FIELD_20260315_RC01_01,RC01,RC01,C10,2026-03-15,2026-03-15,1,2026-03-15,1,2026-03-15,2026-03-15,True,0.0,2026-03-15,RESOLVED_FIELD_DATE,RESOLVED_FIELD_EVENT,True,2026-03-15,0.0,27.717000857705177,56.56150162078086,74.20080384895918,124.95082766438524,324.23275894476546,403.13307497366554,0.3865211354514766,0.40056779369519097,0.39427815407654027,0.39867829768107954,0.4031989781766192,0.37725507433627303,0.3933561954608541,0.394412202270701,0.3921826585737627,0.395634985071769,0.387492673088054,0.3598093452968119,9.939446964258693,10.152319576023,9.855109634717943,9.80537581318225,9.999051141381617,27.057221428507322,57.09698563710802,124.02543942363275,242.83305478061553,388.5752041904912
EVENT::RC02::20230320,EVENT::RC02::20230320,FIELD_20230320_RC02_01,RC02,RC02,C01,2023-03-20,2023-03-20,1,2023-03-20,1,2023-03-20,2023-03-20,True,0.0,2023-03-20,RESOLVED_FIELD_DATE,RESOLVED_FIELD_EVENT,True,2023-03-20,4.920413965625422,5.117947434030832,17.331188090145588,45.19317212346054,106.200968144905,290.8623879023251,431.1076517843065,0.4156000802512343,0.4165372567632261,0.408682377975636,0.39880761530587655,0.40003840477710045,0.39379560233336447,0.4129815009379891,0.41067757469742144,0.40234177510403013,0.3971150813938794,0.3835540415574589,0.3563509170705361,9.031281192421504,9.402439054115877,9.589134777120563,9.427792968394767,9.484386771865049,24.528648596623036,51.72438381207471,120.7197441186519,241.8165596234316,377.2803609598579
EVENT::RC02::20230620,EVENT::RC02::20230620,FIELD_20230620_RC02_01,RC02,RC02,C02,2023-06-20,2023-06-20,1,2023-06-20,1,2023-06-20,2023-06-20,True,0.0,2023-06-20,RESOLVED_FIELD_DATE,RESOLVED_FIELD_EVENT,True,2023-06-20,0.0,0.0,0.8041590877941677,2.508232894397917,5.11239187774204,60.07464989079606,136.90820706343013,0.1924013273794067,0.2082912677121234,0.21622813545308947,0.25205390528370797,0.2994499559959847,0.3300172199811957,0.2876924884480089,0.2935659697322914,0.29958975869894616,0.3164708307360561,0.3393284522597424,0.3596795467192139,7.556850308608094,7.845684760744985,8.198775757193667,8.508330682829268,8.767086688927602,24.41109867626532,49.58006196972951,106.72448235267848,213.2953535011738,325.2080942509491
EVENT::RC02::20231123,EVENT::RC02::20231123,FIELD_20231123_RC02_01,RC02,RC02,C03,2023-11-23,2023-11-23,1,2023-11-23,1,2023-11-23,2023-11-23,True,0.0,2023-11-23,RESOLVED_FIELD_DATE,RESOLVED_FIELD_EVENT,True,2023-11-23,0.059214419552258,0.5137523167899711,10.64612655483541,14.148430719262077,34.090569433002244,79.70414520374366,113.57679426776512,0.301433846210928,0.3372883816379638,0.3344395272895189,0.3141773348828501,0.2900405586722882,0.263343723936577,0.2624030579215988,0.26466497177136616,0.2617360124107631,0.25306709743418904,0.24276238297282995,0.2359210091421216,11.188437880230735,11.097073835556177,10.945035853474762,10.781820890699837,10.375711007262188,36.05974788610646,71.4807234316892,149.20308832832845,297.245060432853,435.94610691070557
EVENT::RC02::20240320,EVENT::RC02::20240320,FIELD_20240320_RC02_01,RC02,RC02,C04,2024-03-20,2024-03-20,1,2024-03-20,1,2024-03-20,2024-03-20,True,0.0,2024-03-20,RESOLVED_FIELD_DATE,RESOLVED_FIELD_EVENT,True,2024-03-20,6.463177220452399,12.208836424918408,40.498103109144026,76.99285956791468,198.74814477137156,305.9025747275778,427.4050782789432,0.390934240381612,0.3596492838734869,0.3704760236711237,0.38600220517922307,0.390166616654197,0.3854157739572723,0.3800725077664002,0.3792019571471798,0.3887096764081245,0.3934793793023513,0.38592615801138064,0.3733110577757469,11.160059776589678,10.991724279358037,10.711386667005382,10.758027726285512,10.777388958123503,31.653293338469688,63.676904477825055,128.22333710386573,259.1378641869291,397.38351433952414
EVENT::RC02::20240623,EVENT::RC02::20240623,FIELD_20240623_RC02_01,RC02,RC02,C05,2024-06-23,2024-06-23,1,2024-06-23,1,2024-06-23,2024-06-23,True,0.0,2024-06-23,RESOLVED_FIELD_DATE,RESOLVED_FIELD_EVENT,True,2024-06-23,0.0,5.685812471877968,5.685812471877961,10.87559693413122,15.424953146349818,63.56556094003221,121.3673699516027,0.2984450272282653,0.2659704469302256,0.21380919265642068,0.21539102393844298,0.26087887444860597,0.29801859821963933,0.2838982335496729,0.27607556726070853,0.2735901364301014,0.2852222373658598,0.3093622647201547,0.3345875758009991,8.23765343378113,8.847085169921613,9.163536759868391,9.822311672401817,10.01482070240112,19.351130060722372,44.821698886121624,110.82060669543425,227.41997018025788,348.88505939975636
EVENT::RC02::20241124,EVENT::RC02::20241124,FIELD_20241124_RC02_01,RC02,RC02,C06,2024-11-24,2024-11-24,1,2024-11-24,1,2024-11-24,2024-11-24,True,0.0,2024-11-24,RESOLVED_FIELD_DATE,RESOLVED_FIELD_EVENT,True,2024-11-24,2.0642626888695217,5.944757917097647,20.24127669703393,41.05849387000005,80.69505794940606,124.14117500680454,138.710596821555,0.4096013475245363,0.39298821125613265,0.4011694726752341,0.3526039359963085,0.2951093341726941,0.25706896352145225,0.333932825908036,0.32269383561995074,0.30691032329866974,0.26931294169024766,0.2438291768262075,0.23511563828169615,10.093008888952355,10.13014463502911,10.496127817182131,10.454507644802796,10.157130532457671,27.734068432295253,55.418388842675036,133.42374173461357,286.60940648072716,429.79477494524394
EVENT::RC02::20250221,EVENT::RC02::20250221,FIELD_20250221_RC02_01,RC02,RC02,C07,2025-02-21,2025-02-21,1,2025-02-21,1,2025-02-21,2025-02-21,True,0.0,2025-02-21,RESOLVED_FIELD_DATE,RESOLVED_FIELD_EVENT,True,2025-02-21,0.0,15.884427322518269,37.97389560547613,87.53483683935234,132.32841406013108,290.8176900908307,393.4881266572602,0.4216007901524302,0.4207652643499313,0.4153587381734094,0.40378069856186743,0.3977810903780722,0.39980499922552903,0.4239019692334596,0.4203601810015366,0.41224205478833065,0.4021021553938711,0.39773239182047754,0.3879777694163958,9.442226630624868,9.376869693538769,9.529198643360392,9.75635950159554,9.92271575037559,24.010965589843046,45.5665334283961,116.78311461313612,248.3312551341305,367.1002192907251
EVENT::RC02::20250627,EVENT::RC02::20250627,FIELD_20250627_RC02_01,RC02,RC02,C08,2025-06-27,2025-06-27,1,2025-06-27,1,2025-06-27,2025-06-27,True,0.0,2025-06-27,RESOLVED_FIELD_DATE,RESOLVED_FIELD_EVENT,True,2025-06-27,0.0,0.0,0.8796480227084351,10.456226691603668,25.782672035906998,57.67043688472076,124.85670774771593,0.2827116868858851,0.28427536941053705,0.30019166506980677,0.2903166442018483,0.3103800948185268,0.33293943876782206,0.2877705533977648,0.2908111766728034,0.2921761132231632,0.2957732620533261,0.31170562849246924,0.3318425622154828,8.172030075056467,7.847681879715089,7.929470075241043,8.515148789682085,8.862608152955914,22.918754144211036,40.87159494099589,91.52377896398478,192.50029993022798,301.97035404988105
EVENT::RC02::20251128,EVENT::RC02::20251128,FIELD_20251128_RC02_01,RC02,RC02,C09,2025-11-28,2025-11-28,1,2025-11-28,1,2025-11-28,2025-11-28,True,0.0,2025-11-28,RESOLVED_FIELD_DATE,RESOLVED_FIELD_EVENT,True,2025-11-28,0.5091158918415507,2.9072614060271507,3.7707371760181907,6.150534129430619,27.804605760606748,84.66156156890585,130.19768610487517,0.3419055056709774,0.3142550589458823,0.32016519446232544,0.3480478447220152,0.34889602924511076,0.3298890263894925,0.3078762577034834,0.3049372930287855,0.30907489073890115,0.31269832462857144,0.300875936216625,0.2881751748331862,10.404271756798801,10.544935930421673,10.366422813307747,9.934193618066377,9.562190579377843,33.89641216207791,70.38285548804123,144.8646213191782,277.4273474953767,407.0950324049574
EVENT::RC02::20260318,EVENT::RC02::20260318,FIELD_20260318_RC02_01,RC02,RC02,C10,2026-03-18,2026-03-18,1,2026-03-18,1,2026-03-18,2026-03-18,True,0.0,2026-03-18,RESOLVED_FIELD_DATE,RESOLVED_FIELD_EVENT,True,2026-03-18,0.0,1.5706165450669614,29.287617402772106,64.85496376987017,114.30585328507283,304.3645967828731,401.56939271890695,0.4152979878331884,0.40360306682843916,0.4018818799897458,0.3992058437300861,0.40359516211174656,0.379070544625676,0.4009017968591238,0.3955063511233929,0.39361112036785073,0.395766863465845,0.3905919318937229,0.3627417478959531,10.267714971830612,10.137424112199742,10.016249161158632,9.879695565193707,10.006722516570525,26.977084878552162,54.23825522723225,124.56664059720286,242.90124163289977,386.68656969346057
SPECIAL::Q3.3L.A::20230623,SPECIAL::Q3.3L.A::20230623,,Q3.3.L,,C02,,2023-06-23,1,2023-06-23,0,,2023-06-23,False,,2023-06-23,ANALYTICAL_ONLY_CANONICAL_SAMPLE_ID_DATE,ANALYTICAL_ONLY_EVENT,True,2023-06-23,0.0,0.0,0.0,0.8041590877941677,5.11239187774204,59.52480170343603,112.76920712446527,0.1792379022793043,0.193323917635669,0.20552121211502652,0.240991839492788,0.29099768557147326,0.32221450499410265,0.2817524793841705,0.2877320784272945,0.2939547386872942,0.3105276134517917,0.33483627374400365,0.35537100341370564,7.589053290965921,7.840459542414941,8.03792798343041,8.434212639489564,8.739623800239759,26.307054294671627,49.61269279952683,106.74601371233173,213.86371931933252,327.46894821266216
SPECIAL::Q3.3L.B::20230623,SPECIAL::Q3.3L.B::20230623,,Q3.3.L,,C02,,2023-06-23,1,2023-06-23,0,,2023-06-23,False,,2023-06-23,ANALYTICAL_ONLY_CANONICAL_SAMPLE_ID_DATE,ANALYTICAL_ONLY_EVENT,True,2023-06-23,0.0,0.0,0.0,0.8041590877941677,5.11239187774204,59.52480170343603,112.76920712446527,0.1792379022793043,0.193323917635669,0.20552121211502652,0.240991839492788,0.29099768557147326,0.32221450499410265,0.2817524793841705,0.2877320784272945,0.2939547386872942,0.3105276134517917,0.33483627374400365,0.35537100341370564,7.589053290965921,7.840459542414941,8.03792798343041,8.434212639489564,8.739623800239759,26.307054294671627,49.61269279952683,106.74601371233173,213.86371931933252,327.46894821266216
STATION_DATE::Q1.3N::20231126,STATION_DATE::Q1.3N::20231126,,Q1.3N,Q1.3N,C03,2023-11-20,2023-11-26,1,2023-11-26,1,2023-11-20,2023-11-26,False,,2023-11-26,ANALYTICAL_ONLY_CANONICAL_SAMPLE_ID_DATE,ANALYTICAL_ONLY_EVENT,True,2023-11-26,0.0,6.182352075264571,8.2906752088595,20.330782794526645,34.039813613962565,79.48930264157909,115.07737924087616,0.3524020604774902,0.3322850024440943,0.33515756818633285,0.31809498818164156,0.2962857876669235,0.2698530915002449,0.2677772329767774,0.2653353571189588,0.2633382097985046,0.25525996671614154,0.24488148911059013,0.23744084707589658,10.44704125265497,10.938538865494483,10.82900789367443,10.735590729073396,10.3791435259258,34.593732887609846,70.22718908642068,147.94159581550971,294.422891012506,436.05473891675814
STATION_DATE::Q3.1::20250225,STATION_DATE::Q3.1::20250225,,Q3.1,Q3.1,C07,2025-02-21,2025-02-25,1,2025-02-25,1,2025-02-21,2025-02-25,False,,2025-02-25,ANALYTICAL_ONLY_CANONICAL_SAMPLE_ID_DATE,ANALYTICAL_ONLY_EVENT,True,2025-02-25,1.2586338676157451,38.554000413134,54.43842773565224,97.17132378298612,159.58557925391054,326.20822987002543,427.105626144646,0.385114603648985,0.41154137991231365,0.41644250463920945,0.40748766284763765,0.39860404216102396,0.39996181239767364,0.4136836703526491,0.42036076210498674,0.4185452343719969,0.40620594515766784,0.3993415360729435,0.3916046378593632,9.574952015245472,9.430843827562382,9.592464347550273,9.711614476340527,9.892967658062325,28.67235471575246,49.353299845505305,115.27117733665973,247.0471724609419,366.9942189761669
STATION_DATE::Q3.1::20251203,STATION_DATE::Q3.1::20251203,,Q3.1,Q3.1,C09,2025-11-28,2025-12-03,1,2025-12-03,1,2025-11-28,2025-12-03,False,,2025-12-03,ANALYTICAL_ONLY_CANONICAL_SAMPLE_ID_DATE,ANALYTICAL_ONLY_EVENT,True,2025-12-03,7.486531112165678,7.486531112165693,10.858433434739709,13.654428775062643,27.84156686949635,94.54013536025151,140.07625989622085,0.3776051185034603,0.34839931900692206,0.32475515518377474,0.3435722647527891,0.3493910847677967,0.33399440362759203,0.3109527776420461,0.3081219901849571,0.3066395493482972,0.3123006939958438,0.30388227304312837,0.29085577914720423,10.574444956612817,10.62338245070544,10.521105623949643,10.072411168747117,9.71186928202934,35.080632119509524,71.53276857957674,149.80370094838167,282.80232312706846,412.09491234638784
STATION_DATE::Q3.3.M::20240625,STATION_DATE::Q3.3.M::20240625,,Q3.3.M,Q3.3.M,C05,2024-06-28,2024-06-25,1,2024-06-25,1,2024-06-28,2024-06-25,False,,2024-06-25,ANALYTICAL_ONLY_CANONICAL_SAMPLE_ID_DATE,ANALYTICAL_ONLY_EVENT,True,2024-06-25,0.0,0.0,5.685812471877961,10.87559693413122,15.424953146349818,62.48177172199247,101.36706404921244,0.2688855040739496,0.2997364576546048,0.22950775735541667,0.2161526796981625,0.2597879031872856,0.29500495565190243,0.2803761685836292,0.2807344925689067,0.27448902389217655,0.2831626837564417,0.30688735929818656,0.33210789390397355,8.020503272978775,8.81926681272854,9.051169827019645,9.746052542449442,9.986465501101334,20.98528377582572,44.423086148810526,110.25197076142868,225.51657496332433,350.44962318474154
UNRESOLVED::AC::Q2.3L::20240630,UNRESOLVED::AC::Q2.3L::20240630,,,,C05,,2024-06-30,1,2024-06-30,0,,2024-06-30,False,,2024-06-30,ANALYTICAL_ONLY_CANONICAL_SAMPLE_ID_DATE,ANALYTICAL_ONLY_EVENT,True,2024-06-30,0.0,0.0,0.0,5.685812471877968,15.424953146349818,62.39482166148013,100.59644674546352,0.2313042275019004,0.2515154916525477,0.2587429692913866,0.2165488650420574,0.2553388973498237,0.2858923927361029,0.2726258933153686,0.277073523460785,0.27657454536074677,0.2784346844275639,0.3010088321664965,0.3249793321809174,8.755048722640716,8.496351078210923,8.91064605712893,9.616948750544319,9.917917553104004,24.106877689072164,43.45800774979453,106.94092792065847,221.79555225406767,348.6386158562809
UNRESOLVED::COD::Q2.1M::20231121,UNRESOLVED::COD::Q2.1M::20231121,,,,C03,,2023-11-21,1,2023-11-21,0,,2023-11-21,False,,2023-11-21,ANALYTICAL_ONLY_CANONICAL_SAMPLE_ID_DATE,ANALYTICAL_ONLY_EVENT,True,2023-11-21,0.4545378972377096,8.93244891525025,11.255466597420831,26.11169020973501,34.03135501344999,90.51087637032782,113.51757984821286,0.347648120799276,0.3464479895291695,0.33565041279287466,0.31222536739969226,0.28747273416341534,0.2594806883478542,0.2671528811445585,0.26385679977379184,0.26037195706807187,0.2516796322444653,0.2415008473282987,0.23497648418396294,11.367003925910462,11.060775075325013,10.930928910414092,10.763199033045073,10.367453657046982,35.860067717946336,68.89309290516583,149.55528933188816,296.5391517288423,434.4747914916518
UNRESOLVED::COD::Q2.1M::20240327,UNRESOLVED::COD::Q2.1M::20240327,,,,C04,,2024-03-27,1,2024-03-27,0,,2024-03-27,False,,2024-03-27,ANALYTICAL_ONLY_CANONICAL_SAMPLE_ID_DATE,ANALYTICAL_ONLY_EVENT,True,2024-03-27,6.521554405490558,20.00030590239026,48.88069278001785,89.37879588916189,198.41589619077385,333.51277358829975,464.11654635394615,0.4288541209491001,0.4055749602859879,0.3826121220797374,0.3912849524270745,0.3930696802868166,0.3907423501248483,0.3972059085603394,0.38815765860715307,0.38367980787716643,0.3940190891481471,0.38875132074827706,0.37817726280091524,10.488767268156977,10.824413522373328,10.583645398599971,10.700041685612774,10.736186334107343,24.30709335156259,55.96038669003227,119.9165628738486,251.892464396926,386.83892299846417
UNRESOLVED::COD::Q2.1M::20240626,UNRESOLVED::COD::Q2.1M::20240626,,,,C05,,2024-06-26,1,2024-06-26,0,,2024-06-26,False,,2024-06-26,ANALYTICAL_ONLY_CANONICAL_SAMPLE_ID_DATE,ANALYTICAL_ONLY_EVENT,True,2024-06-26,0.0,0.0,5.685812471877961,7.745401491721478,15.424953146349818,62.48177172199247,101.36706404921244,0.2561125268366525,0.30594947913642623,0.2361695326099768,0.21630759548513107,0.2591340608296673,0.29313870362412664,0.2784622783697639,0.28224910155951793,0.27491296444784463,0.28216706295295174,0.305684051287044,0.3307001624972017,8.151109725044957,8.730845968696412,8.97879270456815,9.698741383574012,9.970166354096715,23.090343556307644,44.5297162742973,109.66746026725438,224.51230246207618,350.73190733704257
UNRESOLVED::COD::Q2.1M::20241126,UNRESOLVED::COD::Q2.1M::20241126,,,,C06,,2024-11-26,1,2024-11-26,0,,2024-11-26,False,,2024-11-26,ANALYTICAL_ONLY_CANONICAL_SAMPLE_ID_DATE,ANALYTICAL_ONLY_EVENT,True,2024-11-26,2.8722382368785992,4.936500925748131,10.559454632302124,33.659432278502564,74.2090860703694,127.01341324368313,139.94371264948583,0.3990528128739725,0.3987603879257105,0.4030988915315056,0.35921950723088236,0.30322116816281197,0.26259867064423537,0.3395954418733629,0.32897914418168794,0.31673729377576476,0.2766209578823415,0.24809130815396951,0.23775593089587777,10.06739981872073,10.056381259658881,10.484190115196727,10.448728590924256,10.183572899343341,27.24608072655738,54.270191968693204,133.57744165669288,284.64999362137274,429.42655441819585
UNRESOLVED::COD::Q2.2L::20230621,UNRESOLVED::COD::Q2.2L::20230621,,,,C02,,2023-06-21,1,2023-06-21,0,,2023-06-21,False,,2023-06-21,ANALYTICAL_ONLY_CANONICAL_SAMPLE_ID_DATE,ANALYTICAL_ONLY_EVENT,True,2023-06-21,0.0,0.0,0.8041590877941677,2.508232894397917,5.11239187774204,60.07464989079606,131.69542872790424,0.186738412963632,0.20324431297833548,0.21261649810345803,0.24832953500227045,0.29666155029277264,0.3276259854120096,0.2855686804784285,0.29165183786843185,0.2976907247254056,0.3144611462768868,0.33782716798751716,0.3583000506435974,7.524609910611663,7.833352736208768,8.120623026035068,8.481905024926046,8.751147602957618,24.922699252994075,49.63884580169798,106.33499089176256,212.43465368802836,325.3965337755363
UNRESOLVED::METALS::Q2.1::20240322,UNRESOLVED::METALS::Q2.1::20240322,,,,C04,,2024-03-22,1,2024-03-22,0,,2024-03-22,False,,2024-03-22,ANALYTICAL_ONLY_CANONICAL_SAMPLE_ID_DATE,ANALYTICAL_ONLY_EVENT,True,2024-03-22,13.946698271092917,35.34356409808001,65.39704274563562,82.55509836049308,211.03699863098916,327.5274649308551,456.2854651565708,0.3963898454787414,0.3764676961103418,0.36949661143581425,0.3865040773601201,0.3914315818438716,0.38605790196432843,0.3830923281101821,0.3793534428968988,0.38526802985687203,0.39288109926359727,0.3865993366510958,0.37442488832663634,11.006299113308549,11.126706705531786,10.658106060432354,10.764036672760012,10.768959682336403,28.609229520910734,63.22216823955492,124.47554717174154,257.24952431083415,393.8031760340481
