date,system_time_start,precipitation_mm_day,sm_surface_0_7cm,sm_layer2_7_28cm,sm_layer3_28_100cm,sm_rootzone_0_100cm,tair_2m_K,tair_2m_C,pet_native_m_day,pet_native_mm_day,pet_magnitude_mm_day,roi_name,roi_area_km2,precipitation_source,hydroclimate_source,sm_rootzone_definition,pet_magnitude_definition,extraction_version
2022-12-01,1669852800000,0.0,0.2122935403518823,0.1988409222435629,0.2164607222599331,0.2124688615229318,284.7473982441632,11.597398244163228,-0.0064706448357918,-6.470644835791835,6.470644835791835,Razuhuillca_microcatchment,79.59237993166853,UCSB-CHG/CHIRPS/DAILY,ECMWF/ERA5_LAND/DAILY_AGGR,0.07*L1 + 0.21*L2 + 0.72*L3,-1*native_potential_evaporation_sum*1000,BLOCK_8.0D_R_v1
2022-12-02,1669939200000,0.0,0.1917722110344036,0.1960112694830333,0.2159824591840622,0.21009379197637,284.4840714816642,11.33407148166432,-0.0069961935454021,-6.99619354540213,6.99619354540213,Razuhuillca_microcatchment,79.59237993166853,UCSB-CHG/CHIRPS/DAILY,ECMWF/ERA5_LAND/DAILY_AGGR,0.07*L1 + 0.21*L2 + 0.72*L3,-1*native_potential_evaporation_sum*1000,BLOCK_8.0D_R_v1
2022-12-03,1670025600000,0.0,0.178743590279581,0.1929646640843738,0.2154520067865448,0.2081600756636014,283.59837096550564,10.448370965505642,-0.0061976097394965,-6.197609739496528,6.197609739496528,Razuhuillca_microcatchment,79.59237993166853,UCSB-CHG/CHIRPS/DAILY,ECMWF/ERA5_LAND/DAILY_AGGR,0.07*L1 + 0.21*L2 + 0.72*L3,-1*native_potential_evaporation_sum*1000,BLOCK_8.0D_R_v1
2022-12-04,1670112000000,0.0,0.1693444518454961,0.1904902449003304,0.2150194723022696,0.2066710831158882,282.7750126833172,9.625012683317186,-0.0060200668828335,-6.02006688283358,6.02006688283358,Razuhuillca_microcatchment,79.59237993166853,UCSB-CHG/CHIRPS/DAILY,ECMWF/ERA5_LAND/DAILY_AGGR,0.07*L1 + 0.21*L2 + 0.72*L3,-1*native_potential_evaporation_sum*1000,BLOCK_8.0D_R_v1
2022-12-05,1670198400000,0.0,0.1674759227186728,0.1884196507448405,0.2146786265290541,0.2058600523476426,281.9449584755135,8.794958475513528,-0.0052022200960644,-5.20222009606444,5.20222009606444,Razuhuillca_microcatchment,79.59237993166853,UCSB-CHG/CHIRPS/DAILY,ECMWF/ERA5_LAND/DAILY_AGGR,0.07*L1 + 0.21*L2 + 0.72*L3,-1*native_potential_evaporation_sum*1000,BLOCK_8.0D_R_v1
2022-12-06,1670284800000,0.0,0.1716425092693468,0.1870628937590788,0.2145004750216857,0.2057385253538745,282.4651701895947,9.31517018959474,-0.0055315973011055,-5.531597301105543,5.531597301105543,Razuhuillca_microcatchment,79.59237993166853,UCSB-CHG/CHIRPS/DAILY,ECMWF/ERA5_LAND/DAILY_AGGR,0.07*L1 + 0.21*L2 + 0.72*L3,-1*native_potential_evaporation_sum*1000,BLOCK_8.0D_R_v1
2022-12-07,1670371200000,1.8784338954303947,0.1963152839498942,0.1857674034574357,0.2142721223923052,0.2070291527250139,282.95880157088504,9.808801570885006,-0.0050978878071542,-5.097887807154241,5.097887807154241,Razuhuillca_microcatchment,79.59237993166853,UCSB-CHG/CHIRPS/DAILY,ECMWF/ERA5_LAND/DAILY_AGGR,0.07*L1 + 0.21*L2 + 0.72*L3,-1*native_potential_evaporation_sum*1000,BLOCK_8.0D_R_v1
2022-12-08,1670457600000,0.0,0.1950293634668251,0.1847974560393993,0.2140759190612675,0.2065941829350642,283.6455318877233,10.495531887723336,-0.0052680011429538,-5.268001142953861,5.268001142953861,Razuhuillca_microcatchment,79.59237993166853,UCSB-CHG/CHIRPS/DAILY,ECMWF/ERA5_LAND/DAILY_AGGR,0.07*L1 + 0.21*L2 + 0.72*L3,-1*native_potential_evaporation_sum*1000,BLOCK_8.0D_R_v1
2022-12-09,1670544000000,1.675768994681892,0.1969308504020088,0.1837951682206523,0.2138806418417047,0.2063762069805049,282.9881058400766,9.838105840076638,-0.0044762905622493,-4.476290562249333,4.476290562249333,Razuhuillca_microcatchment,79.59237993166853,UCSB-CHG/CHIRPS/DAILY,ECMWF/ERA5_LAND/DAILY_AGGR,0.07*L1 + 0.21*L2 + 0.72*L3,-1*native_potential_evaporation_sum*1000,BLOCK_8.0D_R_v1
2022-12-10,1670630400000,3.799539935375963,0.2161388139963609,0.1837446400195876,0.2138428476734198,0.2076829417087209,283.0239150207167,9.873915020716709,-0.0046558371513565,-4.655837151356515,4.655837151356515,Razuhuillca_microcatchment,79.59237993166853,UCSB-CHG/CHIRPS/DAILY,ECMWF/ERA5_LAND/DAILY_AGGR,0.07*L1 + 0.21*L2 + 0.72*L3,-1*native_potential_evaporation_sum*1000,BLOCK_8.0D_R_v1
2022-12-11,1670716800000,1.7701072783342429,0.2339345237423229,0.1844853527973152,0.2137766527532382,0.2090365307317304,283.1086282968981,9.95862829689807,-0.0052869076587561,-5.286907658756123,5.286907658756123,Razuhuillca_microcatchment,79.59237993166853,UCSB-CHG/CHIRPS/DAILY,ECMWF/ERA5_LAND/DAILY_AGGR,0.07*L1 + 0.21*L2 + 0.72*L3,-1*native_potential_evaporation_sum*1000,BLOCK_8.0D_R_v1
2022-12-12,1670803200000,6.123917454764957,0.2998063596457185,0.1890133176006104,0.2136902744829769,0.2145362394990718,282.45113284234134,9.30113284234138,-0.0037906872313146,-3.790687231314664,3.790687231314664,Razuhuillca_microcatchment,79.59237993166853,UCSB-CHG/CHIRPS/DAILY,ECMWF/ERA5_LAND/DAILY_AGGR,0.07*L1 + 0.21*L2 + 0.72*L3,-1*native_potential_evaporation_sum*1000,BLOCK_8.0D_R_v1
2022-12-13,1670889600000,0.0,0.378625454470831,0.224137241900082,0.2138724979407984,0.2275608011293502,281.2748478023991,8.124847802399218,-0.0035495588803566,-3.549558880356695,3.549558880356695,Razuhuillca_microcatchment,79.59237993166853,UCSB-CHG/CHIRPS/DAILY,ECMWF/ERA5_LAND/DAILY_AGGR,0.07*L1 + 0.21*L2 + 0.72*L3,-1*native_potential_evaporation_sum*1000,BLOCK_8.0D_R_v1
2022-12-14,1670976000000,0.0,0.337896571223676,0.2529515576959805,0.2141605553599451,0.2309681869609736,282.6454357852826,9.495435785282588,-0.0052131016905597,-5.213101690559718,5.213101690559718,Razuhuillca_microcatchment,79.59237993166853,UCSB-CHG/CHIRPS/DAILY,ECMWF/ERA5_LAND/DAILY_AGGR,0.07*L1 + 0.21*L2 + 0.72*L3,-1*native_potential_evaporation_sum*1000,BLOCK_8.0D_R_v1
2022-12-15,1671062400000,3.589607297664597,0.3138507666615392,0.2569260790168894,0.2143726642880596,0.2302723485472574,283.6478527341045,10.497852734104551,-0.0044280132547968,-4.428013254796839,4.428013254796839,Razuhuillca_microcatchment,79.59237993166853,UCSB-CHG/CHIRPS/DAILY,ECMWF/ERA5_LAND/DAILY_AGGR,0.07*L1 + 0.21*L2 + 0.72*L3,-1*native_potential_evaporation_sum*1000,BLOCK_8.0D_R_v1
2022-12-16,1671148800000,6.875403430490267,0.3997903614374943,0.2978398538049245,0.2148373223453588,0.2452145666883171,282.082219783511,8.932219783511016,-0.0028150292231857,-2.8150292231857432,2.8150292231857432,Razuhuillca_microcatchment,79.59237993166853,UCSB-CHG/CHIRPS/DAILY,ECMWF/ERA5_LAND/DAILY_AGGR,0.07*L1 + 0.21*L2 + 0.72*L3,-1*native_potential_evaporation_sum*1000,BLOCK_8.0D_R_v1
2022-12-17,1671235200000,0.0,0.3811166428876519,0.3339784692018248,0.2163764497907634,0.2526046873838685,281.85505641724103,8.705056417241058,-0.0042149086908108,-4.214908690810892,4.214908690810892,Razuhuillca_microcatchment,79.59237993166853,UCSB-CHG/CHIRPS/DAILY,ECMWF/ERA5_LAND/DAILY_AGGR,0.07*L1 + 0.21*L2 + 0.72*L3,-1*native_potential_evaporation_sum*1000,BLOCK_8.0D_R_v1
2022-12-18,1671321600000,0.0,0.4088937101566263,0.3602887375965743,0.2188985049150353,0.2618901181450698,282.3995401753626,9.249540175362622,-0.0041267779693438,-4.126777969343814,4.126777969343814,Razuhuillca_microcatchment,79.59237993166853,UCSB-CHG/CHIRPS/DAILY,ECMWF/ERA5_LAND/DAILY_AGGR,0.07*L1 + 0.21*L2 + 0.72*L3,-1*native_potential_evaporation_sum*1000,BLOCK_8.0D_R_v1
2022-12-19,1671408000000,0.0,0.3892198022390376,0.3718990774283289,0.2232321002350147,0.2660713045858923,282.7358825955547,9.585882595554748,-0.0047242392952731,-4.724239295273158,4.724239295273158,Razuhuillca_microcatchment,79.59237993166853,UCSB-CHG/CHIRPS/DAILY,ECMWF/ERA5_LAND/DAILY_AGGR,0.07*L1 + 0.21*L2 + 0.72*L3,-1*native_potential_evaporation_sum*1000,BLOCK_8.0D_R_v1
2022-12-20,1671494400000,2.4593316554313613,0.387906285839044,0.3664458133352055,0.2270043470496617,0.2675501906848826,282.7273907450123,9.5773907450123,-0.0040932227076822,-4.093222707682261,4.093222707682261,Razuhuillca_microcatchment,79.59237993166853,UCSB-CHG/CHIRPS/DAILY,ECMWF/ERA5_LAND/DAILY_AGGR,0.07*L1 + 0.21*L2 + 0.72*L3,-1*native_potential_evaporation_sum*1000,BLOCK_8.0D_R_v1
2022-12-21,1671580800000,0.2285162125314984,0.3751451128480063,0.3627285231514932,0.2302641455148685,0.2682233325318793,283.0309380106844,9.880938010684362,-0.0049410554973376,-4.941055497337628,4.941055497337628,Razuhuillca_microcatchment,79.59237993166853,UCSB-CHG/CHIRPS/DAILY,ECMWF/ERA5_LAND/DAILY_AGGR,0.07*L1 + 0.21*L2 + 0.72*L3,-1*native_potential_evaporation_sum*1000,BLOCK_8.0D_R_v1
2022-12-22,1671667200000,0.0,0.3648571426009396,0.3556421790738556,0.2328767096605833,0.2678960885431954,283.1435894534308,9.993589453430785,-0.0048077766261348,-4.807776626134883,4.807776626134883,Razuhuillca_microcatchment,79.59237993166853,UCSB-CHG/CHIRPS/DAILY,ECMWF/ERA5_LAND/DAILY_AGGR,0.07*L1 + 0.21*L2 + 0.72*L3,-1*native_potential_evaporation_sum*1000,BLOCK_8.0D_R_v1
2022-12-23,1671753600000,0.0,0.3627140949227216,0.3489308880932759,0.2349676488681565,0.2678421803292511,283.1254422329294,9.975442232929453,-0.0046656780763168,-4.665678076316856,4.665678076316856,Razuhuillca_microcatchment,79.59237993166853,UCSB-CHG/CHIRPS/DAILY,ECMWF/ERA5_LAND/DAILY_AGGR,0.07*L1 + 0.21*L2 + 0.72*L3,-1*native_potential_evaporation_sum*1000,BLOCK_8.0D_R_v1
2022-12-24,1671840000000,10.512052401900291,0.3716513205585222,0.3498893215936502,0.2369033725275469,0.2700627781935969,284.7082549887125,11.55825498871262,-0.0051333898667655,-5.133389866765524,5.133389866765524,Razuhuillca_microcatchment,79.59237993166853,UCSB-CHG/CHIRPS/DAILY,ECMWF/ERA5_LAND/DAILY_AGGR,0.07*L1 + 0.21*L2 + 0.72*L3,-1*native_potential_evaporation_sum*1000,BLOCK_8.0D_R_v1
2022-12-25,1671926400000,10.414150431042623,0.3746873308009035,0.3496239612557295,0.2388082699049874,0.2715910993513574,283.7809442913372,10.63094429133717,-0.0039267733779256,-3.926773377925674,3.926773377925674,Razuhuillca_microcatchment,79.59237993166853,UCSB-CHG/CHIRPS/DAILY,ECMWF/ERA5_LAND/DAILY_AGGR,0.07*L1 + 0.21*L2 + 0.72*L3,-1*native_potential_evaporation_sum*1000,BLOCK_8.0D_R_v1
2022-12-26,1672012800000,7.338538357189723,0.407990497890465,0.3671753466244147,0.2412760188813843,0.2793848912380563,282.2993201511213,9.149320151121424,-0.0036234796219478,-3.623479621947845,3.623479621947845,Razuhuillca_microcatchment,79.59237993166853,UCSB-CHG/CHIRPS/DAILY,ECMWF/ERA5_LAND/DAILY_AGGR,0.07*L1 + 0.21*L2 + 0.72*L3,-1*native_potential_evaporation_sum*1000,BLOCK_8.0D_R_v1
2022-12-27,1672099200000,0.0,0.3955568523076228,0.3790800282031814,0.2456763420031479,0.2841827518264682,282.5611852157092,9.411185215709304,-0.0045346323982139,-4.5346323982139545,4.5346323982139545,Razuhuillca_microcatchment,79.59237993166853,UCSB-CHG/CHIRPS/DAILY,ECMWF/ERA5_LAND/DAILY_AGGR,0.07*L1 + 0.21*L2 + 0.72*L3,-1*native_potential_evaporation_sum*1000,BLOCK_8.0D_R_v1
2022-12-28,1672185600000,0.0,0.3964402744535766,0.3804383250330224,0.2500369893333126,0.2876694997886702,282.46970716560963,9.319707165609673,-0.0050920731242681,-5.092073124268151,5.092073124268151,Razuhuillca_microcatchment,79.59237993166853,UCSB-CHG/CHIRPS/DAILY,ECMWF/ERA5_LAND/DAILY_AGGR,0.07*L1 + 0.21*L2 + 0.72*L3,-1*native_potential_evaporation_sum*1000,BLOCK_8.0D_R_v1
2022-12-29,1672272000000,14.06394337046714,0.3842491083751524,0.3724098867074602,0.2537432654055556,0.2877986648868273,282.992553589661,9.84255358966102,-0.0041159473661053,-4.115947366105338,4.115947366105338,Razuhuillca_microcatchment,79.59237993166853,UCSB-CHG/CHIRPS/DAILY,ECMWF/ERA5_LAND/DAILY_AGGR,0.07*L1 + 0.21*L2 + 0.72*L3,-1*native_potential_evaporation_sum*1000,BLOCK_8.0D_R_v1
2022-12-30,1672358400000,8.58933832957631,0.3775771697821645,0.3679863372979136,0.2567176451343103,0.2885442372140168,282.7336074373396,9.583607437339628,-0.0043578763745423,-4.357876374542369,4.357876374542369,Razuhuillca_microcatchment,79.59237993166853,UCSB-CHG/CHIRPS/DAILY,ECMWF/ERA5_LAND/DAILY_AGGR,0.07*L1 + 0.21*L2 + 0.72*L3,-1*native_potential_evaporation_sum*1000,BLOCK_8.0D_R_v1
2022-12-31,1672444800000,14.46001407504082,0.4064735971204577,0.3731582509299923,0.2594337169375263,0.2936086606887493,281.9534275223984,8.803427522398412,-0.0031145854147872,-3.1145854147872485,3.1145854147872485,Razuhuillca_microcatchment,79.59237993166853,UCSB-CHG/CHIRPS/DAILY,ECMWF/ERA5_LAND/DAILY_AGGR,0.07*L1 + 0.21*L2 + 0.72*L3,-1*native_potential_evaporation_sum*1000,BLOCK_8.0D_R_v1
2023-01-01,1672531200000,3.849432839169389,0.3899765676156634,0.3807538019669079,0.2634469916136048,0.2969384921079426,282.3291419071499,9.17914190714989,-0.0047102225998233,-4.710222599823351,4.710222599823351,Razuhuillca_microcatchment,79.59237993166853,UCSB-CHG/CHIRPS/DAILY,ECMWF/ERA5_LAND/DAILY_AGGR,0.07*L1 + 0.21*L2 + 0.72*L3,-1*native_potential_evaporation_sum*1000,BLOCK_8.0D_R_v1
2023-01-02,1672617600000,0.8111072622594381,0.3841768202294733,0.3727401373243975,0.2666939090442105,0.2971874207660182,282.86188670987104,9.7118867098711,-0.0050667927874995,-5.066792787499511,5.066792787499511,Razuhuillca_microcatchment,79.59237993166853,UCSB-CHG/CHIRPS/DAILY,ECMWF/ERA5_LAND/DAILY_AGGR,0.07*L1 + 0.21*L2 + 0.72*L3,-1*native_potential_evaporation_sum*1000,BLOCK_8.0D_R_v1
2023-01-03,1672704000000,2.5168987835447,0.4031233410844453,0.3757777939871786,0.2694126967060772,0.3011091122415942,283.2408505331344,10.090850533134466,-0.0046801816004549,-4.680181600454914,4.680181600454914,Razuhuillca_microcatchment,79.59237993166853,UCSB-CHG/CHIRPS/DAILY,ECMWF/ERA5_LAND/DAILY_AGGR,0.07*L1 + 0.21*L2 + 0.72*L3,-1*native_potential_evaporation_sum*1000,BLOCK_8.0D_R_v1
2023-01-04,1672790400000,19.439768819581893,0.413590785855273,0.3915905373633941,0.2734652686440646,0.3080803612799084,283.07043630493405,9.920436304934029,-0.0033050070522148,-3.3050070522148483,3.3050070522148483,Razuhuillca_microcatchment,79.59237993166853,UCSB-CHG/CHIRPS/DAILY,ECMWF/ERA5_LAND/DAILY_AGGR,0.07*L1 + 0.21*L2 + 0.72*L3,-1*native_potential_evaporation_sum*1000,BLOCK_8.0D_R_v1
2023-01-05,1672876800000,4.580566496721335,0.4082552628710091,0.39455280781711,0.2791677338998901,0.3124347264504846,282.4134008448018,9.263400844801865,-0.0036870084832169,-3.687008483216942,3.687008483216942,Razuhuillca_microcatchment,79.59237993166853,UCSB-CHG/CHIRPS/DAILY,ECMWF/ERA5_LAND/DAILY_AGGR,0.07*L1 + 0.21*L2 + 0.72*L3,-1*native_potential_evaporation_sum*1000,BLOCK_8.0D_R_v1
2023-01-06,1672963200000,0.0,0.4114941135766648,0.399522222765149,0.2855120642336806,0.3182729409792978,281.39269463864366,8.242694638643673,-0.0031265075926835,-3.126507592683583,3.126507592683583,Razuhuillca_microcatchment,79.59237993166853,UCSB-CHG/CHIRPS/DAILY,ECMWF/ERA5_LAND/DAILY_AGGR,0.07*L1 + 0.21*L2 + 0.72*L3,-1*native_potential_evaporation_sum*1000,BLOCK_8.0D_R_v1
2023-01-07,1673049600000,0.0,0.3961491189710437,0.3962073022919583,0.2920255495633693,0.3211923674949101,281.6857652425306,8.535765242530696,-0.0049475595527301,-4.947559552730163,4.947559552730163,Razuhuillca_microcatchment,79.59237993166853,UCSB-CHG/CHIRPS/DAILY,ECMWF/ERA5_LAND/DAILY_AGGR,0.07*L1 + 0.21*L2 + 0.72*L3,-1*native_potential_evaporation_sum*1000,BLOCK_8.0D_R_v1
2023-01-08,1673136000000,0.0,0.3733388059171407,0.3814284484510476,0.2959159895174764,0.319293203041503,282.123382373582,8.973382373581988,-0.0051077618505913,-5.10776185059134,5.10776185059134,Razuhuillca_microcatchment,79.59237993166853,UCSB-CHG/CHIRPS/DAILY,ECMWF/ERA5_LAND/DAILY_AGGR,0.07*L1 + 0.21*L2 + 0.72*L3,-1*native_potential_evaporation_sum*1000,BLOCK_8.0D_R_v1
2023-01-09,1673222400000,0.0,0.3721481903899381,0.3701446400901485,0.2979539419185219,0.3183075859275626,282.3234814109141,9.17348141091411,-0.004471962076391,-4.471962076391098,4.471962076391098,Razuhuillca_microcatchment,79.59237993166853,UCSB-CHG/CHIRPS/DAILY,ECMWF/ERA5_LAND/DAILY_AGGR,0.07*L1 + 0.21*L2 + 0.72*L3,-1*native_potential_evaporation_sum*1000,BLOCK_8.0D_R_v1
2023-01-10,1673308800000,0.3777339628764561,0.382656795670761,0.3672526806076138,0.2995453321864839,0.3195816777988205,282.5724024689956,9.422402468995587,-0.004135113532488,-4.135113532488056,4.135113532488056,Razuhuillca_microcatchment,79.59237993166853,UCSB-CHG/CHIRPS/DAILY,ECMWF/ERA5_LAND/DAILY_AGGR,0.07*L1 + 0.21*L2 + 0.72*L3,-1*native_potential_evaporation_sum*1000,BLOCK_8.0D_R_v1
2023-01-11,1673395200000,0.0,0.3886996914196565,0.3712947970410533,0.3012012819793642,0.3220458088031394,282.6369254125106,9.486925412510658,-0.004786890236973,-4.786890236973073,4.786890236973073,Razuhuillca_microcatchment,79.59237993166853,UCSB-CHG/CHIRPS/DAILY,ECMWF/ERA5_LAND/DAILY_AGGR,0.07*L1 + 0.21*L2 + 0.72*L3,-1*native_potential_evaporation_sum*1000,BLOCK_8.0D_R_v1
2023-01-12,1673481600000,5.174183751855578,0.3831701076559018,0.370488514100885,0.3028235499799137,0.3226574514826368,283.4786286767508,10.328628676750792,-0.0058302785878236,-5.830278587823658,5.830278587823658,Razuhuillca_microcatchment,79.59237993166853,UCSB-CHG/CHIRPS/DAILY,ECMWF/ERA5_LAND/DAILY_AGGR,0.07*L1 + 0.21*L2 + 0.72*L3,-1*native_potential_evaporation_sum*1000,BLOCK_8.0D_R_v1
2023-01-13,1673568000000,3.250782255615507,0.3630118140365806,0.3639078893643123,0.304112465625094,0.3207924589991339,283.50616039430474,10.356160394304757,-0.00506351082828,-5.063510828280035,5.063510828280035,Razuhuillca_microcatchment,79.59237993166853,UCSB-CHG/CHIRPS/DAILY,ECMWF/ERA5_LAND/DAILY_AGGR,0.07*L1 + 0.21*L2 + 0.72*L3,-1*native_potential_evaporation_sum*1000,BLOCK_8.0D_R_v1
2023-01-14,1673654400000,3.563829027471088,0.354613214099568,0.3571462649600813,0.3049924075029258,0.3194181740306934,283.56554570133744,10.415545701337496,-0.0054209544565636,-5.42095445656363,5.42095445656363,Razuhuillca_microcatchment,79.59237993166853,UCSB-CHG/CHIRPS/DAILY,ECMWF/ERA5_LAND/DAILY_AGGR,0.07*L1 + 0.21*L2 + 0.72*L3,-1*native_potential_evaporation_sum*1000,BLOCK_8.0D_R_v1
2023-01-15,1673740800000,0.0,0.3446465898341067,0.3504270910068284,0.3055577030071633,0.3177164965649791,283.04222723238735,9.892227232387334,-0.0045161080153691,-4.516108015369128,4.516108015369128,Razuhuillca_microcatchment,79.59237993166853,UCSB-CHG/CHIRPS/DAILY,ECMWF/ERA5_LAND/DAILY_AGGR,0.07*L1 + 0.21*L2 + 0.72*L3,-1*native_potential_evaporation_sum*1000,BLOCK_8.0D_R_v1
2023-01-16,1673827200000,0.0,0.3417655856623126,0.3454435087582509,0.305997517756644,0.3167849406203782,282.5855198126997,9.435519812699695,-0.0053249952421022,-5.324995242102298,5.324995242102298,Razuhuillca_microcatchment,79.59237993166853,UCSB-CHG/CHIRPS/DAILY,ECMWF/ERA5_LAND/DAILY_AGGR,0.07*L1 + 0.21*L2 + 0.72*L3,-1*native_potential_evaporation_sum*1000,BLOCK_8.0D_R_v1
2023-01-17,1673913600000,0.0,0.3296065578570945,0.3392492966844856,0.3060947300611433,0.3147030169977618,282.7321973921936,9.582197392193605,-0.0053627941908174,-5.362794190817485,5.362794190817485,Razuhuillca_microcatchment,79.59237993166853,UCSB-CHG/CHIRPS/DAILY,ECMWF/ERA5_LAND/DAILY_AGGR,0.07*L1 + 0.21*L2 + 0.72*L3,-1*native_potential_evaporation_sum*1000,BLOCK_8.0D_R_v1
2023-01-18,1674000000000,12.949259186074851,0.3760934730485684,0.340235693606338,0.3061177652465585,0.3181808297482529,282.1937424837968,9.043742483796882,-0.0034938564448687,-3.493856444868738,3.493856444868738,Razuhuillca_microcatchment,79.59237993166853,UCSB-CHG/CHIRPS/DAILY,ECMWF/ERA5_LAND/DAILY_AGGR,0.07*L1 + 0.21*L2 + 0.72*L3,-1*native_potential_evaporation_sum*1000,BLOCK_8.0D_R_v1
2023-01-19,1674086400000,18.12514831906273,0.4054405859210358,0.3678749723930579,0.307228066328633,0.3268387929736304,281.8738717646957,8.723871764695726,-0.0041130284611889,-4.113028461188939,4.113028461188939,Razuhuillca_microcatchment,79.59237993166853,UCSB-CHG/CHIRPS/DAILY,ECMWF/ERA5_LAND/DAILY_AGGR,0.07*L1 + 0.21*L2 + 0.72*L3,-1*native_potential_evaporation_sum*1000,BLOCK_8.0D_R_v1
2023-01-20,1674172800000,0.0,0.4059691419950569,0.3869481132669026,0.310291022004879,0.3330864795692164,281.8287278507945,8.678727850794585,-0.0043447028867082,-4.34470288670821,4.34470288670821,Razuhuillca_microcatchment,79.59237993166853,UCSB-CHG/CHIRPS/DAILY,ECMWF/ERA5_LAND/DAILY_AGGR,0.07*L1 + 0.21*L2 + 0.72*L3,-1*native_potential_evaporation_sum*1000,BLOCK_8.0D_R_v1
2023-01-21,1674259200000,0.2843045571020671,0.3949626011196129,0.3857058596748837,0.3137043712226411,0.3345127598904001,282.328217651573,9.17821765157303,-0.0045177505884556,-4.517750588455641,4.517750588455641,Razuhuillca_microcatchment,79.59237993166853,UCSB-CHG/CHIRPS/DAILY,ECMWF/ERA5_LAND/DAILY_AGGR,0.07*L1 + 0.21*L2 + 0.72*L3,-1*native_potential_evaporation_sum*1000,BLOCK_8.0D_R_v1
2023-01-22,1674345600000,5.541948788932392,0.3930192149902815,0.3829730406891634,0.3164710116524227,0.3357948119837884,282.56747447916075,9.417474479160823,-0.004371496423476,-4.371496423476003,4.371496423476003,Razuhuillca_microcatchment,79.59237993166853,UCSB-CHG/CHIRPS/DAILY,ECMWF/ERA5_LAND/DAILY_AGGR,0.07*L1 + 0.21*L2 + 0.72*L3,-1*native_potential_evaporation_sum*1000,BLOCK_8.0D_R_v1
2023-01-23,1674432000000,0.0,0.3780815330314269,0.3786923954252562,0.3187576727600685,0.335496634738753,282.429803958518,9.27980395851799,-0.005220330648684,-5.220330648684088,5.220330648684088,Razuhuillca_microcatchment,79.59237993166853,UCSB-CHG/CHIRPS/DAILY,ECMWF/ERA5_LAND/DAILY_AGGR,0.07*L1 + 0.21*L2 + 0.72*L3,-1*native_potential_evaporation_sum*1000,BLOCK_8.0D_R_v1
2023-01-24,1674518400000,0.6331492531157675,0.3564481386100166,0.368087772229733,0.3199700519069312,0.3326282392439355,282.7936917086327,9.643691708632756,-0.0053175298034111,-5.31752980341112,5.31752980341112,Razuhuillca_microcatchment,79.59237993166853,UCSB-CHG/CHIRPS/DAILY,ECMWF/ERA5_LAND/DAILY_AGGR,0.07*L1 + 0.21*L2 + 0.72*L3,-1*native_potential_evaporation_sum*1000,BLOCK_8.0D_R_v1
2023-01-25,1674604800000,0.0,0.3709117727702293,0.3615830739339192,0.3205851075277163,0.3327175470399948,282.8284781461506,9.678478146150658,-0.003929150156203,-3.9291501562030327,3.9291501562030327,Razuhuillca_microcatchment,79.59237993166853,UCSB-CHG/CHIRPS/DAILY,ECMWF/ERA5_LAND/DAILY_AGGR,0.07*L1 + 0.21*L2 + 0.72*L3,-1*native_potential_evaporation_sum*1000,BLOCK_8.0D_R_v1
2023-01-26,1674691200000,0.0,0.4026819570905211,0.3737849454199877,0.3217414348800747,0.3383364086481877,282.3547028925607,9.20470289256074,-0.0039313171554163,-3.9313171554163007,3.9313171554163007,Razuhuillca_microcatchment,79.59237993166853,UCSB-CHG/CHIRPS/DAILY,ECMWF/ERA5_LAND/DAILY_AGGR,0.07*L1 + 0.21*L2 + 0.72*L3,-1*native_potential_evaporation_sum*1000,BLOCK_8.0D_R_v1
2023-01-27,1674777600000,0.0,0.419480204352524,0.4022992929741596,0.3254022322638186,0.3481360730591996,282.45487557854034,9.30487557854038,-0.0037250519229497,-3.725051922949752,3.725051922949752,Razuhuillca_microcatchment,79.59237993166853,UCSB-CHG/CHIRPS/DAILY,ECMWF/ERA5_LAND/DAILY_AGGR,0.07*L1 + 0.21*L2 + 0.72*L3,-1*native_potential_evaporation_sum*1000,BLOCK_8.0D_R_v1
2023-01-28,1674864000000,2.0086183207375665,0.3968388772424245,0.3991251157198338,0.3311461704085098,0.3500202384022619,282.58824626650653,9.438246266506573,-0.0044411586199192,-4.441158619919264,4.441158619919264,Razuhuillca_microcatchment,79.59237993166853,UCSB-CHG/CHIRPS/DAILY,ECMWF/ERA5_LAND/DAILY_AGGR,0.07*L1 + 0.21*L2 + 0.72*L3,-1*native_potential_evaporation_sum*1000,BLOCK_8.0D_R_v1
2023-01-29,1674950400000,0.0,0.400400209518756,0.3915415269561355,0.3343104728154824,0.3509552757542486,282.355330656489,9.205330656489004,-0.0039558148797536,-3.9558148797536856,3.9558148797536856,Razuhuillca_microcatchment,79.59237993166853,UCSB-CHG/CHIRPS/DAILY,ECMWF/ERA5_LAND/DAILY_AGGR,0.07*L1 + 0.21*L2 + 0.72*L3,-1*native_potential_evaporation_sum*1000,BLOCK_8.0D_R_v1
2023-01-30,1675036800000,35.203231374422714,0.4275062097979417,0.4151112073189031,0.3407091092971478,0.3624093469167719,281.8587630277424,8.708763027742442,-0.0028156672598998,-2.815667259899867,2.815667259899867,Razuhuillca_microcatchment,79.59237993166853,UCSB-CHG/CHIRPS/DAILY,ECMWF/ERA5_LAND/DAILY_AGGR,0.07*L1 + 0.21*L2 + 0.72*L3,-1*native_potential_evaporation_sum*1000,BLOCK_8.0D_R_v1
2023-01-31,1675123200000,0.0,0.416848313142339,0.4143498518104038,0.3538964846690036,0.3709983197618311,282.0570760774704,8.907076077470466,-0.0034659919625072,-3.4659919625072804,3.4659919625072804,Razuhuillca_microcatchment,79.59237993166853,UCSB-CHG/CHIRPS/DAILY,ECMWF/ERA5_LAND/DAILY_AGGR,0.07*L1 + 0.21*L2 + 0.72*L3,-1*native_potential_evaporation_sum*1000,BLOCK_8.0D_R_v1
2023-02-01,1675209600000,31.32714076836904,0.4236904247188384,0.4203415909254482,0.3617527801866476,0.3783920655590491,282.0533889263351,8.903388926335174,-0.0027901232673253,-2.790123267325362,2.790123267325362,Razuhuillca_microcatchment,79.59237993166853,UCSB-CHG/CHIRPS/DAILY,ECMWF/ERA5_LAND/DAILY_AGGR,0.07*L1 + 0.21*L2 + 0.72*L3,-1*native_potential_evaporation_sum*1000,BLOCK_8.0D_R_v1
2023-02-02,1675296000000,0.0,0.4004309843500685,0.4094947785541042,0.369405548007502,0.3799960669662681,282.4666608689148,9.316660868914864,-0.0042623794836805,-4.262379483680504,4.262379483680504,Razuhuillca_microcatchment,79.59237993166853,UCSB-CHG/CHIRPS/DAILY,ECMWF/ERA5_LAND/DAILY_AGGR,0.07*L1 + 0.21*L2 + 0.72*L3,-1*native_potential_evaporation_sum*1000,BLOCK_8.0D_R_v1
2023-02-03,1675382400000,0.808696367201351,0.3945801611810291,0.3988539047094209,0.3715856732201254,0.3789216159901407,282.1992197569624,9.049219756962502,-0.0037297038845933,-3.729703884593324,3.729703884593324,Razuhuillca_microcatchment,79.59237993166853,UCSB-CHG/CHIRPS/DAILY,ECMWF/ERA5_LAND/DAILY_AGGR,0.07*L1 + 0.21*L2 + 0.72*L3,-1*native_potential_evaporation_sum*1000,BLOCK_8.0D_R_v1
2023-02-04,1675468800000,0.0,0.4026193122643266,0.3962743571727951,0.3726655816756232,0.3797201856712385,281.6608754821366,8.510875482136598,-0.0030648441759148,-3.0648441759148084,3.0648441759148084,Razuhuillca_microcatchment,79.59237993166853,UCSB-CHG/CHIRPS/DAILY,ECMWF/ERA5_LAND/DAILY_AGGR,0.07*L1 + 0.21*L2 + 0.72*L3,-1*native_potential_evaporation_sum*1000,BLOCK_8.0D_R_v1
2023-02-05,1675555200000,0.0,0.4193877953325393,0.4071541567528637,0.3745468007346798,0.3845332151203485,281.78273206133827,8.632732061338356,-0.0033902636583829,-3.3902636583829886,3.3902636583829886,Razuhuillca_microcatchment,79.59237993166853,UCSB-CHG/CHIRPS/DAILY,ECMWF/ERA5_LAND/DAILY_AGGR,0.07*L1 + 0.21*L2 + 0.72*L3,-1*native_potential_evaporation_sum*1000,BLOCK_8.0D_R_v1
2023-02-06,1675641600000,0.0,0.4213994674829618,0.4161905865678437,0.3791295714920426,0.3898712773773251,281.5901951247787,8.440195124778713,-0.0038014378592458,-3.801437859245808,3.801437859245808,Razuhuillca_microcatchment,79.59237993166853,UCSB-CHG/CHIRPS/DAILY,ECMWF/ERA5_LAND/DAILY_AGGR,0.07*L1 + 0.21*L2 + 0.72*L3,-1*native_potential_evaporation_sum*1000,BLOCK_8.0D_R_v1
2023-02-07,1675728000000,0.0,0.409231193263177,0.4137252851717733,0.3843230245660035,0.3922410711020173,281.9595305639425,8.809530563942507,-0.0046308091868554,-4.630809186855492,4.630809186855492,Razuhuillca_microcatchment,79.59237993166853,UCSB-CHG/CHIRPS/DAILY,ECMWF/ERA5_LAND/DAILY_AGGR,0.07*L1 + 0.21*L2 + 0.72*L3,-1*native_potential_evaporation_sum*1000,BLOCK_8.0D_R_v1
2023-02-08,1675814400000,0.0,0.3920701050804299,0.4025996434206217,0.385841252027449,0.389796533933724,282.4989797118082,9.348979711808258,-0.0050396727602605,-5.039672760260587,5.039672760260587,Razuhuillca_microcatchment,79.59237993166853,UCSB-CHG/CHIRPS/DAILY,ECMWF/ERA5_LAND/DAILY_AGGR,0.07*L1 + 0.21*L2 + 0.72*L3,-1*native_potential_evaporation_sum*1000,BLOCK_8.0D_R_v1
2023-02-09,1675900800000,30.91413104817981,0.3823100992250534,0.3921637195153502,0.3855508572793421,0.3867127052851035,282.65734947807294,9.507349478073,-0.0050447019452304,-5.044701945230451,5.044701945230451,Razuhuillca_microcatchment,79.59237993166853,UCSB-CHG/CHIRPS/DAILY,ECMWF/ERA5_LAND/DAILY_AGGR,0.07*L1 + 0.21*L2 + 0.72*L3,-1*native_potential_evaporation_sum*1000,BLOCK_8.0D_R_v1
2023-02-10,1675987200000,0.0,0.380350524520139,0.3848722821715249,0.3846856045585147,0.3844213512545605,282.6983023038948,9.548302303894896,-0.0045046357147266,-4.504635714726641,4.504635714726641,Razuhuillca_microcatchment,79.59237993166853,UCSB-CHG/CHIRPS/DAILY,ECMWF/ERA5_LAND/DAILY_AGGR,0.07*L1 + 0.21*L2 + 0.72*L3,-1*native_potential_evaporation_sum*1000,BLOCK_8.0D_R_v1
2023-02-11,1676073600000,2.509405526376906,0.4073874449683981,0.3911202932368813,0.3840158973355743,0.3871438288091464,282.65960536434926,9.509605364349326,-0.0032825583667424,-3.282558366742437,3.282558366742437,Razuhuillca_microcatchment,79.59237993166853,UCSB-CHG/CHIRPS/DAILY,ECMWF/ERA5_LAND/DAILY_AGGR,0.07*L1 + 0.21*L2 + 0.72*L3,-1*native_potential_evaporation_sum*1000,BLOCK_8.0D_R_v1
2023-02-12,1676160000000,2.501796168230829,0.4071814219156901,0.4000757801739465,0.3845487568879173,0.3893937183299276,282.654535120852,9.504535120851994,-0.0035331051559806,-3.5331051559806554,3.5331051559806554,Razuhuillca_microcatchment,79.59237993166853,UCSB-CHG/CHIRPS/DAILY,ECMWF/ERA5_LAND/DAILY_AGGR,0.07*L1 + 0.21*L2 + 0.72*L3,-1*native_potential_evaporation_sum*1000,BLOCK_8.0D_R_v1
2023-02-13,1676246400000,7.159932635369755,0.4035624980007751,0.4041733199691037,0.3858877744288803,0.3909649696423598,282.8282433621916,9.67824336219159,-0.0039636696866481,-3.963669686648198,3.963669686648198,Razuhuillca_microcatchment,79.59237993166853,UCSB-CHG/CHIRPS/DAILY,ECMWF/ERA5_LAND/DAILY_AGGR,0.07*L1 + 0.21*L2 + 0.72*L3,-1*native_potential_evaporation_sum*1000,BLOCK_8.0D_R_v1
2023-02-14,1676332800000,15.657771742060072,0.3920571211445538,0.3978785292491288,0.3864762557953998,0.3892613937951237,283.13890884561107,9.988908845611167,-0.0042480898730327,-4.248089873032764,4.248089873032764,Razuhuillca_microcatchment,79.59237993166853,UCSB-CHG/CHIRPS/DAILY,ECMWF/ERA5_LAND/DAILY_AGGR,0.07*L1 + 0.21*L2 + 0.72*L3,-1*native_potential_evaporation_sum*1000,BLOCK_8.0D_R_v1
2023-02-15,1676419200000,0.1665899405876795,0.399953540809352,0.3943754684948048,0.3862293552112028,0.3889007319926297,283.0175432414677,9.867543241467786,-0.0044862299813011,-4.486229981301148,4.486229981301148,Razuhuillca_microcatchment,79.59237993166853,UCSB-CHG/CHIRPS/DAILY,ECMWF/ERA5_LAND/DAILY_AGGR,0.07*L1 + 0.21*L2 + 0.72*L3,-1*native_potential_evaporation_sum*1000,BLOCK_8.0D_R_v1
2023-02-16,1676505600000,5.833108142727897,0.4157651265462239,0.4036586188167506,0.3865627259417996,0.3921970314878489,282.5618876602378,9.411887660237896,-0.0028927718111545,-2.892771811154536,2.892771811154536,Razuhuillca_microcatchment,79.59237993166853,UCSB-CHG/CHIRPS/DAILY,ECMWF/ERA5_LAND/DAILY_AGGR,0.07*L1 + 0.21*L2 + 0.72*L3,-1*native_potential_evaporation_sum*1000,BLOCK_8.0D_R_v1
2023-02-17,1676592000000,16.026498770429974,0.4048303556350385,0.4096984789780338,0.3894488715022974,0.394777992961494,282.83779299741536,9.687792997415372,-0.0045781185947401,-4.578118594740167,4.578118594740167,Razuhuillca_microcatchment,79.59237993166853,UCSB-CHG/CHIRPS/DAILY,ECMWF/ERA5_LAND/DAILY_AGGR,0.07*L1 + 0.21*L2 + 0.72*L3,-1*native_potential_evaporation_sum*1000,BLOCK_8.0D_R_v1
2023-02-18,1676678400000,28.0850963535763,0.4181200773500064,0.4119614360419771,0.3912109088346447,0.3974521613442598,282.7823956256197,9.63239562561977,-0.0038177377915795,-3.8177377915795834,3.8177377915795834,Razuhuillca_microcatchment,79.59237993166853,UCSB-CHG/CHIRPS/DAILY,ECMWF/ERA5_LAND/DAILY_AGGR,0.07*L1 + 0.21*L2 + 0.72*L3,-1*native_potential_evaporation_sum*1000,BLOCK_8.0D_R_v1
2023-02-19,1676764800000,21.50415134429932,0.4185736000193336,0.4154115834906841,0.3938273758787181,0.400092295167074,282.77521083074726,9.625210830747305,-0.003091095241508,-3.091095241508043,3.091095241508043,Razuhuillca_microcatchment,79.59237993166853,UCSB-CHG/CHIRPS/DAILY,ECMWF/ERA5_LAND/DAILY_AGGR,0.07*L1 + 0.21*L2 + 0.72*L3,-1*native_potential_evaporation_sum*1000,BLOCK_8.0D_R_v1
2023-02-20,1676851200000,0.0,0.4035076148707513,0.4101495320167614,0.395913074471358,0.3994343483838501,282.7216615548253,9.571661554825363,-0.0048490468132702,-4.84904681327026,4.84904681327026,Razuhuillca_microcatchment,79.59237993166853,UCSB-CHG/CHIRPS/DAILY,ECMWF/ERA5_LAND/DAILY_AGGR,0.07*L1 + 0.21*L2 + 0.72*L3,-1*native_potential_evaporation_sum*1000,BLOCK_8.0D_R_v1
2023-02-21,1676937600000,0.0,0.4014276713994196,0.4046231933182145,0.3960382759226539,0.3982183662590952,282.729524311073,9.57952431107303,-0.0043407518395109,-4.340751839510967,4.340751839510967,Razuhuillca_microcatchment,79.59237993166853,UCSB-CHG/CHIRPS/DAILY,ECMWF/ERA5_LAND/DAILY_AGGR,0.07*L1 + 0.21*L2 + 0.72*L3,-1*native_potential_evaporation_sum*1000,BLOCK_8.0D_R_v1
2023-02-22,1677024000000,0.8499367290309499,0.401248461478937,0.4004073868826864,0.3955640664220086,0.3969790713727359,282.6360565288448,9.486056528844824,-0.0040514613851646,-4.051461385164646,4.051461385164646,Razuhuillca_microcatchment,79.59237993166853,UCSB-CHG/CHIRPS/DAILY,ECMWF/ERA5_LAND/DAILY_AGGR,0.07*L1 + 0.21*L2 + 0.72*L3,-1*native_potential_evaporation_sum*1000,BLOCK_8.0D_R_v1
2023-02-23,1677110400000,2.621072754263878,0.3976358623173884,0.4010416740167576,0.3953107381831703,0.396676993397619,282.7233063876054,9.573306387605474,-0.0045934455157015,-4.593445515701537,4.593445515701537,Razuhuillca_microcatchment,79.59237993166853,UCSB-CHG/CHIRPS/DAILY,ECMWF/ERA5_LAND/DAILY_AGGR,0.07*L1 + 0.21*L2 + 0.72*L3,-1*native_potential_evaporation_sum*1000,BLOCK_8.0D_R_v1
2023-02-24,1677196800000,0.3973642470581191,0.3877352822952417,0.394018239368593,0.3944625413486722,0.3938983297991155,282.9828896641961,9.832889664196127,-0.0044149282695241,-4.414928269524106,4.414928269524106,Razuhuillca_microcatchment,79.59237993166853,UCSB-CHG/CHIRPS/DAILY,ECMWF/ERA5_LAND/DAILY_AGGR,0.07*L1 + 0.21*L2 + 0.72*L3,-1*native_potential_evaporation_sum*1000,BLOCK_8.0D_R_v1
2023-02-25,1677283200000,7.036372095346451,0.3921308241827638,0.3938834423734043,0.3935957671589933,0.3935536329456836,282.9908053557997,9.840805355799716,-0.0041270742268231,-4.127074226823156,4.127074226823156,Razuhuillca_microcatchment,79.59237993166853,UCSB-CHG/CHIRPS/DAILY,ECMWF/ERA5_LAND/DAILY_AGGR,0.07*L1 + 0.21*L2 + 0.72*L3,-1*native_potential_evaporation_sum*1000,BLOCK_8.0D_R_v1
2023-02-26,1677369600000,0.0,0.4064383901842296,0.4005293689940936,0.3930555317902611,0.3955618376906436,283.0686100204556,9.91861002045562,-0.0044234680130302,-4.423468013030256,4.423468013030256,Razuhuillca_microcatchment,79.59237993166853,UCSB-CHG/CHIRPS/DAILY,ECMWF/ERA5_LAND/DAILY_AGGR,0.07*L1 + 0.21*L2 + 0.72*L3,-1*native_potential_evaporation_sum*1000,BLOCK_8.0D_R_v1
2023-02-27,1677456000000,7.578259766811416,0.3943081379855528,0.3966654996192064,0.3927448434407082,0.3936776118563319,283.01011469552515,9.86011469552516,-0.0039430149545559,-3.9430149545559297,3.9430149545559297,Razuhuillca_microcatchment,79.59237993166853,UCSB-CHG/CHIRPS/DAILY,ECMWF/ERA5_LAND/DAILY_AGGR,0.07*L1 + 0.21*L2 + 0.72*L3,-1*native_potential_evaporation_sum*1000,BLOCK_8.0D_R_v1
2023-02-28,1677542400000,0.1634058611733573,0.4101147734360886,0.4022693046025917,0.3926103735245721,0.3958640570447623,282.29855398497835,9.148553984978331,-0.0040211799861378,-4.021179986137876,4.021179986137876,Razuhuillca_microcatchment,79.59237993166853,UCSB-CHG/CHIRPS/DAILY,ECMWF/ERA5_LAND/DAILY_AGGR,0.07*L1 + 0.21*L2 + 0.72*L3,-1*native_potential_evaporation_sum*1000,BLOCK_8.0D_R_v1
2023-03-01,1677628800000,0.0,0.3900961903478368,0.3993337590800085,0.3928069149597991,0.3939878015022057,282.9897036285988,9.83970362859886,-0.005112132283649,-5.112132283649003,5.112132283649003,Razuhuillca_microcatchment,79.59237993166853,UCSB-CHG/CHIRPS/DAILY,ECMWF/ERA5_LAND/DAILY_AGGR,0.07*L1 + 0.21*L2 + 0.72*L3,-1*native_potential_evaporation_sum*1000,BLOCK_8.0D_R_v1
2023-03-02,1677715200000,0.0,0.3714638969112682,0.3890818079542332,0.3918893847162323,0.389870009449865,283.3808322899144,10.230832289914414,-0.0056415720912762,-5.641572091276246,5.641572091276246,Razuhuillca_microcatchment,79.59237993166853,UCSB-CHG/CHIRPS/DAILY,ECMWF/ERA5_LAND/DAILY_AGGR,0.07*L1 + 0.21*L2 + 0.72*L3,-1*native_potential_evaporation_sum*1000,BLOCK_8.0D_R_v1
2023-03-03,1677801600000,0.6175652146339417,0.3574251788659361,0.3777276702469254,0.3903560123921359,0.3853989021948077,283.2397575268167,10.0897575268167,-0.0045978322711294,-4.597832271129409,4.597832271129409,Razuhuillca_microcatchment,79.59237993166853,UCSB-CHG/CHIRPS/DAILY,ECMWF/ERA5_LAND/DAILY_AGGR,0.07*L1 + 0.21*L2 + 0.72*L3,-1*native_potential_evaporation_sum*1000,BLOCK_8.0D_R_v1
2023-03-04,1677888000000,0.0,0.3517035996982817,0.3691025184528446,0.388771817863332,0.3820464897155762,283.70793024331385,10.557930243313892,-0.0048732609418086,-4.873260941808623,4.873260941808623,Razuhuillca_microcatchment,79.59237993166853,UCSB-CHG/CHIRPS/DAILY,ECMWF/ERA5_LAND/DAILY_AGGR,0.07*L1 + 0.21*L2 + 0.72*L3,-1*native_potential_evaporation_sum*1000,BLOCK_8.0D_R_v1
2023-03-05,1677974400000,20.239668008827028,0.3623739180077936,0.3633654783686231,0.3871664807975636,0.3804327908922022,282.92831904534427,9.77831904534432,-0.0026891759968217,-2.6891759968217395,2.6891759968217395,Razuhuillca_microcatchment,79.59237993166853,UCSB-CHG/CHIRPS/DAILY,ECMWF/ERA5_LAND/DAILY_AGGR,0.07*L1 + 0.21*L2 + 0.72*L3,-1*native_potential_evaporation_sum*1000,BLOCK_8.0D_R_v1
2023-03-06,1678060800000,0.0,0.3964917655165714,0.3770913397875364,0.3861547885372918,0.3849750526883927,282.2566204879555,9.106620487955515,-0.0042259204766653,-4.225920476665386,4.225920476665386,Razuhuillca_microcatchment,79.59237993166853,UCSB-CHG/CHIRPS/DAILY,ECMWF/ERA5_LAND/DAILY_AGGR,0.07*L1 + 0.21*L2 + 0.72*L3,-1*native_potential_evaporation_sum*1000,BLOCK_8.0D_R_v1
2023-03-07,1678147200000,0.0,0.3755295226109969,0.3782561050444439,0.3851999492314509,0.3830648120887476,283.0881433689066,9.938143368906603,-0.0053462287077324,-5.346228707732493,5.346228707732493,Razuhuillca_microcatchment,79.59237993166853,UCSB-CHG/CHIRPS/DAILY,ECMWF/ERA5_LAND/DAILY_AGGR,0.07*L1 + 0.21*L2 + 0.72*L3,-1*native_potential_evaporation_sum*1000,BLOCK_8.0D_R_v1
2023-03-08,1678233600000,2.28457211738541,0.3660843615816737,0.3723752530783357,0.3840156841829333,0.3803160010688796,283.5752706031579,10.425270603157909,-0.0046912736630853,-4.69127366308532,4.69127366308532,Razuhuillca_microcatchment,79.59237993166853,UCSB-CHG/CHIRPS/DAILY,ECMWF/ERA5_LAND/DAILY_AGGR,0.07*L1 + 0.21*L2 + 0.72*L3,-1*native_potential_evaporation_sum*1000,BLOCK_8.0D_R_v1
2023-03-09,1678320000000,16.032411495844524,0.4091883716325999,0.3851515929822977,0.3832992267057385,0.3855004637686962,283.4215285608075,10.271528560807514,-0.0029640581049671,-2.9640581049671058,2.9640581049671058,Razuhuillca_microcatchment,79.59237993166853,UCSB-CHG/CHIRPS/DAILY,ECMWF/ERA5_LAND/DAILY_AGGR,0.07*L1 + 0.21*L2 + 0.72*L3,-1*native_potential_evaporation_sum*1000,BLOCK_8.0D_R_v1
2023-03-10,1678406400000,0.0,0.4229574038114161,0.4202048314559436,0.3902403403339128,0.3988230779129645,282.2167380522212,9.066738052221195,-0.0027739395726622,-2.7739395726622877,2.7739395726622877,Razuhuillca_microcatchment,79.59237993166853,UCSB-CHG/CHIRPS/DAILY,ECMWF/ERA5_LAND/DAILY_AGGR,0.07*L1 + 0.21*L2 + 0.72*L3,-1*native_potential_evaporation_sum*1000,BLOCK_8.0D_R_v1
2023-03-11,1678492800000,4.624250868601458,0.421501244194016,0.4213918307383396,0.3971933243591661,0.403976565087232,282.5199180191422,9.369918019142252,-0.0036345906770987,-3.634590677098732,3.634590677098732,Razuhuillca_microcatchment,79.59237993166853,UCSB-CHG/CHIRPS/DAILY,ECMWF/ERA5_LAND/DAILY_AGGR,0.07*L1 + 0.21*L2 + 0.72*L3,-1*native_potential_evaporation_sum*1000,BLOCK_8.0D_R_v1
2023-03-12,1678579200000,4.920749551483564,0.4073242488853734,0.4137189016176786,0.4005096744250699,0.403760632347739,282.90672349654176,9.756723496541817,-0.0037934324041956,-3.793432404195642,3.793432404195642,Razuhuillca_microcatchment,79.59237993166853,UCSB-CHG/CHIRPS/DAILY,ECMWF/ERA5_LAND/DAILY_AGGR,0.07*L1 + 0.21*L2 + 0.72*L3,-1*native_potential_evaporation_sum*1000,BLOCK_8.0D_R_v1
2023-03-13,1678665600000,0.0,0.4032073416002453,0.4080085717644076,0.4009638365523204,0.4026002763002134,282.7368563098944,9.586856309894456,-0.00399221208571,-3.992212085710096,3.992212085710096,Razuhuillca_microcatchment,79.59237993166853,UCSB-CHG/CHIRPS/DAILY,ECMWF/ERA5_LAND/DAILY_AGGR,0.07*L1 + 0.21*L2 + 0.72*L3,-1*native_potential_evaporation_sum*1000,BLOCK_8.0D_R_v1
2023-03-14,1678752000000,3.0964806097603974,0.4038010194811517,0.4060581185225118,0.4009110481982516,0.4021942309561492,282.77985852118394,9.629858521184032,-0.0040171117537972,-4.017111753797256,4.017111753797256,Razuhuillca_microcatchment,79.59237993166853,UCSB-CHG/CHIRPS/DAILY,ECMWF/ERA5_LAND/DAILY_AGGR,0.07*L1 + 0.21*L2 + 0.72*L3,-1*native_potential_evaporation_sum*1000,BLOCK_8.0D_R_v1
2023-03-15,1678838400000,2.78264155948446,0.4237314602772853,0.4168276299860665,0.4016531721934647,0.4063852884957785,282.5403652485166,9.390365248516613,-0.0036674798654683,-3.6674798654683056,3.6674798654683056,Razuhuillca_microcatchment,79.59237993166853,UCSB-CHG/CHIRPS/DAILY,ECMWF/ERA5_LAND/DAILY_AGGR,0.07*L1 + 0.21*L2 + 0.72*L3,-1*native_potential_evaporation_sum*1000,BLOCK_8.0D_R_v1
2023-03-16,1678924800000,6.334118486869904,0.4176756026427869,0.4195676777863548,0.4050053025027001,0.4089503223220735,282.7141077670059,9.564107767005886,-0.0035378780065244,-3.537878006524433,3.537878006524433,Razuhuillca_microcatchment,79.59237993166853,UCSB-CHG/CHIRPS/DAILY,ECMWF/ERA5_LAND/DAILY_AGGR,0.07*L1 + 0.21*L2 + 0.72*L3,-1*native_potential_evaporation_sum*1000,BLOCK_8.0D_R_v1
2023-03-17,1679011200000,0.0,0.4294678719287203,0.4270107511840115,0.4088965068662787,0.4141404937273735,281.84700130911,8.697001309110044,-0.0027577318897137,-2.757731889713706,2.757731889713706,Razuhuillca_microcatchment,79.59237993166853,UCSB-CHG/CHIRPS/DAILY,ECMWF/ERA5_LAND/DAILY_AGGR,0.07*L1 + 0.21*L2 + 0.72*L3,-1*native_potential_evaporation_sum*1000,BLOCK_8.0D_R_v1
2023-03-18,1679097600000,0.0,0.4196375955276635,0.4231811479336953,0.4138365104248987,0.4162049602589396,281.82324532598886,8.67324532598892,-0.0034547262970422,-3.4547262970422725,3.4547262970422725,Razuhuillca_microcatchment,79.59237993166853,UCSB-CHG/CHIRPS/DAILY,ECMWF/ERA5_LAND/DAILY_AGGR,0.07*L1 + 0.21*L2 + 0.72*L3,-1*native_potential_evaporation_sum*1000,BLOCK_8.0D_R_v1
2023-03-19,1679184000000,0.1975334684054057,0.4058471672337408,0.4156466798286217,0.4141543357128812,0.4138862261836468,281.41273487510017,8.262734875100206,-0.0037499162761462,-3.749916276146221,3.749916276146221,Razuhuillca_microcatchment,79.59237993166853,UCSB-CHG/CHIRPS/DAILY,ECMWF/ERA5_LAND/DAILY_AGGR,0.07*L1 + 0.21*L2 + 0.72*L3,-1*native_potential_evaporation_sum*1000,BLOCK_8.0D_R_v1
2023-03-20,1679270400000,4.920413965625422,0.4156000802512343,0.4125692554981032,0.4128471550913904,0.4129815009379891,282.15165530004487,9.001655300044833,-0.0033438045079308,-3.343804507930844,3.343804507930844,Razuhuillca_microcatchment,79.59237993166853,UCSB-CHG/CHIRPS/DAILY,ECMWF/ERA5_LAND/DAILY_AGGR,0.07*L1 + 0.21*L2 + 0.72*L3,-1*native_potential_evaporation_sum*1000,BLOCK_8.0D_R_v1
2023-03-21,1679356800000,0.0,0.412840918539117,0.4156498697681463,0.4123201976621771,0.4130558792658165,282.47855730736643,9.328557307366497,-0.0043381882799154,-4.338188279915407,4.338188279915407,Razuhuillca_microcatchment,79.59237993166853,UCSB-CHG/CHIRPS/DAILY,ECMWF/ERA5_LAND/DAILY_AGGR,0.07*L1 + 0.21*L2 + 0.72*L3,-1*native_potential_evaporation_sum*1000,BLOCK_8.0D_R_v1
2023-03-22,1679443200000,1.435629252166975,0.413746133705095,0.4134780354582505,0.4115577469901082,0.4121141946384672,282.5900140552852,9.44001405528519,-0.0040415549984557,-4.041554998455709,4.041554998455709,Razuhuillca_microcatchment,79.59237993166853,UCSB-CHG/CHIRPS/DAILY,ECMWF/ERA5_LAND/DAILY_AGGR,0.07*L1 + 0.21*L2 + 0.72*L3,-1*native_potential_evaporation_sum*1000,BLOCK_8.0D_R_v1
2023-03-23,1679529600000,5.212778335525876,0.4019495241903845,0.4088038810186072,0.4107472855231665,0.4097233272839143,282.3839293242879,9.233929324287908,-0.0035586201645046,-3.5586201645046303,3.5586201645046303,Razuhuillca_microcatchment,79.59237993166853,UCSB-CHG/CHIRPS/DAILY,ECMWF/ERA5_LAND/DAILY_AGGR,0.07*L1 + 0.21*L2 + 0.72*L3,-1*native_potential_evaporation_sum*1000,BLOCK_8.0D_R_v1
2023-03-24,1679616000000,5.081125862541652,0.423895936940217,0.4161637513853451,0.4102024453223785,0.4124128640088502,281.94829126038303,8.798291260383056,-0.0028435767472134,-2.843576747213485,2.843576747213485,Razuhuillca_microcatchment,79.59237993166853,UCSB-CHG/CHIRPS/DAILY,ECMWF/ERA5_LAND/DAILY_AGGR,0.07*L1 + 0.21*L2 + 0.72*L3,-1*native_potential_evaporation_sum*1000,BLOCK_8.0D_R_v1
2023-03-25,1679702400000,13.845095740897314,0.4250794596295366,0.424997116559273,0.4133161901279221,0.4165926135436188,281.7951488090618,8.645148809061823,-0.002872322077696,-2.872322077696034,2.872322077696034,Razuhuillca_microcatchment,79.59237993166853,UCSB-CHG/CHIRPS/DAILY,ECMWF/ERA5_LAND/DAILY_AGGR,0.07*L1 + 0.21*L2 + 0.72*L3,-1*native_potential_evaporation_sum*1000,BLOCK_8.0D_R_v1
2023-03-26,1679788800000,0.0,0.4078779202205826,0.4176070336431896,0.4151921759221365,0.4151872981444489,281.7094116063936,8.559411606393578,-0.0035972414333696,-3.5972414333696303,3.5972414333696303,Razuhuillca_microcatchment,79.59237993166853,UCSB-CHG/CHIRPS/DAILY,ECMWF/ERA5_LAND/DAILY_AGGR,0.07*L1 + 0.21*L2 + 0.72*L3,-1*native_potential_evaporation_sum*1000,BLOCK_8.0D_R_v1
2023-03-27,1679875200000,12.05424249739874,0.415095099594322,0.4160846644054258,0.4145163534234254,0.4148862109616082,281.6391546988074,8.489154698807399,-0.0023812514681347,-2.381251468134753,2.381251468134753,Razuhuillca_microcatchment,79.59237993166853,UCSB-CHG/CHIRPS/DAILY,ECMWF/ERA5_LAND/DAILY_AGGR,0.07*L1 + 0.21*L2 + 0.72*L3,-1*native_potential_evaporation_sum*1000,BLOCK_8.0D_R_v1
2023-03-28,1679961600000,0.0,0.4036720805085463,0.4160090576936284,0.4154306716771943,0.4147290313588401,281.9688664989435,8.818866498943503,-0.0038345210641794,-3.834521064179481,3.834521064179481,Razuhuillca_microcatchment,79.59237993166853,UCSB-CHG/CHIRPS/DAILY,ECMWF/ERA5_LAND/DAILY_AGGR,0.07*L1 + 0.21*L2 + 0.72*L3,-1*native_potential_evaporation_sum*1000,BLOCK_8.0D_R_v1
2023-03-29,1680048000000,0.0,0.3955732871112566,0.40378240170047,0.413981788649954,0.4105513222828535,282.3457587578393,9.195758757839348,-0.0038380205545122,-3.838020554512223,3.838020554512223,Razuhuillca_microcatchment,79.59237993166853,UCSB-CHG/CHIRPS/DAILY,ECMWF/ERA5_LAND/DAILY_AGGR,0.07*L1 + 0.21*L2 + 0.72*L3,-1*native_potential_evaporation_sum*1000,BLOCK_8.0D_R_v1
2023-03-30,1680134400000,6.02712124869937,0.4031412275310655,0.3988798799312643,0.4121830964134377,0.4087564901304152,282.28756316227253,9.13756316227263,-0.0028787121779656,-2.878712177965682,2.878712177965682,Razuhuillca_microcatchment,79.59237993166853,UCSB-CHG/CHIRPS/DAILY,ECMWF/ERA5_LAND/DAILY_AGGR,0.07*L1 + 0.21*L2 + 0.72*L3,-1*native_potential_evaporation_sum*1000,BLOCK_8.0D_R_v1
2023-03-31,1680220800000,0.0,0.3984011243992917,0.4016349586677918,0.4107357973308232,0.4079611941063794,281.9511130264958,8.801113026495871,-0.00407732342709,-4.077323427090065,4.077323427090065,Razuhuillca_microcatchment,79.59237993166853,UCSB-CHG/CHIRPS/DAILY,ECMWF/ERA5_LAND/DAILY_AGGR,0.07*L1 + 0.21*L2 + 0.72*L3,-1*native_potential_evaporation_sum*1000,BLOCK_8.0D_R_v1
2023-04-01,1680307200000,12.083404318207783,0.4081185585271875,0.3995773521232237,0.409236364052245,0.4071297251603966,282.3140176210789,9.164017621078957,-0.0033437437835456,-3.343743783545632,3.343743783545632,Razuhuillca_microcatchment,79.59237993166853,UCSB-CHG/CHIRPS/DAILY,ECMWF/ERA5_LAND/DAILY_AGGR,0.07*L1 + 0.21*L2 + 0.72*L3,-1*native_potential_evaporation_sum*1000,BLOCK_8.0D_R_v1
2023-04-02,1680393600000,0.0,0.400560356978047,0.4056350913810363,0.4084556998545035,0.4073106980737233,282.431763783126,9.281763783126014,-0.004133173409914,-4.133173409914005,4.133173409914005,Razuhuillca_microcatchment,79.59237993166853,UCSB-CHG/CHIRPS/DAILY,ECMWF/ERA5_LAND/DAILY_AGGR,0.07*L1 + 0.21*L2 + 0.72*L3,-1*native_potential_evaporation_sum*1000,BLOCK_8.0D_R_v1
2023-04-03,1680480000000,0.0,0.3834193418940138,0.3961820032784934,0.4072598694376862,0.4032646806161986,282.6123875597768,9.462387559776827,-0.0040042538604984,-4.004253860498439,4.004253860498439,Razuhuillca_microcatchment,79.59237993166853,UCSB-CHG/CHIRPS/DAILY,ECMWF/ERA5_LAND/DAILY_AGGR,0.07*L1 + 0.21*L2 + 0.72*L3,-1*native_potential_evaporation_sum*1000,BLOCK_8.0D_R_v1
2023-04-04,1680566400000,9.503729874179475,0.3913154859303968,0.3891085696358212,0.4057121534108655,0.4012176340944735,282.92663243097144,9.776632430971476,-0.0033958748930451,-3.395874893045149,3.395874893045149,Razuhuillca_microcatchment,79.59237993166853,UCSB-CHG/CHIRPS/DAILY,ECMWF/ERA5_LAND/DAILY_AGGR,0.07*L1 + 0.21*L2 + 0.72*L3,-1*native_potential_evaporation_sum*1000,BLOCK_8.0D_R_v1
2023-04-05,1680652800000,4.283177548930758,0.4014014793498897,0.3976255097141156,0.4044907557022595,0.4028328047000833,282.3951837139093,9.245183713909324,-0.0043779751124409,-4.377975112440959,4.377975112440959,Razuhuillca_microcatchment,79.59237993166853,UCSB-CHG/CHIRPS/DAILY,ECMWF/ERA5_LAND/DAILY_AGGR,0.07*L1 + 0.21*L2 + 0.72*L3,-1*native_potential_evaporation_sum*1000,BLOCK_8.0D_R_v1
2023-04-06,1680739200000,0.0,0.3852195188489263,0.392023082872806,0.4032446580126106,0.3996263674917938,282.16950576796927,9.019505767969289,-0.0044517736731237,-4.451773673123707,4.451773673123707,Razuhuillca_microcatchment,79.59237993166853,UCSB-CHG/CHIRPS/DAILY,ECMWF/ERA5_LAND/DAILY_AGGR,0.07*L1 + 0.21*L2 + 0.72*L3,-1*native_potential_evaporation_sum*1000,BLOCK_8.0D_R_v1
2023-04-07,1680825600000,0.0,0.3919975192560626,0.387511953453108,0.4017811446290944,0.398099760706025,282.14013093790334,8.99013093790338,-0.003988250185644,-3.988250185644006,3.988250185644006,Razuhuillca_microcatchment,79.59237993166853,UCSB-CHG/CHIRPS/DAILY,ECMWF/ERA5_LAND/DAILY_AGGR,0.07*L1 + 0.21*L2 + 0.72*L3,-1*native_potential_evaporation_sum*1000,BLOCK_8.0D_R_v1
2023-04-08,1680912000000,0.0,0.4140462783490072,0.3981976003775476,0.4007331686442527,0.4011326169875775,281.52659078462045,8.376590784620495,-0.0032380852051553,-3.238085205155301,3.238085205155301,Razuhuillca_microcatchment,79.59237993166853,UCSB-CHG/CHIRPS/DAILY,ECMWF/ERA5_LAND/DAILY_AGGR,0.07*L1 + 0.21*L2 + 0.72*L3,-1*native_potential_evaporation_sum*1000,BLOCK_8.0D_R_v1
2023-04-09,1680998400000,0.0,0.4088107239533941,0.4099381139972076,0.4021289840139635,0.4042366231062049,281.5595079984279,8.409507998427934,-0.0037330673695299,-3.733067369529967,3.733067369529967,Razuhuillca_microcatchment,79.59237993166853,UCSB-CHG/CHIRPS/DAILY,ECMWF/ERA5_LAND/DAILY_AGGR,0.07*L1 + 0.21*L2 + 0.72*L3,-1*native_potential_evaporation_sum*1000,BLOCK_8.0D_R_v1
2023-04-10,1681084800000,0.0,0.3980416204198937,0.4054951713723713,0.4028112929680444,0.4030410303545824,281.9323798898098,8.782379889809823,-0.0041263453188659,-4.126345318865913,4.126345318865913,Razuhuillca_microcatchment,79.59237993166853,UCSB-CHG/CHIRPS/DAILY,ECMWF/ERA5_LAND/DAILY_AGGR,0.07*L1 + 0.21*L2 + 0.72*L3,-1*native_potential_evaporation_sum*1000,BLOCK_8.0D_R_v1
2023-04-11,1681171200000,0.0,0.3873195464441083,0.3976605990488864,0.4022322858689148,0.4002283398769724,282.3817912562964,9.231791256296404,-0.0042513276886388,-4.251327688638875,4.251327688638875,Razuhuillca_microcatchment,79.59237993166853,UCSB-CHG/CHIRPS/DAILY,ECMWF/ERA5_LAND/DAILY_AGGR,0.07*L1 + 0.21*L2 + 0.72*L3,-1*native_potential_evaporation_sum*1000,BLOCK_8.0D_R_v1
2023-04-12,1681257600000,0.0,0.3827354636954893,0.3898238915239455,0.4010879832655479,0.3974378476299072,283.1508964178419,10.000896417841988,-0.0042113365896175,-4.211336589617535,4.211336589617535,Razuhuillca_microcatchment,79.59237993166853,UCSB-CHG/CHIRPS/DAILY,ECMWF/ERA5_LAND/DAILY_AGGR,0.07*L1 + 0.21*L2 + 0.72*L3,-1*native_potential_evaporation_sum*1000,BLOCK_8.0D_R_v1
2023-04-13,1681344000000,0.0343665765332324,0.3762055950128044,0.3830878748370044,0.3996721094973054,0.3945467642047271,282.9612968165521,9.811296816552089,-0.0039396777404526,-3.939677740452606,3.939677740452606,Razuhuillca_microcatchment,79.59237993166853,UCSB-CHG/CHIRPS/DAILY,ECMWF/ERA5_LAND/DAILY_AGGR,0.07*L1 + 0.21*L2 + 0.72*L3,-1*native_potential_evaporation_sum*1000,BLOCK_8.0D_R_v1
2023-04-14,1681430400000,0.0,0.3795103870604999,0.3791082378527103,0.3981015493874374,0.3928115726022591,282.38834308337607,9.238343083376156,-0.004041492465259,-4.041492465259022,4.041492465259022,Razuhuillca_microcatchment,79.59237993166853,UCSB-CHG/CHIRPS/DAILY,ECMWF/ERA5_LAND/DAILY_AGGR,0.07*L1 + 0.21*L2 + 0.72*L3,-1*native_potential_evaporation_sum*1000,BLOCK_8.0D_R_v1
2023-04-15,1681516800000,2.621525371713298,0.374674104312022,0.3761763710507079,0.3964037261257281,0.3906349080330145,283.1916117107707,10.041611710770743,-0.003902081723158,-3.9020817231580702,3.9020817231580702,Razuhuillca_microcatchment,79.59237993166853,UCSB-CHG/CHIRPS/DAILY,ECMWF/ERA5_LAND/DAILY_AGGR,0.07*L1 + 0.21*L2 + 0.72*L3,-1*native_potential_evaporation_sum*1000,BLOCK_8.0D_R_v1
2023-04-16,1681603200000,2.4573837511596226,0.3667547192876738,0.3712204471948288,0.3946267864837352,0.3877604105293405,283.2507037197694,10.100703719769392,-0.0039695985399918,-3.969598539991875,3.969598539991875,Razuhuillca_microcatchment,79.59237993166853,UCSB-CHG/CHIRPS/DAILY,ECMWF/ERA5_LAND/DAILY_AGGR,0.07*L1 + 0.21*L2 + 0.72*L3,-1*native_potential_evaporation_sum*1000,BLOCK_8.0D_R_v1
2023-04-17,1681689600000,2.903684837477548,0.3738237208254304,0.3691530099034539,0.3928898680876215,0.3865704975605929,283.0433728616821,9.893372861682137,-0.0032368686502379,-3.236868650237948,3.236868650237948,Razuhuillca_microcatchment,79.59237993166853,UCSB-CHG/CHIRPS/DAILY,ECMWF/ERA5_LAND/DAILY_AGGR,0.07*L1 + 0.21*L2 + 0.72*L3,-1*native_potential_evaporation_sum*1000,BLOCK_8.0D_R_v1
2023-04-18,1681776000000,0.0,0.3649601798526125,0.367433411996948,0.391197542694033,0.3843704598487457,282.7830595924216,9.633059592421592,-0.004589041275096,-4.589041275096077,4.589041275096077,Razuhuillca_microcatchment,79.59237993166853,UCSB-CHG/CHIRPS/DAILY,ECMWF/ERA5_LAND/DAILY_AGGR,0.07*L1 + 0.21*L2 + 0.72*L3,-1*native_potential_evaporation_sum*1000,BLOCK_8.0D_R_v1
2023-04-19,1681862400000,0.0,0.3609640602890925,0.3636559686679141,0.3892548143978523,0.3818987040069521,283.6444458456169,10.494445845616823,-0.0040194204001757,-4.019420400175744,4.019420400175744,Razuhuillca_microcatchment,79.59237993166853,UCSB-CHG/CHIRPS/DAILY,ECMWF/ERA5_LAND/DAILY_AGGR,0.07*L1 + 0.21*L2 + 0.72*L3,-1*native_potential_evaporation_sum*1000,BLOCK_8.0D_R_v1
2023-04-20,1681948800000,0.725921209369387,0.3514894841953049,0.3589842507834609,0.3873261688761628,0.3788657981490353,283.07242496027413,9.922424960274244,-0.003590339181051,-3.590339181051089,3.590339181051089,Razuhuillca_microcatchment,79.59237993166853,UCSB-CHG/CHIRPS/DAILY,ECMWF/ERA5_LAND/DAILY_AGGR,0.07*L1 + 0.21*L2 + 0.72*L3,-1*native_potential_evaporation_sum*1000,BLOCK_8.0D_R_v1
2023-04-21,1682035200000,0.0,0.358498633941474,0.3570306296523136,0.385504356928184,0.3776344735911814,283.1326771370477,9.982677137047808,-0.0034874245696674,-3.4874245696674198,3.4874245696674198,Razuhuillca_microcatchment,79.59237993166853,UCSB-CHG/CHIRPS/DAILY,ECMWF/ERA5_LAND/DAILY_AGGR,0.07*L1 + 0.21*L2 + 0.72*L3,-1*native_potential_evaporation_sum*1000,BLOCK_8.0D_R_v1
2023-04-22,1682121600000,0.0,0.3540427551563535,0.35537891351189,0.3836571834909663,0.3756457368119373,282.53495106118254,9.384951061182653,-0.0046077595022372,-4.607759502237243,4.607759502237243,Razuhuillca_microcatchment,79.59237993166853,UCSB-CHG/CHIRPS/DAILY,ECMWF/ERA5_LAND/DAILY_AGGR,0.07*L1 + 0.21*L2 + 0.72*L3,-1*native_potential_evaporation_sum*1000,BLOCK_8.0D_R_v1
2023-04-23,1682208000000,0.5498481873600256,0.345282861492767,0.3511670981758132,0.3816690316319695,0.3727165936964325,283.0617459982576,9.911745998257638,-0.00337600423766,-3.3760042376600934,3.3760042376600934,Razuhuillca_microcatchment,79.59237993166853,UCSB-CHG/CHIRPS/DAILY,ECMWF/ERA5_LAND/DAILY_AGGR,0.07*L1 + 0.21*L2 + 0.72*L3,-1*native_potential_evaporation_sum*1000,BLOCK_8.0D_R_v1
2023-04-24,1682294400000,0.0,0.3564911807433258,0.3503371663176254,0.3800043058303509,0.3721282877765868,282.5060949527689,9.356094952768938,-0.0029832433930711,-2.983243393071125,2.983243393071125,Razuhuillca_microcatchment,79.59237993166853,UCSB-CHG/CHIRPS/DAILY,ECMWF/ERA5_LAND/DAILY_AGGR,0.07*L1 + 0.21*L2 + 0.72*L3,-1*native_potential_evaporation_sum*1000,BLOCK_8.0D_R_v1
2023-04-25,1682380800000,0.0,0.3680315807834985,0.3531210280107855,0.3785040787419372,0.3724405632313047,282.68117398241804,9.53117398241812,-0.0031553042589584,-3.155304258958452,3.155304258958452,Razuhuillca_microcatchment,79.59237993166853,UCSB-CHG/CHIRPS/DAILY,ECMWF/ERA5_LAND/DAILY_AGGR,0.07*L1 + 0.21*L2 + 0.72*L3,-1*native_potential_evaporation_sum*1000,BLOCK_8.0D_R_v1
2023-04-26,1682467200000,0.0,0.3610681559538795,0.3565159211498694,0.3771027912294244,0.3716571240434297,282.4360540864095,9.286054086409584,-0.0041820727762459,-4.182072776245933,4.182072776245933,Razuhuillca_microcatchment,79.59237993166853,UCSB-CHG/CHIRPS/DAILY,ECMWF/ERA5_LAND/DAILY_AGGR,0.07*L1 + 0.21*L2 + 0.72*L3,-1*native_potential_evaporation_sum*1000,BLOCK_8.0D_R_v1
2023-04-27,1682553600000,0.0,0.3412778005434598,0.3522991702276387,0.3754302449309068,0.3681820481360991,282.32900183278923,9.17900183278933,-0.0041856229563668,-4.185622956366897,4.185622956366897,Razuhuillca_microcatchment,79.59237993166853,UCSB-CHG/CHIRPS/DAILY,ECMWF/ERA5_LAND/DAILY_AGGR,0.07*L1 + 0.21*L2 + 0.72*L3,-1*native_potential_evaporation_sum*1000,BLOCK_8.0D_R_v1
2023-04-28,1682640000000,0.0,0.3307860747467805,0.346872638415739,0.3736754952138558,0.365044635853556,282.13003246770427,8.980032467704321,-0.0036639777480522,-3.663977748052233,3.663977748052233,Razuhuillca_microcatchment,79.59237993166853,UCSB-CHG/CHIRPS/DAILY,ECMWF/ERA5_LAND/DAILY_AGGR,0.07*L1 + 0.21*L2 + 0.72*L3,-1*native_potential_evaporation_sum*1000,BLOCK_8.0D_R_v1
2023-04-29,1682726400000,0.0,0.3251461293656013,0.3421753716147244,0.3719108081736775,0.362392838979732,282.3673750155233,9.217375015523425,-0.0042377072521027,-4.23770725210278,4.23770725210278,Razuhuillca_microcatchment,79.59237993166853,UCSB-CHG/CHIRPS/DAILY,ECMWF/ERA5_LAND/DAILY_AGGR,0.07*L1 + 0.21*L2 + 0.72*L3,-1*native_potential_evaporation_sum*1000,BLOCK_8.0D_R_v1
2023-04-30,1682812800000,0.0,0.313320281188612,0.3363355111065168,0.3699072394986602,0.3588960894546067,281.89011434874783,8.740114348747847,-0.0045757162347005,-4.575716234700528,4.575716234700528,Razuhuillca_microcatchment,79.59237993166853,UCSB-CHG/CHIRPS/DAILY,ECMWF/ERA5_LAND/DAILY_AGGR,0.07*L1 + 0.21*L2 + 0.72*L3,-1*native_potential_evaporation_sum*1000,BLOCK_8.0D_R_v1
2023-05-01,1682899200000,0.0,0.3033449580903686,0.3301229017548019,0.3677896635610473,0.3553685141987883,282.76733047470645,9.61733047470654,-0.0041758974077384,-4.175897407738459,4.175897407738459,Razuhuillca_microcatchment,79.59237993166853,UCSB-CHG/CHIRPS/DAILY,ECMWF/ERA5_LAND/DAILY_AGGR,0.07*L1 + 0.21*L2 + 0.72*L3,-1*native_potential_evaporation_sum*1000,BLOCK_8.0D_R_v1
2023-05-02,1682985600000,0.0,0.3006740195213714,0.3249973304469231,0.3657351220044557,0.3526259086035579,282.47286398562386,9.322863985623949,-0.0036188391591772,-3.618839159177217,3.618839159177217,Razuhuillca_microcatchment,79.59237993166853,UCSB-CHG/CHIRPS/DAILY,ECMWF/ERA5_LAND/DAILY_AGGR,0.07*L1 + 0.21*L2 + 0.72*L3,-1*native_potential_evaporation_sum*1000,BLOCK_8.0D_R_v1
2023-05-03,1683072000000,0.0,0.3057072479600851,0.3214055540933774,0.3637052326533146,0.3507624412272017,282.0847528600968,8.934752860096875,-0.0040079308727573,-4.007930872757311,4.007930872757311,Razuhuillca_microcatchment,79.59237993166853,UCSB-CHG/CHIRPS/DAILY,ECMWF/ERA5_LAND/DAILY_AGGR,0.07*L1 + 0.21*L2 + 0.72*L3,-1*native_potential_evaporation_sum*1000,BLOCK_8.0D_R_v1
2023-05-04,1683158400000,0.0,0.3005601041349142,0.3180094040887204,0.3616764568409708,0.3482282310735743,282.2078042995034,9.0578042995034,-0.0032217891488461,-3.221789148846113,3.221789148846113,Razuhuillca_microcatchment,79.59237993166853,UCSB-CHG/CHIRPS/DAILY,ECMWF/ERA5_LAND/DAILY_AGGR,0.07*L1 + 0.21*L2 + 0.72*L3,-1*native_potential_evaporation_sum*1000,BLOCK_8.0D_R_v1
2023-05-05,1683244800000,0.0,0.3056771125866958,0.316336104405868,0.35987172650464,0.3469356228896418,281.6355726649996,8.485572664999586,-0.0034606316358367,-3.4606316358367826,3.4606316358367826,Razuhuillca_microcatchment,79.59237993166853,UCSB-CHG/CHIRPS/DAILY,ECMWF/ERA5_LAND/DAILY_AGGR,0.07*L1 + 0.21*L2 + 0.72*L3,-1*native_potential_evaporation_sum*1000,BLOCK_8.0D_R_v1
2023-05-06,1683331200000,10.291374520176936,0.3263346464418032,0.31642193876939,0.358150768831286,0.3471605859510241,281.97604350271945,8.826043502719449,-0.0029972208114717,-2.9972208114717733,2.9972208114717733,Razuhuillca_microcatchment,79.59237993166853,UCSB-CHG/CHIRPS/DAILY,ECMWF/ERA5_LAND/DAILY_AGGR,0.07*L1 + 0.21*L2 + 0.72*L3,-1*native_potential_evaporation_sum*1000,BLOCK_8.0D_R_v1
2023-05-07,1683417600000,12.200683152391797,0.3710401898863688,0.3246301492974018,0.3566444374922383,0.3509291396389117,281.76574267495806,8.615742674958078,-0.0025156274696306,-2.5156274696306,2.5156274696306,Razuhuillca_microcatchment,79.59237993166853,UCSB-CHG/CHIRPS/DAILY,ECMWF/ERA5_LAND/DAILY_AGGR,0.07*L1 + 0.21*L2 + 0.72*L3,-1*native_potential_evaporation_sum*1000,BLOCK_8.0D_R_v1
2023-05-08,1683504000000,0.0,0.4180346104910378,0.3730025796761632,0.3565809657807983,0.3643312598285417,280.3424557481887,7.192455748188738,-0.0018598251260084,-1.8598251260084917,1.8598251260084917,Razuhuillca_microcatchment,79.59237993166853,UCSB-CHG/CHIRPS/DAILY,ECMWF/ERA5_LAND/DAILY_AGGR,0.07*L1 + 0.21*L2 + 0.72*L3,-1*native_potential_evaporation_sum*1000,BLOCK_8.0D_R_v1
2023-05-09,1683590400000,5.375229066326505,0.4046442292788584,0.397769442872505,0.3604555111629655,0.3713846470900813,280.99765731649825,7.847657316498247,-0.0034485125128244,-3.4485125128244385,3.4485125128244385,Razuhuillca_microcatchment,79.59237993166853,UCSB-CHG/CHIRPS/DAILY,ECMWF/ERA5_LAND/DAILY_AGGR,0.07*L1 + 0.21*L2 + 0.72*L3,-1*native_potential_evaporation_sum*1000,BLOCK_8.0D_R_v1
2023-05-10,1683676800000,22.73893084696361,0.3892521022142472,0.3917490898529228,0.3625958246073052,0.3705839497413709,281.5867524597227,8.436752459722697,-0.0040869646506502,-4.086964650650245,4.086964650650245,Razuhuillca_microcatchment,79.59237993166853,UCSB-CHG/CHIRPS/DAILY,ECMWF/ERA5_LAND/DAILY_AGGR,0.07*L1 + 0.21*L2 + 0.72*L3,-1*native_potential_evaporation_sum*1000,BLOCK_8.0D_R_v1
2023-05-11,1683763200000,3.806192239835149,0.3738218061267066,0.3825437328948681,0.3632194173588688,0.3680196908351772,281.0780261449501,7.928026144950179,-0.0033810499172679,-3.381049917267926,3.381049917267926,Razuhuillca_microcatchment,79.59237993166853,UCSB-CHG/CHIRPS/DAILY,ECMWF/ERA5_LAND/DAILY_AGGR,0.07*L1 + 0.21*L2 + 0.72*L3,-1*native_potential_evaporation_sum*1000,BLOCK_8.0D_R_v1
2023-05-12,1683849600000,0.0,0.3941924475521021,0.3811629117109412,0.3633636886214474,0.3692595385953869,280.3928138350705,7.242813835070574,-0.002292742360534,-2.2927423605340063,2.2927423605340063,Razuhuillca_microcatchment,79.59237993166853,UCSB-CHG/CHIRPS/DAILY,ECMWF/ERA5_LAND/DAILY_AGGR,0.07*L1 + 0.21*L2 + 0.72*L3,-1*native_potential_evaporation_sum*1000,BLOCK_8.0D_R_v1
2023-05-13,1683936000000,0.0,0.3963307323713064,0.3892103463468753,0.3642614985706718,0.371745602969719,280.4508064652224,7.300806465222451,-0.0026493982083535,-2.6493982083535608,2.6493982083535608,Razuhuillca_microcatchment,79.59237993166853,UCSB-CHG/CHIRPS/DAILY,ECMWF/ERA5_LAND/DAILY_AGGR,0.07*L1 + 0.21*L2 + 0.72*L3,-1*native_potential_evaporation_sum*1000,BLOCK_8.0D_R_v1
2023-05-14,1684022400000,0.0,0.3829220163569514,0.3861549759646141,0.3650764656434399,0.3707521413608322,280.79440975005457,7.644409750054593,-0.0034870830488342,-3.4870830488342763,3.4870830488342763,Razuhuillca_microcatchment,79.59237993166853,UCSB-CHG/CHIRPS/DAILY,ECMWF/ERA5_LAND/DAILY_AGGR,0.07*L1 + 0.21*L2 + 0.72*L3,-1*native_potential_evaporation_sum*1000,BLOCK_8.0D_R_v1
2023-05-15,1684108800000,0.0,0.3648595975313572,0.3782388360054737,0.3650691523028246,0.3678201170463782,281.98216889956547,8.832168899565541,-0.0039593495557762,-3.959349555776298,3.959349555776298,Razuhuillca_microcatchment,79.59237993166853,UCSB-CHG/CHIRPS/DAILY,ECMWF/ERA5_LAND/DAILY_AGGR,0.07*L1 + 0.21*L2 + 0.72*L3,-1*native_potential_evaporation_sum*1000,BLOCK_8.0D_R_v1
2023-05-16,1684195200000,0.0,0.3499643880737539,0.369132091544267,0.3643291635090675,0.3643322441159874,282.6411111350234,9.49111113502343,-0.0040729431317031,-4.072943131703173,4.072943131703173,Razuhuillca_microcatchment,79.59237993166853,UCSB-CHG/CHIRPS/DAILY,ECMWF/ERA5_LAND/DAILY_AGGR,0.07*L1 + 0.21*L2 + 0.72*L3,-1*native_potential_evaporation_sum*1000,BLOCK_8.0D_R_v1
2023-05-17,1684281600000,0.0,0.3393753286960726,0.3606578628451837,0.3632255951104137,0.3610168526857116,282.9528288942311,9.802828894231135,-0.0032919458398929,-3.2919458398929216,3.2919458398929216,Razuhuillca_microcatchment,79.59237993166853,UCSB-CHG/CHIRPS/DAILY,ECMWF/ERA5_LAND/DAILY_AGGR,0.07*L1 + 0.21*L2 + 0.72*L3,-1*native_potential_evaporation_sum*1000,BLOCK_8.0D_R_v1
2023-05-18,1684368000000,0.0,0.3330931470573292,0.3537001049357801,0.3620543727985007,0.3582726907454474,282.09340161303334,8.943401613033354,-0.0032284506139038,-3.228450613903861,3.228450613903861,Razuhuillca_microcatchment,79.59237993166853,UCSB-CHG/CHIRPS/DAILY,ECMWF/ERA5_LAND/DAILY_AGGR,0.07*L1 + 0.21*L2 + 0.72*L3,-1*native_potential_evaporation_sum*1000,BLOCK_8.0D_R_v1
2023-05-19,1684454400000,0.0,0.3264985718479046,0.3473888647119892,0.3607718774578705,0.3555623133885378,281.8316831202865,8.681683120286559,-0.0040277774537229,-4.027777453722981,4.027777453722981,Razuhuillca_microcatchment,79.59237993166853,UCSB-CHG/CHIRPS/DAILY,ECMWF/ERA5_LAND/DAILY_AGGR,0.07*L1 + 0.21*L2 + 0.72*L3,-1*native_potential_evaporation_sum*1000,BLOCK_8.0D_R_v1
2023-05-20,1684540800000,0.0,0.3155429009527599,0.3402295305549753,0.3592536720466981,0.3521988483568606,282.3413022322461,9.1913022322462,-0.0036928426323598,-3.692842632359852,3.692842632359852,Razuhuillca_microcatchment,79.59237993166853,UCSB-CHG/CHIRPS/DAILY,ECMWF/ERA5_LAND/DAILY_AGGR,0.07*L1 + 0.21*L2 + 0.72*L3,-1*native_potential_evaporation_sum*1000,BLOCK_8.0D_R_v1
2023-05-21,1684627200000,0.0,0.3080632241015719,0.3337220539247369,0.3576970807849097,0.3491879551764398,282.7044964314426,9.554496431442606,-0.0041266412318097,-4.126641231809737,4.126641231809737,Razuhuillca_microcatchment,79.59237993166853,UCSB-CHG/CHIRPS/DAILY,ECMWF/ERA5_LAND/DAILY_AGGR,0.07*L1 + 0.21*L2 + 0.72*L3,-1*native_potential_evaporation_sum*1000,BLOCK_8.0D_R_v1
2023-05-22,1684713600000,0.0,0.298469521406758,0.3269819726374338,0.3559724076405196,0.3458592142535082,283.2939935217473,10.143993521747367,-0.0041365511500077,-4.136551150007744,4.136551150007744,Razuhuillca_microcatchment,79.59237993166853,UCSB-CHG/CHIRPS/DAILY,ECMWF/ERA5_LAND/DAILY_AGGR,0.07*L1 + 0.21*L2 + 0.72*L3,-1*native_potential_evaporation_sum*1000,BLOCK_8.0D_R_v1
2023-05-23,1684800000000,0.0,0.2916048340255355,0.320863381975648,0.3542212227176379,0.3428329289533729,282.9871137835847,9.837113783584655,-0.0037723464859014,-3.77234648590143,3.77234648590143,Razuhuillca_microcatchment,79.59237993166853,UCSB-CHG/CHIRPS/DAILY,ECMWF/ERA5_LAND/DAILY_AGGR,0.07*L1 + 0.21*L2 + 0.72*L3,-1*native_potential_evaporation_sum*1000,BLOCK_8.0D_R_v1
2023-05-24,1684886400000,0.0,0.290468190217064,0.3161280049524325,0.3525619837590035,0.3405642826616878,282.20003531939267,9.050035319392656,-0.0036049439555647,-3.6049439555647744,3.6049439555647744,Razuhuillca_microcatchment,79.59237993166853,UCSB-CHG/CHIRPS/DAILY,ECMWF/ERA5_LAND/DAILY_AGGR,0.07*L1 + 0.21*L2 + 0.72*L3,-1*native_potential_evaporation_sum*1000,BLOCK_8.0D_R_v1
2023-05-25,1684972800000,0.0,0.2939556651032728,0.3124558847533944,0.3509489548229298,0.3388758798279514,281.0956246186773,7.945624618677313,-0.0034668593306761,-3.4668593306761952,3.4668593306761952,Razuhuillca_microcatchment,79.59237993166853,UCSB-CHG/CHIRPS/DAILY,ECMWF/ERA5_LAND/DAILY_AGGR,0.07*L1 + 0.21*L2 + 0.72*L3,-1*native_potential_evaporation_sum*1000,BLOCK_8.0D_R_v1
2023-05-26,1685059200000,0.0,0.3072824643526463,0.3106411141926612,0.3494254757214143,0.3383307490045624,281.2807278495304,8.130727849530363,-0.0031260483699037,-3.126048369903785,3.126048369903785,Razuhuillca_microcatchment,79.59237993166853,UCSB-CHG/CHIRPS/DAILY,ECMWF/ERA5_LAND/DAILY_AGGR,0.07*L1 + 0.21*L2 + 0.72*L3,-1*native_potential_evaporation_sum*1000,BLOCK_8.0D_R_v1
2023-05-27,1685145600000,0.0,0.3100683068953497,0.309810925081286,0.3479429256020253,0.3372839821832028,282.03675030467593,8.886750304676008,-0.0028309777292902,-2.8309777292902067,2.8309777292902067,Razuhuillca_microcatchment,79.59237993166853,UCSB-CHG/CHIRPS/DAILY,ECMWF/ERA5_LAND/DAILY_AGGR,0.07*L1 + 0.21*L2 + 0.72*L3,-1*native_potential_evaporation_sum*1000,BLOCK_8.0D_R_v1
2023-05-28,1685232000000,0.0,0.3045270548620205,0.3087314392560249,0.3464752998425551,0.3356127119707463,282.33362246386577,9.183622463865795,-0.0030965066455692,-3.0965066455692223,3.0965066455692223,Razuhuillca_microcatchment,79.59237993166853,UCSB-CHG/CHIRPS/DAILY,ECMWF/ERA5_LAND/DAILY_AGGR,0.07*L1 + 0.21*L2 + 0.72*L3,-1*native_potential_evaporation_sum*1000,BLOCK_8.0D_R_v1
2023-05-29,1685318400000,0.0,0.3030640780351525,0.3071370170754963,0.3450055572568566,0.3341172602732516,282.54078732749633,9.390787327496332,-0.0027984244199846,-2.798424419984652,2.798424419984652,Razuhuillca_microcatchment,79.59237993166853,UCSB-CHG/CHIRPS/DAILY,ECMWF/ERA5_LAND/DAILY_AGGR,0.07*L1 + 0.21*L2 + 0.72*L3,-1*native_potential_evaporation_sum*1000,BLOCK_8.0D_R_v1
2023-05-30,1685404800000,0.0,0.3006406611330476,0.3057308123520573,0.343551536515958,0.3326054231647352,282.3446399931273,9.19463999312738,-0.0036300988383375,-3.630098838337584,3.630098838337584,Razuhuillca_microcatchment,79.59237993166853,UCSB-CHG/CHIRPS/DAILY,ECMWF/ERA5_LAND/DAILY_AGGR,0.07*L1 + 0.21*L2 + 0.72*L3,-1*native_potential_evaporation_sum*1000,BLOCK_8.0D_R_v1
2023-05-31,1685491200000,0.0,0.2910613278662768,0.3029778908672589,0.3419427375572954,0.3301984210740164,281.8968232509488,8.746823250948832,-0.0036035425573415,-3.603542557341514,3.603542557341514,Razuhuillca_microcatchment,79.59237993166853,UCSB-CHG/CHIRPS/DAILY,ECMWF/ERA5_LAND/DAILY_AGGR,0.07*L1 + 0.21*L2 + 0.72*L3,-1*native_potential_evaporation_sum*1000,BLOCK_8.0D_R_v1
2023-06-01,1685577600000,0.0,0.2811801520845564,0.2998034012340625,0.3403161183028321,0.3276689300831112,280.85951377339444,7.709513773394472,-0.0040420678395756,-4.04206783957564,4.04206783957564,Razuhuillca_microcatchment,79.59237993166853,UCSB-CHG/CHIRPS/DAILY,ECMWF/ERA5_LAND/DAILY_AGGR,0.07*L1 + 0.21*L2 + 0.72*L3,-1*native_potential_evaporation_sum*1000,BLOCK_8.0D_R_v1
2023-06-02,1685664000000,0.0,0.2691720253240625,0.2956673873871966,0.3385660028182013,0.3246997151531006,280.86785615615986,7.71785615615995,-0.0040271016042356,-4.027101604235654,4.027101604235654,Razuhuillca_microcatchment,79.59237993166853,UCSB-CHG/CHIRPS/DAILY,ECMWF/ERA5_LAND/DAILY_AGGR,0.07*L1 + 0.21*L2 + 0.72*L3,-1*native_potential_evaporation_sum*1000,BLOCK_8.0D_R_v1
2023-06-03,1685750400000,0.0,0.2580449319299245,0.2911060935959421,0.3367572372818728,0.321660635733191,280.5012312064051,7.351231206405163,-0.0040539920416181,-4.053992041618149,4.053992041618149,Razuhuillca_microcatchment,79.59237993166853,UCSB-CHG/CHIRPS/DAILY,ECMWF/ERA5_LAND/DAILY_AGGR,0.07*L1 + 0.21*L2 + 0.72*L3,-1*native_potential_evaporation_sum*1000,BLOCK_8.0D_R_v1
2023-06-04,1685836800000,0.0,0.2494436826320052,0.2866090138753255,0.3349659465870646,0.3188244322407452,280.43803640229623,7.288036402296272,-0.0040207348462474,-4.0207348462474135,4.0207348462474135,Razuhuillca_microcatchment,79.59237993166853,UCSB-CHG/CHIRPS/DAILY,ECMWF/ERA5_LAND/DAILY_AGGR,0.07*L1 + 0.21*L2 + 0.72*L3,-1*native_potential_evaporation_sum*1000,BLOCK_8.0D_R_v1
2023-06-05,1685923200000,0.2411019057035446,0.2442838121241457,0.2826503834513111,0.3332598654980374,0.3164035505320524,280.8234607902336,7.673460790233603,-0.0032973495349718,-3.2973495349718656,3.2973495349718656,Razuhuillca_microcatchment,79.59237993166853,UCSB-CHG/CHIRPS/DAILY,ECMWF/ERA5_LAND/DAILY_AGGR,0.07*L1 + 0.21*L2 + 0.72*L3,-1*native_potential_evaporation_sum*1000,BLOCK_8.0D_R_v1
2023-06-06,1686009600000,2.3630570776405784,0.2411565541761688,0.2793226297191112,0.3316548224359119,0.3143301831872017,281.023469303844,7.873469303844095,-0.0036368750337231,-3.636875033723136,3.636875033723136,Razuhuillca_microcatchment,79.59237993166853,UCSB-CHG/CHIRPS/DAILY,ECMWF/ERA5_LAND/DAILY_AGGR,0.07*L1 + 0.21*L2 + 0.72*L3,-1*native_potential_evaporation_sum*1000,BLOCK_8.0D_R_v1
2023-06-07,1686096000000,0.0,0.2373013358584718,0.2759304046630859,0.3299981633592432,0.3121551561079962,281.12205993049633,7.972059930496373,-0.0036882758571233,-3.688275857123336,3.688275857123336,Razuhuillca_microcatchment,79.59237993166853,UCSB-CHG/CHIRPS/DAILY,ECMWF/ERA5_LAND/DAILY_AGGR,0.07*L1 + 0.21*L2 + 0.72*L3,-1*native_potential_evaporation_sum*1000,BLOCK_8.0D_R_v1
2023-06-08,1686182400000,0.0,0.2333312245922052,0.2726656154860421,0.3283500524384897,0.3100050027292358,281.4408410022713,8.290841002271362,-0.0038551661492772,-3.855166149277218,3.855166149277218,Razuhuillca_microcatchment,79.59237993166853,UCSB-CHG/CHIRPS/DAILY,ECMWF/ERA5_LAND/DAILY_AGGR,0.07*L1 + 0.21*L2 + 0.72*L3,-1*native_potential_evaporation_sum*1000,BLOCK_8.0D_R_v1
2023-06-09,1686268800000,1.7040738066037495,0.2279449382039623,0.2692546991484243,0.3266533280153954,0.3076900286665311,281.1659615356798,8.015961535679848,-0.0039593001149293,-3.959300114929331,3.959300114929331,Razuhuillca_microcatchment,79.59237993166853,UCSB-CHG/CHIRPS/DAILY,ECMWF/ERA5_LAND/DAILY_AGGR,0.07*L1 + 0.21*L2 + 0.72*L3,-1*native_potential_evaporation_sum*1000,BLOCK_8.0D_R_v1
2023-06-10,1686355200000,0.0,0.2211540751374525,0.2656486709682927,0.3249053697824937,0.3051988724063586,281.0363409487039,7.886340948703925,-0.0039769441233894,-3.976944123389404,3.976944123389404,Razuhuillca_microcatchment,79.59237993166853,UCSB-CHG/CHIRPS/DAILY,ECMWF/ERA5_LAND/DAILY_AGGR,0.07*L1 + 0.21*L2 + 0.72*L3,-1*native_potential_evaporation_sum*1000,BLOCK_8.0D_R_v1
2023-06-11,1686441600000,0.0,0.2168004802196701,0.2623754806371552,0.323227968748824,0.3029990220483328,281.2129023888208,8.062902388820797,-0.0033404368885679,-3.3404368885679743,3.3404368885679743,Razuhuillca_microcatchment,79.59237993166853,UCSB-CHG/CHIRPS/DAILY,ECMWF/ERA5_LAND/DAILY_AGGR,0.07*L1 + 0.21*L2 + 0.72*L3,-1*native_potential_evaporation_sum*1000,BLOCK_8.0D_R_v1
2023-06-12,1686528000000,0.0,0.2159357273050355,0.2599285544687613,0.3217239232880991,0.3013417221172237,281.52580493860853,8.375804938608532,-0.0031132872480188,-3.113287248018849,3.113287248018849,Razuhuillca_microcatchment,79.59237993166853,UCSB-CHG/CHIRPS/DAILY,ECMWF/ERA5_LAND/DAILY_AGGR,0.07*L1 + 0.21*L2 + 0.72*L3,-1*native_potential_evaporation_sum*1000,BLOCK_8.0D_R_v1
2023-06-13,1686614400000,0.0,0.2166872410415913,0.2577930920845281,0.3202782963512031,0.2999050295835285,281.4877237455923,8.337723745592303,-0.003235552912158,-3.2355529121580835,3.2355529121580835,Razuhuillca_microcatchment,79.59237993166853,UCSB-CHG/CHIRPS/DAILY,ECMWF/ERA5_LAND/DAILY_AGGR,0.07*L1 + 0.21*L2 + 0.72*L3,-1*native_potential_evaporation_sum*1000,BLOCK_8.0D_R_v1
2023-06-14,1686700800000,0.0,0.2220670961001475,0.2561957261925258,0.3189191726361166,0.2989676035254447,281.17509437296434,8.025094372964354,-0.003235459112363,-3.235459112363055,3.235459112363055,Razuhuillca_microcatchment,79.59237993166853,UCSB-CHG/CHIRPS/DAILY,ECMWF/ERA5_LAND/DAILY_AGGR,0.07*L1 + 0.21*L2 + 0.72*L3,-1*native_potential_evaporation_sum*1000,BLOCK_8.0D_R_v1
2023-06-15,1686787200000,0.8041590877941677,0.2177289804741596,0.2543475972434688,0.3175037692737028,0.2972567379313856,281.1312194780119,7.981219478011854,-0.0028110528526278,-2.811052852627858,2.811052852627858,Razuhuillca_microcatchment,79.59237993166853,UCSB-CHG/CHIRPS/DAILY,ECMWF/ERA5_LAND/DAILY_AGGR,0.07*L1 + 0.21*L2 + 0.72*L3,-1*native_potential_evaporation_sum*1000,BLOCK_8.0D_R_v1
2023-06-16,1686873600000,0.0,0.2136559458826318,0.2524836913239289,0.3161046022624638,0.2955728050187832,281.1239746843459,7.973974684345939,-0.0035929053677299,-3.59290536772998,3.59290536772998,Razuhuillca_microcatchment,79.59237993166853,UCSB-CHG/CHIRPS/DAILY,ECMWF/ERA5_LAND/DAILY_AGGR,0.07*L1 + 0.21*L2 + 0.72*L3,-1*native_potential_evaporation_sum*1000,BLOCK_8.0D_R_v1
2023-06-17,1686960000000,0.0,0.2091039132061261,0.2502233619175435,0.3146377776629203,0.2937233798444156,280.1636552241037,7.013655224103727,-0.0032064349665118,-3.206434966511809,3.206434966511809,Razuhuillca_microcatchment,79.59237993166853,UCSB-CHG/CHIRPS/DAILY,ECMWF/ERA5_LAND/DAILY_AGGR,0.07*L1 + 0.21*L2 + 0.72*L3,-1*native_potential_evaporation_sum*1000,BLOCK_8.0D_R_v1
2023-06-18,1687046400000,0.0,0.2046534734883978,0.2480577898852397,0.3132062041001512,0.2919263459721971,280.0151716353576,6.865171635357663,-0.0037404042103387,-3.740404210338703,3.740404210338703,Razuhuillca_microcatchment,79.59237993166853,UCSB-CHG/CHIRPS/DAILY,ECMWF/ERA5_LAND/DAILY_AGGR,0.07*L1 + 0.21*L2 + 0.72*L3,-1*native_potential_evaporation_sum*1000,BLOCK_8.0D_R_v1
2023-06-19,1687132800000,0.0,0.1984281374539943,0.2453931907697909,0.311666510697734,0.2898224273858042,280.244254988742,7.094254988742052,-0.0038457166166663,-3.845716616666386,3.845716616666386,Razuhuillca_microcatchment,79.59237993166853,UCSB-CHG/CHIRPS/DAILY,ECMWF/ERA5_LAND/DAILY_AGGR,0.07*L1 + 0.21*L2 + 0.72*L3,-1*native_potential_evaporation_sum*1000,BLOCK_8.0D_R_v1
2023-06-20,1687219200000,0.0,0.1924013273794067,0.2426203983137833,0.3101029331743832,0.2876924884480089,281.09458177673105,7.944581776731064,-0.0039791255500275,-3.979125550027528,3.979125550027528,Razuhuillca_microcatchment,79.59237993166853,UCSB-CHG/CHIRPS/DAILY,ECMWF/ERA5_LAND/DAILY_AGGR,0.07*L1 + 0.21*L2 + 0.72*L3,-1*native_potential_evaporation_sum*1000,BLOCK_8.0D_R_v1
2023-06-21,1687305600000,0.0,0.186738412963632,0.2397818115175574,0.3085316821559546,0.2855686804784285,280.9494115869893,7.799411586989341,-0.0037470596890918,-3.7470596890918086,3.7470596890918086,Razuhuillca_microcatchment,79.59237993166853,UCSB-CHG/CHIRPS/DAILY,ECMWF/ERA5_LAND/DAILY_AGGR,0.07*L1 + 0.21*L2 + 0.72*L3,-1*native_potential_evaporation_sum*1000,BLOCK_8.0D_R_v1
2023-06-22,1687392000000,0.0,0.1827042566788219,0.2371531653725802,0.307010117753163,0.2836387474780367,281.2805173870226,8.130517387022653,-0.0038558436353082,-3.85584363530826,3.85584363530826,Razuhuillca_microcatchment,79.59237993166853,UCSB-CHG/CHIRPS/DAILY,ECMWF/ERA5_LAND/DAILY_AGGR,0.07*L1 + 0.21*L2 + 0.72*L3,-1*native_potential_evaporation_sum*1000,BLOCK_8.0D_R_v1
2023-06-23,1687478400000,0.0,0.1792379022793043,0.2345456874898862,0.3054878220163099,0.2817524793841705,281.4257804378149,8.275780437814955,-0.0039324696267271,-3.932469626727132,3.932469626727132,Razuhuillca_microcatchment,79.59237993166853,UCSB-CHG/CHIRPS/DAILY,ECMWF/ERA5_LAND/DAILY_AGGR,0.07*L1 + 0.21*L2 + 0.72*L3,-1*native_potential_evaporation_sum*1000,BLOCK_8.0D_R_v1
2023-06-24,1687564800000,5.095415535427274,0.1743478278893266,0.2317760739482666,0.3039167584252035,0.2796973895475354,281.98910871957764,8.839108719577693,-0.0040507024595503,-4.050702459550316,4.050702459550316,Razuhuillca_microcatchment,79.59237993166853,UCSB-CHG/CHIRPS/DAILY,ECMWF/ERA5_LAND/DAILY_AGGR,0.07*L1 + 0.21*L2 + 0.72*L3,-1*native_potential_evaporation_sum*1000,BLOCK_8.0D_R_v1
2023-06-25,1687651200000,0.0,0.1699622233249318,0.2289930501654888,0.3023314393324658,0.2776645324868733,281.560744772527,8.410744772527048,-0.003981322437697,-3.981322437697063,3.981322437697063,Razuhuillca_microcatchment,79.59237993166853,UCSB-CHG/CHIRPS/DAILY,ECMWF/ERA5_LAND/DAILY_AGGR,0.07*L1 + 0.21*L2 + 0.72*L3,-1*native_potential_evaporation_sum*1000,BLOCK_8.0D_R_v1
2023-06-26,1687737600000,0.0,0.1661459568148633,0.2263892804037398,0.3007872145989037,0.2757387603730365,281.5879823247362,8.437982324736202,-0.0040159135884632,-4.015913588463227,4.015913588463227,Razuhuillca_microcatchment,79.59237993166853,UCSB-CHG/CHIRPS/DAILY,ECMWF/ERA5_LAND/DAILY_AGGR,0.07*L1 + 0.21*L2 + 0.72*L3,-1*native_potential_evaporation_sum*1000,BLOCK_8.0D_R_v1
2023-06-27,1687824000000,0.0,0.162704574349758,0.2238839651118813,0.299266102226713,0.2738765464812114,281.5532811262245,8.403281126224488,-0.0037770884574493,-3.777088457449323,3.777088457449323,Razuhuillca_microcatchment,79.59237993166853,UCSB-CHG/CHIRPS/DAILY,ECMWF/ERA5_LAND/DAILY_AGGR,0.07*L1 + 0.21*L2 + 0.72*L3,-1*native_potential_evaporation_sum*1000,BLOCK_8.0D_R_v1
2023-06-28,1687910400000,0.0,0.1602383100917573,0.2216116366818231,0.2978075097291685,0.2721765324146072,280.88120918420924,7.731209184209285,-0.0038679043595501,-3.8679043595501454,3.8679043595501454,Razuhuillca_microcatchment,79.59237993166853,UCSB-CHG/CHIRPS/DAILY,ECMWF/ERA5_LAND/DAILY_AGGR,0.07*L1 + 0.21*L2 + 0.72*L3,-1*native_potential_evaporation_sum*1000,BLOCK_8.0D_R_v1
2023-06-29,1687996800000,0.0,0.1603123916596576,0.2197269042792347,0.296465419850138,0.2708196196069147,281.0724375179048,7.92243751790483,-0.0029523374372824,-2.952337437282408,2.952337437282408,Razuhuillca_microcatchment,79.59237993166853,UCSB-CHG/CHIRPS/DAILY,ECMWF/ERA5_LAND/DAILY_AGGR,0.07*L1 + 0.21*L2 + 0.72*L3,-1*native_potential_evaporation_sum*1000,BLOCK_8.0D_R_v1
2023-06-30,1688083200000,0.0,0.1649992213313519,0.2188453380312763,0.2954358337931549,0.2702212668108343,280.6201446364151,7.47014463641514,-0.0023358639523473,-2.3358639523473093,2.3358639523473093,Razuhuillca_microcatchment,79.59237993166853,UCSB-CHG/CHIRPS/DAILY,ECMWF/ERA5_LAND/DAILY_AGGR,0.07*L1 + 0.21*L2 + 0.72*L3,-1*native_potential_evaporation_sum*1000,BLOCK_8.0D_R_v1
2023-07-01,1688169600000,2.5749139118762243,0.1689512954741314,0.2180896310677647,0.29443520709499,0.2696187623158126,280.68826474757554,7.538264747575567,-0.0036452832077279,-3.645283207727995,3.645283207727995,Razuhuillca_microcatchment,79.59237993166853,UCSB-CHG/CHIRPS/DAILY,ECMWF/ERA5_LAND/DAILY_AGGR,0.07*L1 + 0.21*L2 + 0.72*L3,-1*native_potential_evaporation_sum*1000,BLOCK_8.0D_R_v1
2023-07-02,1688256000000,0.0,0.1656576682147722,0.2163932888494061,0.2931332340130226,0.2680945559227857,280.8453558662723,7.695355866272334,-0.0039688891844253,-3.968889184425332,3.968889184425332,Razuhuillca_microcatchment,79.59237993166853,UCSB-CHG/CHIRPS/DAILY,ECMWF/ERA5_LAND/DAILY_AGGR,0.07*L1 + 0.21*L2 + 0.72*L3,-1*native_potential_evaporation_sum*1000,BLOCK_8.0D_R_v1
2023-07-03,1688342400000,0.0,0.1616311743999032,0.2143993083681903,0.2917371025893959,0.2663887508296783,281.2021095555182,8.052109555518246,-0.0041949865704326,-4.194986570432696,4.194986570432696,Razuhuillca_microcatchment,79.59237993166853,UCSB-CHG/CHIRPS/DAILY,ECMWF/ERA5_LAND/DAILY_AGGR,0.07*L1 + 0.21*L2 + 0.72*L3,-1*native_potential_evaporation_sum*1000,BLOCK_8.0D_R_v1
2023-07-04,1688428800000,0.0,0.1576210492378484,0.2122762235373201,0.2902990572714392,0.2646268016249228,282.0988668467498,8.948866846749812,-0.0041410575023276,-4.141057502327627,4.141057502327627,Razuhuillca_microcatchment,79.59237993166853,UCSB-CHG/CHIRPS/DAILY,ECMWF/ERA5_LAND/DAILY_AGGR,0.07*L1 + 0.21*L2 + 0.72*L3,-1*native_potential_evaporation_sum*1000,BLOCK_8.0D_R_v1
2023-07-05,1688515200000,1.1994193430457796,0.1546861505232794,0.2101878789118948,0.2888725405713266,0.2629557143194827,283.0091457293442,9.859145729344275,-0.0039889433911081,-3.9889433911081,3.9889433911081,Razuhuillca_microcatchment,79.59237993166853,UCSB-CHG/CHIRPS/DAILY,ECMWF/ERA5_LAND/DAILY_AGGR,0.07*L1 + 0.21*L2 + 0.72*L3,-1*native_potential_evaporation_sum*1000,BLOCK_8.0D_R_v1
2023-07-06,1688601600000,0.0,0.1533765333465987,0.2082739997231661,0.2874975296343911,0.2614721186128884,282.9036516509304,9.753651650930422,-0.0040645060597816,-4.064506059781665,4.064506059781665,Razuhuillca_microcatchment,79.59237993166853,UCSB-CHG/CHIRPS/DAILY,ECMWF/ERA5_LAND/DAILY_AGGR,0.07*L1 + 0.21*L2 + 0.72*L3,-1*native_potential_evaporation_sum*1000,BLOCK_8.0D_R_v1
2023-07-07,1688688000000,0.0,0.1519493918887452,0.2064552086626174,0.2861511068766746,0.2600208482025676,282.38489055082283,9.234890550822904,-0.0041400648524306,-4.140064852430641,4.140064852430641,Razuhuillca_microcatchment,79.59237993166853,UCSB-CHG/CHIRPS/DAILY,ECMWF/ERA5_LAND/DAILY_AGGR,0.07*L1 + 0.21*L2 + 0.72*L3,-1*native_potential_evaporation_sum*1000,BLOCK_8.0D_R_v1
2023-07-08,1688774400000,0.0,0.1503217252463044,0.2046845092479433,0.2848150808227774,0.2585731259017091,282.3666589917016,9.216658991701609,-0.0040797693708728,-4.079769370872851,4.079769370872851,Razuhuillca_microcatchment,79.59237993166853,UCSB-CHG/CHIRPS/DAILY,ECMWF/ERA5_LAND/DAILY_AGGR,0.07*L1 + 0.21*L2 + 0.72*L3,-1*native_potential_evaporation_sum*1000,BLOCK_8.0D_R_v1
2023-07-09,1688860800000,0.0,0.1484551659438881,0.2030088465108117,0.2835116597728692,0.2571521144198084,281.6733412512924,8.523341251292443,-0.0041009561088732,-4.10095610887329,4.10095610887329,Razuhuillca_microcatchment,79.59237993166853,UCSB-CHG/CHIRPS/DAILY,ECMWF/ERA5_LAND/DAILY_AGGR,0.07*L1 + 0.21*L2 + 0.72*L3,-1*native_potential_evaporation_sum*1000,BLOCK_8.0D_R_v1
2023-07-10,1688947200000,0.0,0.1465579383864798,0.2014298337962126,0.2822433868584605,0.2557745593223497,281.7330712114455,8.58307121144555,-0.0040681878524708,-4.068187852470861,4.068187852470861,Razuhuillca_microcatchment,79.59237993166853,UCSB-CHG/CHIRPS/DAILY,ECMWF/ERA5_LAND/DAILY_AGGR,0.07*L1 + 0.21*L2 + 0.72*L3,-1*native_potential_evaporation_sum*1000,BLOCK_8.0D_R_v1
2023-07-11,1689033600000,0.0,0.1448330520894486,0.1998756864397053,0.2809818576526091,0.254419145308478,282.0577271264872,8.907727126487199,-0.0042121300118506,-4.212130011850698,4.212130011850698,Razuhuillca_microcatchment,79.59237993166853,UCSB-CHG/CHIRPS/DAILY,ECMWF/ERA5_LAND/DAILY_AGGR,0.07*L1 + 0.21*L2 + 0.72*L3,-1*native_potential_evaporation_sum*1000,BLOCK_8.0D_R_v1
2023-07-12,1689120000000,0.0,0.1432100527548376,0.1982331909885296,0.2796814942405862,0.2530243496536519,282.2552176826492,9.105217682649185,-0.0040754911872003,-4.07549118720038,4.07549118720038,Razuhuillca_microcatchment,79.59237993166853,UCSB-CHG/CHIRPS/DAILY,ECMWF/ERA5_LAND/DAILY_AGGR,0.07*L1 + 0.21*L2 + 0.72*L3,-1*native_potential_evaporation_sum*1000,BLOCK_8.0D_R_v1
2023-07-13,1689206400000,0.0,0.1422709205936145,0.1967569472472791,0.27844458048973,0.2517580213160872,282.01205700486605,8.862057004866122,-0.0039205123062078,-3.920512306207866,3.920512306207866,Razuhuillca_microcatchment,79.59237993166853,UCSB-CHG/CHIRPS/DAILY,ECMWF/ERA5_LAND/DAILY_AGGR,0.07*L1 + 0.21*L2 + 0.72*L3,-1*native_potential_evaporation_sum*1000,BLOCK_8.0D_R_v1
2023-07-14,1689292800000,0.0,0.1426692955296393,0.1955749680770844,0.2773269329916305,0.2507329857372365,281.4269551330448,8.276955133044904,-0.0041092228510476,-4.109222851047626,4.109222851047626,Razuhuillca_microcatchment,79.59237993166853,UCSB-CHG/CHIRPS/DAILY,ECMWF/ERA5_LAND/DAILY_AGGR,0.07*L1 + 0.21*L2 + 0.72*L3,-1*native_potential_evaporation_sum*1000,BLOCK_8.0D_R_v1
2023-07-15,1689379200000,0.0,0.1421420110213733,0.1943074852974658,0.2761719433558469,0.2495983119001737,282.32969199164063,9.179691991640686,-0.0041544297871562,-4.154429787156209,4.154429787156209,Razuhuillca_microcatchment,79.59237993166853,UCSB-CHG/CHIRPS/DAILY,ECMWF/ERA5_LAND/DAILY_AGGR,0.07*L1 + 0.21*L2 + 0.72*L3,-1*native_potential_evaporation_sum*1000,BLOCK_8.0D_R_v1
2023-07-16,1689465600000,0.0,0.1435891153265745,0.1931555385993854,0.2750652327932603,0.2486608687898786,282.0010893974231,8.851089397423102,-0.0039919387829097,-3.9919387829097017,3.9919387829097017,Razuhuillca_microcatchment,79.59237993166853,UCSB-CHG/CHIRPS/DAILY,ECMWF/ERA5_LAND/DAILY_AGGR,0.07*L1 + 0.21*L2 + 0.72*L3,-1*native_potential_evaporation_sum*1000,BLOCK_8.0D_R_v1
2023-07-17,1689552000000,0.0,0.1441808674836204,0.1921444159711716,0.2740163747974903,0.2477347779319924,281.29086383091914,8.140863830919233,-0.0037832868237026,-3.783286823702685,3.783286823702685,Razuhuillca_microcatchment,79.59237993166853,UCSB-CHG/CHIRPS/DAILY,ECMWF/ERA5_LAND/DAILY_AGGR,0.07*L1 + 0.21*L2 + 0.72*L3,-1*native_potential_evaporation_sum*1000,BLOCK_8.0D_R_v1
2023-07-18,1689638400000,0.0,0.1454172777532382,0.1913746078579412,0.2730816820912737,0.2469866881986114,281.4898024909987,8.339802490998794,-0.0033320596366259,-3.33205963662594,3.33205963662594,Razuhuillca_microcatchment,79.59237993166853,UCSB-CHG/CHIRPS/DAILY,ECMWF/ERA5_LAND/DAILY_AGGR,0.07*L1 + 0.21*L2 + 0.72*L3,-1*native_potential_evaporation_sum*1000,BLOCK_8.0D_R_v1
2023-07-19,1689724800000,0.0,0.1500352039961915,0.1910344823936506,0.2723441482279342,0.2467074923065126,281.3834358612237,8.233435861223734,-0.0032704850238871,-3.270485023887171,3.270485023887171,Razuhuillca_microcatchment,79.59237993166853,UCSB-CHG/CHIRPS/DAILY,ECMWF/ERA5_LAND/DAILY_AGGR,0.07*L1 + 0.21*L2 + 0.72*L3,-1*native_potential_evaporation_sum*1000,BLOCK_8.0D_R_v1
2023-07-20,1689811200000,0.0,0.1527018280617304,0.1906448981665462,0.2715804884658843,0.2462625082747325,281.15683661444336,8.006836614443394,-0.0034387878255347,-3.438787825534798,3.438787825534798,Razuhuillca_microcatchment,79.59237993166853,UCSB-CHG/CHIRPS/DAILY,ECMWF/ERA5_LAND/DAILY_AGGR,0.07*L1 + 0.21*L2 + 0.72*L3,-1*native_potential_evaporation_sum*1000,BLOCK_8.0D_R_v1
2023-07-21,1689897600000,0.0,0.1519859585918213,0.1899643605844133,0.2706906166150161,0.2454287767869658,281.58752193708176,8.437521937081845,-0.0043028975067111,-4.30289750671111,4.30289750671111,Razuhuillca_microcatchment,79.59237993166853,UCSB-CHG/CHIRPS/DAILY,ECMWF/ERA5_LAND/DAILY_AGGR,0.07*L1 + 0.21*L2 + 0.72*L3,-1*native_potential_evaporation_sum*1000,BLOCK_8.0D_R_v1
2023-07-22,1689984000000,0.0,0.1484212526236885,0.1888043802367928,0.2695879008269263,0.2441416961287717,281.634730271062,8.484730271061983,-0.00442766432645,-4.42766432645004,4.42766432645004,Razuhuillca_microcatchment,79.59237993166853,UCSB-CHG/CHIRPS/DAILY,ECMWF/ERA5_LAND/DAILY_AGGR,0.07*L1 + 0.21*L2 + 0.72*L3,-1*native_potential_evaporation_sum*1000,BLOCK_8.0D_R_v1
2023-07-23,1690070400000,0.0,0.1459886664829732,0.187592438420349,0.2684642372792856,0.242907869563167,281.7099591918534,8.559959191853407,-0.0044146668531991,-4.414666853199114,4.414666853199114,Razuhuillca_microcatchment,79.59237993166853,UCSB-CHG/CHIRPS/DAILY,ECMWF/ERA5_LAND/DAILY_AGGR,0.07*L1 + 0.21*L2 + 0.72*L3,-1*native_potential_evaporation_sum*1000,BLOCK_8.0D_R_v1
2023-07-24,1690156800000,0.0,0.1437285061286823,0.1864002168982474,0.2673495849432972,0.2416967421368137,281.7740431732295,8.624043173229545,-0.0044982185253518,-4.498218525351817,4.498218525351817,Razuhuillca_microcatchment,79.59237993166853,UCSB-CHG/CHIRPS/DAILY,ECMWF/ERA5_LAND/DAILY_AGGR,0.07*L1 + 0.21*L2 + 0.72*L3,-1*native_potential_evaporation_sum*1000,BLOCK_8.0D_R_v1
2023-07-25,1690243200000,0.0,0.1416229328897876,0.1851658536289928,0.2662125148295438,0.2404714452416451,282.48930213722423,9.339302137224218,-0.0044397172125088,-4.439717212508869,4.439717212508869,Razuhuillca_microcatchment,79.59237993166853,UCSB-CHG/CHIRPS/DAILY,ECMWF/ERA5_LAND/DAILY_AGGR,0.07*L1 + 0.21*L2 + 0.72*L3,-1*native_potential_evaporation_sum*1000,BLOCK_8.0D_R_v1
2023-07-26,1690329600000,0.0,0.1406291270761361,0.1839495862839539,0.2650798951959334,0.2393309765560318,282.4804113935643,9.330411393564352,-0.004589829787698,-4.589829787698095,4.589829787698095,Razuhuillca_microcatchment,79.59237993166853,UCSB-CHG/CHIRPS/DAILY,ECMWF/ERA5_LAND/DAILY_AGGR,0.07*L1 + 0.21*L2 + 0.72*L3,-1*native_potential_evaporation_sum*1000,BLOCK_8.0D_R_v1
2023-07-27,1690416000000,0.0,0.1394505730483803,0.1827775775122964,0.2639641587215122,0.2381990256704576,282.257284432707,9.107284432707052,-0.0044346734278463,-4.43467342784639,4.43467342784639,Razuhuillca_microcatchment,79.59237993166853,UCSB-CHG/CHIRPS/DAILY,ECMWF/ERA5_LAND/DAILY_AGGR,0.07*L1 + 0.21*L2 + 0.72*L3,-1*native_potential_evaporation_sum*1000,BLOCK_8.0D_R_v1
2023-07-28,1690502400000,0.0,0.1403056716183936,0.1819653152730423,0.263034658854637,0.2374190675959651,281.23256377218314,8.08256377218317,-0.0038631520519366,-3.8631520519366847,3.8631520519366847,Razuhuillca_microcatchment,79.59237993166853,UCSB-CHG/CHIRPS/DAILY,ECMWF/ERA5_LAND/DAILY_AGGR,0.07*L1 + 0.21*L2 + 0.72*L3,-1*native_potential_evaporation_sum*1000,BLOCK_8.0D_R_v1
2023-07-29,1690588800000,2.341168393336591,0.1575673274222137,0.1816572986815935,0.2623701554961747,0.2380842575999354,280.3645892942572,7.214589294257215,-0.0025007356539627,-2.500735653962703,2.500735653962703,Razuhuillca_microcatchment,79.59237993166853,UCSB-CHG/CHIRPS/DAILY,ECMWF/ERA5_LAND/DAILY_AGGR,0.07*L1 + 0.21*L2 + 0.72*L3,-1*native_potential_evaporation_sum*1000,BLOCK_8.0D_R_v1
2023-07-30,1690675200000,0.0,0.2021517523910728,0.1823330807548037,0.2620714367699301,0.2411320041002335,281.1831091695208,8.033109169520866,-0.003582221881158,-3.58222188115809,3.58222188115809,Razuhuillca_microcatchment,79.59237993166853,UCSB-CHG/CHIRPS/DAILY,ECMWF/ERA5_LAND/DAILY_AGGR,0.07*L1 + 0.21*L2 + 0.72*L3,-1*native_potential_evaporation_sum*1000,BLOCK_8.0D_R_v1
2023-07-31,1690761600000,0.0,0.2168590714706391,0.1831627443346674,0.2615884843359563,0.2419880200351134,280.8992420813941,7.749242081394118,-0.0042924769007401,-4.292476900740166,4.292476900740166,Razuhuillca_microcatchment,79.59237993166853,UCSB-CHG/CHIRPS/DAILY,ECMWF/ERA5_LAND/DAILY_AGGR,0.07*L1 + 0.21*L2 + 0.72*L3,-1*native_potential_evaporation_sum*1000,BLOCK_8.0D_R_v1
2023-08-01,1690848000000,0.0,0.2110604486483829,0.183687651088472,0.2609599082226468,0.2412397720542716,280.67846473517443,7.528464735174491,-0.0042912570727353,-4.291257072735384,4.291257072735384,Razuhuillca_microcatchment,79.59237993166853,UCSB-CHG/CHIRPS/DAILY,ECMWF/ERA5_LAND/DAILY_AGGR,0.07*L1 + 0.21*L2 + 0.72*L3,-1*native_potential_evaporation_sum*1000,BLOCK_8.0D_R_v1
2023-08-02,1690934400000,0.0,0.2013072342771555,0.1837247065726043,0.260216736839456,0.2400297453040562,281.0746565214242,7.924656521424199,-0.0044203438080115,-4.420343808011512,4.420343808011512,Razuhuillca_microcatchment,79.59237993166853,UCSB-CHG/CHIRPS/DAILY,ECMWF/ERA5_LAND/DAILY_AGGR,0.07*L1 + 0.21*L2 + 0.72*L3,-1*native_potential_evaporation_sum*1000,BLOCK_8.0D_R_v1
2023-08-03,1691020800000,0.0,0.1885734734507654,0.1832785413444386,0.2593774850657909,0.2384404260712552,281.118158737359,7.968158737359055,-0.0042925673843808,-4.292567384380826,4.292567384380826,Razuhuillca_microcatchment,79.59237993166853,UCSB-CHG/CHIRPS/DAILY,ECMWF/ERA5_LAND/DAILY_AGGR,0.07*L1 + 0.21*L2 + 0.72*L3,-1*native_potential_evaporation_sum*1000,BLOCK_8.0D_R_v1
2023-08-04,1691107200000,0.0,0.1798841296363198,0.1827470121585794,0.2585839141081293,0.2371491797856971,280.7169024884586,7.566902488458609,-0.0042128276101426,-4.212827610142658,4.212827610142658,Razuhuillca_microcatchment,79.59237993166853,UCSB-CHG/CHIRPS/DAILY,ECMWF/ERA5_LAND/DAILY_AGGR,0.07*L1 + 0.21*L2 + 0.72*L3,-1*native_potential_evaporation_sum*1000,BLOCK_8.0D_R_v1
2023-08-05,1691193600000,0.0,0.1761865634219954,0.182243225891466,0.25784833904406,0.2362549409884708,280.6524669448764,7.502466944876441,-0.0039917858952731,-3.991785895273176,3.991785895273176,Razuhuillca_microcatchment,79.59237993166853,UCSB-CHG/CHIRPS/DAILY,ECMWF/ERA5_LAND/DAILY_AGGR,0.07*L1 + 0.21*L2 + 0.72*L3,-1*native_potential_evaporation_sum*1000,BLOCK_8.0D_R_v1
2023-08-06,1691280000000,0.0,0.1791283822473073,0.1820137780985161,0.2572566236374695,0.2359866491769779,281.6343304408079,8.48433044080793,-0.0042797072085341,-4.279707208534196,4.279707208534196,Razuhuillca_microcatchment,79.59237993166853,UCSB-CHG/CHIRPS/DAILY,ECMWF/ERA5_LAND/DAILY_AGGR,0.07*L1 + 0.21*L2 + 0.72*L3,-1*native_potential_evaporation_sum*1000,BLOCK_8.0D_R_v1
2023-08-07,1691366400000,0.0,0.1735975342678885,0.1815078162044459,0.2565389533952482,0.2349765152462645,282.107256178222,8.957256178221987,-0.0040032822272681,-4.003282227268109,4.003282227268109,Razuhuillca_microcatchment,79.59237993166853,UCSB-CHG/CHIRPS/DAILY,ECMWF/ERA5_LAND/DAILY_AGGR,0.07*L1 + 0.21*L2 + 0.72*L3,-1*native_potential_evaporation_sum*1000,BLOCK_8.0D_R_v1
2023-08-08,1691452800000,0.0,0.1736500837439976,0.1812183328676315,0.2559554737657021,0.234499296875588,281.8001110098955,8.650111009895483,-0.0038482687635228,-3.848268763522881,3.848268763522881,Razuhuillca_microcatchment,79.59237993166853,UCSB-CHG/CHIRPS/DAILY,ECMWF/ERA5_LAND/DAILY_AGGR,0.07*L1 + 0.21*L2 + 0.72*L3,-1*native_potential_evaporation_sum*1000,BLOCK_8.0D_R_v1
2023-08-09,1691539200000,0.0,0.1758530677398505,0.1810491080458683,0.2554349182658113,0.234243168582806,282.2418635961867,9.09186359618674,-0.0043811125820771,-4.381112582077179,4.381112582077179,Razuhuillca_microcatchment,79.59237993166853,UCSB-CHG/CHIRPS/DAILY,ECMWF/ERA5_LAND/DAILY_AGGR,0.07*L1 + 0.21*L2 + 0.72*L3,-1*native_potential_evaporation_sum*1000,BLOCK_8.0D_R_v1
2023-08-10,1691625600000,0.0,0.1741002621218877,0.1806024430115099,0.2547741671288404,0.2335509317137143,282.2785248949349,9.128524894934896,-0.0046219272765121,-4.621927276512102,4.621927276512102,Razuhuillca_microcatchment,79.59237993166853,UCSB-CHG/CHIRPS/DAILY,ECMWF/ERA5_LAND/DAILY_AGGR,0.07*L1 + 0.21*L2 + 0.72*L3,-1*native_potential_evaporation_sum*1000,BLOCK_8.0D_R_v1
2023-08-11,1691712000000,0.0,0.1711143795006077,0.1800632770810283,0.2540831777172051,0.2327311827084462,281.7057636900444,8.555763690044433,-0.0040874292998644,-4.087429299864465,4.087429299864465,Razuhuillca_microcatchment,79.59237993166853,UCSB-CHG/CHIRPS/DAILY,ECMWF/ERA5_LAND/DAILY_AGGR,0.07*L1 + 0.21*L2 + 0.72*L3,-1*native_potential_evaporation_sum*1000,BLOCK_8.0D_R_v1
2023-08-12,1691798400000,0.0,0.1749093233964806,0.1797116707744855,0.2534896688883933,0.2324956651000388,281.9870138811468,8.837013881146813,-0.0042828743512919,-4.282874351291986,4.282874351291986,Razuhuillca_microcatchment,79.59237993166853,UCSB-CHG/CHIRPS/DAILY,ECMWF/ERA5_LAND/DAILY_AGGR,0.07*L1 + 0.21*L2 + 0.72*L3,-1*native_potential_evaporation_sum*1000,BLOCK_8.0D_R_v1
2023-08-13,1691884800000,3.910520866868043,0.1838103388086219,0.1794373653757319,0.2529124368362574,0.2326455249676126,281.0439937753254,7.893993775325487,-0.0039145591200431,-3.914559120043165,3.914559120043165,Razuhuillca_microcatchment,79.59237993166853,UCSB-CHG/CHIRPS/DAILY,ECMWF/ERA5_LAND/DAILY_AGGR,0.07*L1 + 0.21*L2 + 0.72*L3,-1*native_potential_evaporation_sum*1000,BLOCK_8.0D_R_v1
2023-08-14,1691971200000,0.0,0.189361579615716,0.1794278470077955,0.2524322112860707,0.2326863505707081,281.16945060921074,8.019450609210834,-0.0037630979466989,-3.763097946698955,3.763097946698955,Razuhuillca_microcatchment,79.59237993166853,UCSB-CHG/CHIRPS/DAILY,ECMWF/ERA5_LAND/DAILY_AGGR,0.07*L1 + 0.21*L2 + 0.72*L3,-1*native_potential_evaporation_sum*1000,BLOCK_8.0D_R_v1
2023-08-15,1692057600000,0.0,0.1891123196522854,0.1794483941873833,0.2519718236316835,0.2323417381698226,281.9606442570916,8.810644257091608,-0.0041349379916411,-4.134937991641159,4.134937991641159,Razuhuillca_microcatchment,79.59237993166853,UCSB-CHG/CHIRPS/DAILY,ECMWF/ERA5_LAND/DAILY_AGGR,0.07*L1 + 0.21*L2 + 0.72*L3,-1*native_potential_evaporation_sum*1000,BLOCK_8.0D_R_v1
2023-08-16,1692144000000,0.0,0.1874736094980111,0.1793514575112991,0.2514560530410795,0.2318353169318109,282.2752894656966,9.12528946569663,-0.0046444995210349,-4.644499521034991,4.644499521034991,Razuhuillca_microcatchment,79.59237993166853,UCSB-CHG/CHIRPS/DAILY,ECMWF/ERA5_LAND/DAILY_AGGR,0.07*L1 + 0.21*L2 + 0.72*L3,-1*native_potential_evaporation_sum*1000,BLOCK_8.0D_R_v1
2023-08-17,1692230400000,0.0,0.1774623407793872,0.178691261306204,0.2506922058517074,0.2304459169420893,283.0981458910169,9.948145891016871,-0.0046631909605395,-4.663190960539559,4.663190960539559,Razuhuillca_microcatchment,79.59237993166853,UCSB-CHG/CHIRPS/DAILY,ECMWF/ERA5_LAND/DAILY_AGGR,0.07*L1 + 0.21*L2 + 0.72*L3,-1*native_potential_evaporation_sum*1000,BLOCK_8.0D_R_v1
2023-08-18,1692316800000,0.0,0.1681360123474474,0.1778187503704446,0.2498607378244859,0.2290111896757445,283.90351964696976,10.753519646969838,-0.0049876200756585,-4.987620075658566,4.987620075658566,Razuhuillca_microcatchment,79.59237993166853,UCSB-CHG/CHIRPS/DAILY,ECMWF/ERA5_LAND/DAILY_AGGR,0.07*L1 + 0.21*L2 + 0.72*L3,-1*native_potential_evaporation_sum*1000,BLOCK_8.0D_R_v1
2023-08-19,1692403200000,0.0,0.1596608722370713,0.1767586393852454,0.248948657673448,0.2275386088523791,283.57491373418617,10.424913734186172,-0.0047926918275094,-4.792691827509445,4.792691827509445,Razuhuillca_microcatchment,79.59237993166853,UCSB-CHG/CHIRPS/DAILY,ECMWF/ERA5_LAND/DAILY_AGGR,0.07*L1 + 0.21*L2 + 0.72*L3,-1*native_potential_evaporation_sum*1000,BLOCK_8.0D_R_v1
2023-08-20,1692489600000,0.0,0.1532765941583122,0.1757788942958119,0.2480908726451484,0.2262683576977092,283.4570589929187,10.307058992918783,-0.005079516268879,-5.0795162688790025,5.0795162688790025,Razuhuillca_microcatchment,79.59237993166853,UCSB-CHG/CHIRPS/DAILY,ECMWF/ERA5_LAND/DAILY_AGGR,0.07*L1 + 0.21*L2 + 0.72*L3,-1*native_potential_evaporation_sum*1000,BLOCK_8.0D_R_v1
2023-08-21,1692576000000,0.0,0.1483504565464967,0.1747030394155395,0.2471754224773546,0.2250384744192134,283.6929656747219,10.54296567472192,-0.0051163984947121,-5.11639849471219,5.11639849471219,Razuhuillca_microcatchment,79.59237993166853,UCSB-CHG/CHIRPS/DAILY,ECMWF/ERA5_LAND/DAILY_AGGR,0.07*L1 + 0.21*L2 + 0.72*L3,-1*native_potential_evaporation_sum*1000,BLOCK_8.0D_R_v1
2023-08-22,1692662400000,0.0,0.1440591683507195,0.1736132818380072,0.2462413141033782,0.2238366771249642,283.06919319138126,9.919193191381352,-0.005248918138832,-5.248918138832026,5.248918138832026,Razuhuillca_microcatchment,79.59237993166853,UCSB-CHG/CHIRPS/DAILY,ECMWF/ERA5_LAND/DAILY_AGGR,0.07*L1 + 0.21*L2 + 0.72*L3,-1*native_potential_evaporation_sum*1000,BLOCK_8.0D_R_v1
2023-08-23,1692748800000,0.0,0.1405917151125869,0.1725467762735767,0.2453041333913343,0.2226952191170929,283.3852830236358,10.235283023635793,-0.005029493243019,-5.029493243019014,5.029493243019014,Razuhuillca_microcatchment,79.59237993166853,UCSB-CHG/CHIRPS/DAILY,ECMWF/ERA5_LAND/DAILY_AGGR,0.07*L1 + 0.21*L2 + 0.72*L3,-1*native_potential_evaporation_sum*1000,BLOCK_8.0D_R_v1
2023-08-24,1692835200000,0.0,0.1379638517523087,0.1715804304001648,0.2444185356184237,0.2216707056519613,283.14875308351014,9.998753083510238,-0.0048967735098965,-4.896773509896559,4.896773509896559,Razuhuillca_microcatchment,79.59237993166853,UCSB-CHG/CHIRPS/DAILY,ECMWF/ERA5_LAND/DAILY_AGGR,0.07*L1 + 0.21*L2 + 0.72*L3,-1*native_potential_evaporation_sum*1000,BLOCK_8.0D_R_v1
2023-08-25,1692921600000,0.0,0.1369571979794658,0.1707356844334244,0.2435989637136,0.2208327514633737,283.5974130318114,10.447413031811436,-0.0049441427509219,-4.944142750921966,4.944142750921966,Razuhuillca_microcatchment,79.59237993166853,UCSB-CHG/CHIRPS/DAILY,ECMWF/ERA5_LAND/DAILY_AGGR,0.07*L1 + 0.21*L2 + 0.72*L3,-1*native_potential_evaporation_sum*1000,BLOCK_8.0D_R_v1
2023-08-26,1693008000000,4.681767102153528,0.1394299780932005,0.1700650474239635,0.2428837263515229,0.2203500413986529,283.41472295345824,10.264722953458303,-0.0044109062480099,-4.4109062480099634,4.4109062480099634,Razuhuillca_microcatchment,79.59237993166853,UCSB-CHG/CHIRPS/DAILY,ECMWF/ERA5_LAND/DAILY_AGGR,0.07*L1 + 0.21*L2 + 0.72*L3,-1*native_potential_evaporation_sum*1000,BLOCK_8.0D_R_v1
2023-08-27,1693094400000,0.0,0.1392667693209785,0.1695894303808782,0.2422908018549513,0.2198118315680178,282.7646153106395,9.614615310639566,-0.0041485065325147,-4.148506532514715,4.148506532514715,Razuhuillca_microcatchment,79.59237993166853,UCSB-CHG/CHIRPS/DAILY,ECMWF/ERA5_LAND/DAILY_AGGR,0.07*L1 + 0.21*L2 + 0.72*L3,-1*native_potential_evaporation_sum*1000,BLOCK_8.0D_R_v1
2023-08-28,1693180800000,0.0,0.1387344426502382,0.1691371131264864,0.241716417963105,0.2192660256755145,282.7761736302017,9.626173630201755,-0.0046096550074615,-4.609655007461591,4.609655007461591,Razuhuillca_microcatchment,79.59237993166853,UCSB-CHG/CHIRPS/DAILY,ECMWF/ERA5_LAND/DAILY_AGGR,0.07*L1 + 0.21*L2 + 0.72*L3,-1*native_potential_evaporation_sum*1000,BLOCK_8.0D_R_v1
2023-08-29,1693267200000,0.0,0.1383968676675491,0.1685904942036593,0.2410594521230355,0.2186545900480825,283.2308130429659,10.080813042965955,-0.0048879759246214,-4.887975924621427,4.887975924621427,Razuhuillca_microcatchment,79.59237993166853,UCSB-CHG/CHIRPS/DAILY,ECMWF/ERA5_LAND/DAILY_AGGR,0.07*L1 + 0.21*L2 + 0.72*L3,-1*native_potential_evaporation_sum*1000,BLOCK_8.0D_R_v1
2023-08-30,1693353600000,0.0,0.1398415721680157,0.1680351176473216,0.2403880911296043,0.2181557103710138,282.99865764919275,9.84865764919277,-0.004967062890185,-4.9670628901850975,4.9670628901850975,Razuhuillca_microcatchment,79.59237993166853,UCSB-CHG/CHIRPS/DAILY,ECMWF/ERA5_LAND/DAILY_AGGR,0.07*L1 + 0.21*L2 + 0.72*L3,-1*native_potential_evaporation_sum*1000,BLOCK_8.0D_R_v1
2023-08-31,1693440000000,0.0,0.1440190919791572,0.1675538630843851,0.2397605513791358,0.2178952446792396,283.03125565222,9.881255652220055,-0.0044509612153031,-4.450961215303123,4.450961215303123,Razuhuillca_microcatchment,79.59237993166853,UCSB-CHG/CHIRPS/DAILY,ECMWF/ERA5_LAND/DAILY_AGGR,0.07*L1 + 0.21*L2 + 0.72*L3,-1*native_potential_evaporation_sum*1000,BLOCK_8.0D_R_v1
2023-09-01,1693526400000,0.0,0.1546829128081628,0.1673335147041805,0.2392983004766622,0.2182626183276461,282.5262489906856,9.376248990685516,-0.0042939028471191,-4.293902847119149,4.293902847119149,Razuhuillca_microcatchment,79.59237993166853,UCSB-CHG/CHIRPS/DAILY,ECMWF/ERA5_LAND/DAILY_AGGR,0.07*L1 + 0.21*L2 + 0.72*L3,-1*native_potential_evaporation_sum*1000,BLOCK_8.0D_R_v1
2023-09-02,1693612800000,0.0,0.1809277323169744,0.1674259788498483,0.2390172513693513,0.2199168178065893,282.3195809454357,9.169580945435763,-0.0037599023366939,-3.7599023366939126,3.7599023366939126,Razuhuillca_microcatchment,79.59237993166853,UCSB-CHG/CHIRPS/DAILY,ECMWF/ERA5_LAND/DAILY_AGGR,0.07*L1 + 0.21*L2 + 0.72*L3,-1*native_potential_evaporation_sum*1000,BLOCK_8.0D_R_v1
2023-09-03,1693699200000,11.057994389817829,0.211963646214362,0.1679593529085662,0.2387393517760642,0.2220012526245705,283.0487395637527,9.898739563752724,-0.0046922881909877,-4.692288190987758,4.692288190987758,Razuhuillca_microcatchment,79.59237993166853,UCSB-CHG/CHIRPS/DAILY,ECMWF/ERA5_LAND/DAILY_AGGR,0.07*L1 + 0.21*L2 + 0.72*L3,-1*native_potential_evaporation_sum*1000,BLOCK_8.0D_R_v1
2023-09-04,1693785600000,7.266941985913685,0.2051664069438486,0.1684294904587585,0.238239810186544,0.2212645048167204,283.10133490443,9.951334904430036,-0.0049215022452993,-4.921502245299388,4.921502245299388,Razuhuillca_microcatchment,79.59237993166853,UCSB-CHG/CHIRPS/DAILY,ECMWF/ERA5_LAND/DAILY_AGGR,0.07*L1 + 0.21*L2 + 0.72*L3,-1*native_potential_evaporation_sum*1000,BLOCK_8.0D_R_v1
2023-09-05,1693872000000,0.0,0.1970422373571377,0.168608637903467,0.2377707677999213,0.220395723390671,282.4286241108742,9.278624110874194,-0.0041322690472437,-4.132269047243746,4.132269047243746,Razuhuillca_microcatchment,79.59237993166853,UCSB-CHG/CHIRPS/DAILY,ECMWF/ERA5_LAND/DAILY_AGGR,0.07*L1 + 0.21*L2 + 0.72*L3,-1*native_potential_evaporation_sum*1000,BLOCK_8.0D_R_v1
2023-09-06,1693958400000,0.0,0.1966090781151214,0.1688978419368207,0.2374577898969999,0.2202007910006307,282.2620372698716,9.112037269871596,-0.0043295722217918,-4.329572221791814,4.329572221791814,Razuhuillca_microcatchment,79.59237993166853,UCSB-CHG/CHIRPS/DAILY,ECMWF/ERA5_LAND/DAILY_AGGR,0.07*L1 + 0.21*L2 + 0.72*L3,-1*native_potential_evaporation_sum*1000,BLOCK_8.0D_R_v1
2023-09-07,1694044800000,0.0,0.2528118508399566,0.1704052868146657,0.2371282044633045,0.224214247003456,282.3279472784729,9.177947278472995,-0.0049464326201146,-4.946432620114673,4.946432620114673,Razuhuillca_microcatchment,79.59237993166853,UCSB-CHG/CHIRPS/DAILY,ECMWF/ERA5_LAND/DAILY_AGGR,0.07*L1 + 0.21*L2 + 0.72*L3,-1*native_potential_evaporation_sum*1000,BLOCK_8.0D_R_v1
2023-09-08,1694131200000,0.0,0.242163395376334,0.1727275260381386,0.2368175822645712,0.2237328773748438,282.32196037204284,9.171960372042824,-0.0049703098790494,-4.9703098790494,4.9703098790494,Razuhuillca_microcatchment,79.59237993166853,UCSB-CHG/CHIRPS/DAILY,ECMWF/ERA5_LAND/DAILY_AGGR,0.07*L1 + 0.21*L2 + 0.72*L3,-1*native_potential_evaporation_sum*1000,BLOCK_8.0D_R_v1
2023-09-09,1694217600000,0.0,0.2336490241548688,0.1741718997845071,0.2364969676170275,0.2232093473298471,282.55200721579024,9.40200721579024,-0.0048855938491104,-4.885593849110465,4.885593849110465,Razuhuillca_microcatchment,79.59237993166853,UCSB-CHG/CHIRPS/DAILY,ECMWF/ERA5_LAND/DAILY_AGGR,0.07*L1 + 0.21*L2 + 0.72*L3,-1*native_potential_evaporation_sum*1000,BLOCK_8.0D_R_v1
2023-09-10,1694304000000,0.0,0.2252489615497331,0.1751202710102059,0.2361561034685844,0.2225750787180053,282.2949006589621,9.144900658962165,-0.0049650424908351,-4.965042490835135,4.965042490835135,Razuhuillca_microcatchment,79.59237993166853,UCSB-CHG/CHIRPS/DAILY,ECMWF/ERA5_LAND/DAILY_AGGR,0.07*L1 + 0.21*L2 + 0.72*L3,-1*native_potential_evaporation_sum*1000,BLOCK_8.0D_R_v1
2023-09-11,1694390400000,0.0,0.2156312203820729,0.17559611958116,0.2357893045237987,0.2217376697959238,282.78778960387825,9.637789603878314,-0.004825487905155,-4.825487905155027,4.825487905155027,Razuhuillca_microcatchment,79.59237993166853,UCSB-CHG/CHIRPS/DAILY,ECMWF/ERA5_LAND/DAILY_AGGR,0.07*L1 + 0.21*L2 + 0.72*L3,-1*native_potential_evaporation_sum*1000,BLOCK_8.0D_R_v1
2023-09-12,1694476800000,0.0,0.2114357332733095,0.1759079765951932,0.2354542506223468,0.221268236862212,283.06218242461506,9.912182424615148,-0.0047644567541304,-4.764456754130435,4.764456754130435,Razuhuillca_microcatchment,79.59237993166853,UCSB-CHG/CHIRPS/DAILY,ECMWF/ERA5_LAND/DAILY_AGGR,0.07*L1 + 0.21*L2 + 0.72*L3,-1*native_potential_evaporation_sum*1000,BLOCK_8.0D_R_v1
2023-09-13,1694563200000,0.0,0.2319239210301511,0.1764908608673625,0.2350962681118003,0.2225670682947529,283.0400913142974,9.890091314297443,-0.0049210456926698,-4.921045692669863,4.921045692669863,Razuhuillca_microcatchment,79.59237993166853,UCSB-CHG/CHIRPS/DAILY,ECMWF/ERA5_LAND/DAILY_AGGR,0.07*L1 + 0.21*L2 + 0.72*L3,-1*native_potential_evaporation_sum*1000,BLOCK_8.0D_R_v1
2023-09-14,1694649600000,0.0,0.2225694858499574,0.1772275163948191,0.2346945893098393,0.2217777467554934,282.7163165061229,9.566316506123048,-0.0049753605113553,-4.9753605113553165,4.9753605113553165,Razuhuillca_microcatchment,79.59237993166853,UCSB-CHG/CHIRPS/DAILY,ECMWF/ERA5_LAND/DAILY_AGGR,0.07*L1 + 0.21*L2 + 0.72*L3,-1*native_potential_evaporation_sum*1000,BLOCK_8.0D_R_v1
2023-09-15,1694736000000,0.0,0.2114187545629365,0.1774132642213089,0.2343254824364575,0.2207704456601298,282.60484769302985,9.454847693029864,-0.0044489990855228,-4.4489990855228,4.4489990855228,Razuhuillca_microcatchment,79.59237993166853,UCSB-CHG/CHIRPS/DAILY,ECMWF/ERA5_LAND/DAILY_AGGR,0.07*L1 + 0.21*L2 + 0.72*L3,-1*native_potential_evaporation_sum*1000,BLOCK_8.0D_R_v1
2023-09-16,1694822400000,0.0,0.2123594669937397,0.1777722610444232,0.2341090369546115,0.2207558441162108,282.8056078526785,9.655607852678552,-0.0048098623580326,-4.809862358032624,4.809862358032624,Razuhuillca_microcatchment,79.59237993166853,UCSB-CHG/CHIRPS/DAILY,ECMWF/ERA5_LAND/DAILY_AGGR,0.07*L1 + 0.21*L2 + 0.72*L3,-1*native_potential_evaporation_sum*1000,BLOCK_8.0D_R_v1
2023-09-17,1694908800000,0.0,0.2229794445295095,0.1782908614200893,0.2339145167944288,0.2214680941072732,282.1710293426219,9.021029342621976,-0.0041530494486665,-4.153049448666544,4.153049448666544,Razuhuillca_microcatchment,79.59237993166853,UCSB-CHG/CHIRPS/DAILY,ECMWF/ERA5_LAND/DAILY_AGGR,0.07*L1 + 0.21*L2 + 0.72*L3,-1*native_potential_evaporation_sum*1000,BLOCK_8.0D_R_v1
2023-09-18,1694995200000,0.0,0.2405776610034508,0.1794568063666135,0.2337794956214625,0.2228476024546834,282.49080943510023,9.34080943510024,-0.0040999645787167,-4.099964578716741,4.099964578716741,Razuhuillca_microcatchment,79.59237993166853,UCSB-CHG/CHIRPS/DAILY,ECMWF/ERA5_LAND/DAILY_AGGR,0.07*L1 + 0.21*L2 + 0.72*L3,-1*native_potential_evaporation_sum*1000,BLOCK_8.0D_R_v1
2023-09-19,1695081600000,0.0,0.2759112282754828,0.1829004306094954,0.2337131830998238,0.2259963682391509,282.1719706320349,9.02197063203494,-0.0038143721963628,-3.814372196362887,3.814372196362887,Razuhuillca_microcatchment,79.59237993166853,UCSB-CHG/CHIRPS/DAILY,ECMWF/ERA5_LAND/DAILY_AGGR,0.07*L1 + 0.21*L2 + 0.72*L3,-1*native_potential_evaporation_sum*1000,BLOCK_8.0D_R_v1
2023-09-20,1695168000000,0.0,0.2911619432629417,0.189224357090474,0.233663051803677,0.2283558483160529,282.3525192246041,9.20251922460421,-0.0043975204832292,-4.397520483229201,4.397520483229201,Razuhuillca_microcatchment,79.59237993166853,UCSB-CHG/CHIRPS/DAILY,ECMWF/ERA5_LAND/DAILY_AGGR,0.07*L1 + 0.21*L2 + 0.72*L3,-1*native_potential_evaporation_sum*1000,BLOCK_8.0D_R_v1
2023-09-21,1695254400000,0.0,0.2895520785410739,0.1956863256318491,0.2335645275079216,0.229529233686267,282.5423349663472,9.392334966347205,-0.0045705742143482,-4.5705742143482135,4.5705742143482135,Razuhuillca_microcatchment,79.59237993166853,UCSB-CHG/CHIRPS/DAILY,ECMWF/ERA5_LAND/DAILY_AGGR,0.07*L1 + 0.21*L2 + 0.72*L3,-1*native_potential_evaporation_sum*1000,BLOCK_8.0D_R_v1
2023-09-22,1695340800000,0.0,0.264501946509918,0.1990356776066598,0.2333830427342527,0.2283484193217547,282.88760249187493,9.737602491874954,-0.0049421467274599,-4.942146727459967,4.942146727459967,Razuhuillca_microcatchment,79.59237993166853,UCSB-CHG/CHIRPS/DAILY,ECMWF/ERA5_LAND/DAILY_AGGR,0.07*L1 + 0.21*L2 + 0.72*L3,-1*native_potential_evaporation_sum*1000,BLOCK_8.0D_R_v1
2023-09-23,1695427200000,0.0,0.2413817793417987,0.1993830318855182,0.233083162693619,0.2265870383892904,283.21396380444713,10.063963804447162,-0.005249084980157,-5.249084980157069,5.249084980157069,Razuhuillca_microcatchment,79.59237993166853,UCSB-CHG/CHIRPS/DAILY,ECMWF/ERA5_LAND/DAILY_AGGR,0.07*L1 + 0.21*L2 + 0.72*L3,-1*native_potential_evaporation_sum*1000,BLOCK_8.0D_R_v1
2023-09-24,1695513600000,10.86594558613641,0.2271430028426623,0.1987137068673135,0.2327800522879598,0.2252315262884532,283.1580523709571,10.00805237095712,-0.0053572379957044,-5.357237995704475,5.357237995704475,Razuhuillca_microcatchment,79.59237993166853,UCSB-CHG/CHIRPS/DAILY,ECMWF/ERA5_LAND/DAILY_AGGR,0.07*L1 + 0.21*L2 + 0.72*L3,-1*native_potential_evaporation_sum*1000,BLOCK_8.0D_R_v1
2023-09-25,1695600000000,0.0,0.2214746714097686,0.1979090666724997,0.2324907453533312,0.2244574676543071,283.68321349303847,10.533213493038474,-0.0056274599594876,-5.627459959487695,5.627459959487695,Razuhuillca_microcatchment,79.59237993166853,UCSB-CHG/CHIRPS/DAILY,ECMWF/ERA5_LAND/DAILY_AGGR,0.07*L1 + 0.21*L2 + 0.72*L3,-1*native_potential_evaporation_sum*1000,BLOCK_8.0D_R_v1
2023-09-26,1695686400000,0.0,0.2066265870610642,0.1964044405545802,0.2320806984726863,0.2228068965110705,284.1508874029552,11.000887402955284,-0.0053789821491076,-5.378982149107607,5.378982149107607,Razuhuillca_microcatchment,79.59237993166853,UCSB-CHG/CHIRPS/DAILY,ECMWF/ERA5_LAND/DAILY_AGGR,0.07*L1 + 0.21*L2 + 0.72*L3,-1*native_potential_evaporation_sum*1000,BLOCK_8.0D_R_v1
2023-09-27,1695772800000,6.397194637429147,0.2004592726455718,0.1949132871535931,0.2317203345326329,0.2218025802509403,284.20414737561765,11.054147375617667,-0.0050934271057906,-5.093427105790618,5.093427105790618,Razuhuillca_microcatchment,79.59237993166853,UCSB-CHG/CHIRPS/DAILY,ECMWF/ERA5_LAND/DAILY_AGGR,0.07*L1 + 0.21*L2 + 0.72*L3,-1*native_potential_evaporation_sum*1000,BLOCK_8.0D_R_v1
2023-09-28,1695859200000,1.1511093718664986,0.2050670631129387,0.1936219312781772,0.2313679638166188,0.2216002339342885,284.5210431563831,11.371043156383127,-0.0053714593452525,-5.371459345252528,5.371459345252528,Razuhuillca_microcatchment,79.59237993166853,UCSB-CHG/CHIRPS/DAILY,ECMWF/ERA5_LAND/DAILY_AGGR,0.07*L1 + 0.21*L2 + 0.72*L3,-1*native_potential_evaporation_sum*1000,BLOCK_8.0D_R_v1
2023-09-29,1695945600000,10.99375996916067,0.20344648195829,0.192428908596149,0.2310314141716341,0.2209939427458482,283.8133436250778,10.663343625077877,-0.0036735736221247,-3.673573622124733,3.673573622124733,Razuhuillca_microcatchment,79.59237993166853,UCSB-CHG/CHIRPS/DAILY,ECMWF/ERA5_LAND/DAILY_AGGR,0.07*L1 + 0.21*L2 + 0.72*L3,-1*native_potential_evaporation_sum*1000,BLOCK_8.0D_R_v1
2023-09-30,1696032000000,0.0,0.2328635750478402,0.19289807593432,0.2309103214212465,0.2230644776228535,283.47648844415744,10.326488444157452,-0.0049504271649211,-4.950427164921182,4.950427164921182,Razuhuillca_microcatchment,79.59237993166853,UCSB-CHG/CHIRPS/DAILY,ECMWF/ERA5_LAND/DAILY_AGGR,0.07*L1 + 0.21*L2 + 0.72*L3,-1*native_potential_evaporation_sum*1000,BLOCK_8.0D_R_v1
2023-10-01,1696118400000,0.0,0.2253289672910363,0.1931032757768281,0.2306700138687398,0.2224071256089991,283.69454203037856,10.544542030378604,-0.0047410085280506,-4.741008528050659,4.741008528050659,Razuhuillca_microcatchment,79.59237993166853,UCSB-CHG/CHIRPS/DAILY,ECMWF/ERA5_LAND/DAILY_AGGR,0.07*L1 + 0.21*L2 + 0.72*L3,-1*native_potential_evaporation_sum*1000,BLOCK_8.0D_R_v1
2023-10-02,1696204800000,0.0,0.244035334945414,0.1942079650643703,0.230467081529327,0.2238024448108121,284.5340916003336,11.384091600333605,-0.0051615236467019,-5.161523646701967,5.161523646701967,Razuhuillca_microcatchment,79.59237993166853,UCSB-CHG/CHIRPS/DAILY,ECMWF/ERA5_LAND/DAILY_AGGR,0.07*L1 + 0.21*L2 + 0.72*L3,-1*native_potential_evaporation_sum*1000,BLOCK_8.0D_R_v1
2023-10-03,1696291200000,2.9471008004177186,0.2523381521706406,0.1957848425775134,0.230303508927597,0.2245970140210925,284.87373346170705,11.723733461707122,-0.0047356172793173,-4.735617279317338,4.735617279317338,Razuhuillca_microcatchment,79.59237993166853,UCSB-CHG/CHIRPS/DAILY,ECMWF/ERA5_LAND/DAILY_AGGR,0.07*L1 + 0.21*L2 + 0.72*L3,-1*native_potential_evaporation_sum*1000,BLOCK_8.0D_R_v1
2023-10-04,1696377600000,13.432646489569118,0.2733468072262802,0.1994627509732696,0.2302120223440416,0.2267741102979362,284.7625175468724,11.612517546872445,-0.0052409811602162,-5.240981160216248,5.240981160216248,Razuhuillca_microcatchment,79.59237993166853,UCSB-CHG/CHIRPS/DAILY,ECMWF/ERA5_LAND/DAILY_AGGR,0.07*L1 + 0.21*L2 + 0.72*L3,-1*native_potential_evaporation_sum*1000,BLOCK_8.0D_R_v1
2023-10-05,1696464000000,0.0,0.2559776453154165,0.2015533814770178,0.2299930557809583,0.2258396454445428,284.43690636621955,11.28690636621965,-0.0055500544133902,-5.550054413390297,5.550054413390297,Razuhuillca_microcatchment,79.59237993166853,UCSB-CHG/CHIRPS/DAILY,ECMWF/ERA5_LAND/DAILY_AGGR,0.07*L1 + 0.21*L2 + 0.72*L3,-1*native_potential_evaporation_sum*1000,BLOCK_8.0D_R_v1
2023-10-06,1696550400000,0.0,0.2368607125989733,0.2014394991659704,0.2296965273818528,0.224264044421716,284.9213314093147,11.771331409314731,-0.0051315086166982,-5.13150861669827,5.13150861669827,Razuhuillca_microcatchment,79.59237993166853,UCSB-CHG/CHIRPS/DAILY,ECMWF/ERA5_LAND/DAILY_AGGR,0.07*L1 + 0.21*L2 + 0.72*L3,-1*native_potential_evaporation_sum*1000,BLOCK_8.0D_R_v1
2023-10-07,1696636800000,0.1309922007577759,0.2333626021309854,0.2010132637097426,0.2294932128377043,0.223783280771362,284.95884952655416,11.808849526554186,-0.0041329362833431,-4.132936283343099,4.132936283343099,Razuhuillca_microcatchment,79.59237993166853,UCSB-CHG/CHIRPS/DAILY,ECMWF/ERA5_LAND/DAILY_AGGR,0.07*L1 + 0.21*L2 + 0.72*L3,-1*native_potential_evaporation_sum*1000,BLOCK_8.0D_R_v1
2023-10-08,1696723200000,0.0,0.2388489122335621,0.2013389168447152,0.2294213950978538,0.2241840008641943,284.93513097377183,11.785130973771848,-0.0045372615487589,-4.537261548758931,4.537261548758931,Razuhuillca_microcatchment,79.59237993166853,UCSB-CHG/CHIRPS/DAILY,ECMWF/ERA5_LAND/DAILY_AGGR,0.07*L1 + 0.21*L2 + 0.72*L3,-1*native_potential_evaporation_sum*1000,BLOCK_8.0D_R_v1
2023-10-09,1696809600000,0.0,0.2428242163391701,0.2016339274500146,0.2293377069609243,0.2244639689201105,283.92681040240154,10.776810402401624,-0.0036792271485218,-3.679227148521843,3.679227148521843,Razuhuillca_microcatchment,79.59237993166853,UCSB-CHG/CHIRPS/DAILY,ECMWF/ERA5_LAND/DAILY_AGGR,0.07*L1 + 0.21*L2 + 0.72*L3,-1*native_potential_evaporation_sum*1000,BLOCK_8.0D_R_v1
2023-10-10,1696896000000,0.1309922007577759,0.363958053735869,0.2325990085197551,0.2294179479051417,0.2395037780423614,283.5764613179112,10.426461317911324,-0.0045643181383954,-4.56431813839543,4.56431813839543,Razuhuillca_microcatchment,79.59237993166853,UCSB-CHG/CHIRPS/DAILY,ECMWF/ERA5_LAND/DAILY_AGGR,0.07*L1 + 0.21*L2 + 0.72*L3,-1*native_potential_evaporation_sum*1000,BLOCK_8.0D_R_v1
2023-10-11,1696982400000,0.0,0.3248425963297055,0.2533454637766343,0.2295372839837634,0.2412083736044822,284.2128974091341,11.062897409134097,-0.0057665931351612,-5.766593135161207,5.766593135161207,Razuhuillca_microcatchment,79.59237993166853,UCSB-CHG/CHIRPS/DAILY,ECMWF/ERA5_LAND/DAILY_AGGR,0.07*L1 + 0.21*L2 + 0.72*L3,-1*native_potential_evaporation_sum*1000,BLOCK_8.0D_R_v1
2023-10-12,1697068800000,1.1851207124335426,0.297600193060432,0.2550747527782168,0.229593324753131,0.2397049054199101,284.21603084850864,11.066030848508658,-0.005698833765322,-5.698833765322073,5.698833765322073,Razuhuillca_microcatchment,79.59237993166853,UCSB-CHG/CHIRPS/DAILY,ECMWF/ERA5_LAND/DAILY_AGGR,0.07*L1 + 0.21*L2 + 0.72*L3,-1*native_potential_evaporation_sum*1000,BLOCK_8.0D_R_v1
2023-10-13,1697155200000,0.0,0.2752763090335794,0.2530771707523764,0.2295899988369215,0.2377203466529331,283.87775838995253,10.727758389952566,-0.0051297138881132,-5.12971388811321,5.12971388811321,Razuhuillca_microcatchment,79.59237993166853,UCSB-CHG/CHIRPS/DAILY,ECMWF/ERA5_LAND/DAILY_AGGR,0.07*L1 + 0.21*L2 + 0.72*L3,-1*native_potential_evaporation_sum*1000,BLOCK_8.0D_R_v1
2023-10-14,1697241600000,9.24465938834917,0.290203314985154,0.2525430910849157,0.2297110695370359,0.238740251243459,283.188407559845,10.038407559845067,-0.0040413172689476,-4.041317268947645,4.041317268947645,Razuhuillca_microcatchment,79.59237993166853,UCSB-CHG/CHIRPS/DAILY,ECMWF/ERA5_LAND/DAILY_AGGR,0.07*L1 + 0.21*L2 + 0.72*L3,-1*native_potential_evaporation_sum*1000,BLOCK_8.0D_R_v1
2023-10-15,1697328000000,0.0,0.3100447902789694,0.2577523431796329,0.2299645337525589,0.2414055916890932,282.6458315068357,9.495831506835737,-0.0047333716398718,-4.733371639871872,4.733371639871872,Razuhuillca_microcatchment,79.59237993166853,UCSB-CHG/CHIRPS/DAILY,ECMWF/ERA5_LAND/DAILY_AGGR,0.07*L1 + 0.21*L2 + 0.72*L3,-1*native_potential_evaporation_sum*1000,BLOCK_8.0D_R_v1
2023-10-16,1697414400000,0.0,0.2948105247953264,0.2597278161315329,0.2301760509983422,0.2409063348421012,282.757313972723,9.60731397272306,-0.0053518786165066,-5.351878616506653,5.351878616506653,Razuhuillca_microcatchment,79.59237993166853,UCSB-CHG/CHIRPS/DAILY,ECMWF/ERA5_LAND/DAILY_AGGR,0.07*L1 + 0.21*L2 + 0.72*L3,-1*native_potential_evaporation_sum*1000,BLOCK_8.0D_R_v1
2023-10-17,1697500800000,0.0,0.2816888739378236,0.2583533417512456,0.2303308439162884,0.2398106305631369,282.87533269819727,9.725332698197288,-0.0047942175169211,-4.794217516921159,4.794217516921159,Razuhuillca_microcatchment,79.59237993166853,UCSB-CHG/CHIRPS/DAILY,ECMWF/ERA5_LAND/DAILY_AGGR,0.07*L1 + 0.21*L2 + 0.72*L3,-1*native_potential_evaporation_sum*1000,BLOCK_8.0D_R_v1
2023-10-18,1697587200000,0.0,0.2983236441492805,0.2592029204028649,0.230581037341285,0.2413336152607765,282.5587813316742,9.40878133167422,-0.0043318562338806,-4.331856233880698,4.331856233880698,Razuhuillca_microcatchment,79.59237993166853,UCSB-CHG/CHIRPS/DAILY,ECMWF/ERA5_LAND/DAILY_AGGR,0.07*L1 + 0.21*L2 + 0.72*L3,-1*native_potential_evaporation_sum*1000,BLOCK_8.0D_R_v1
2023-10-19,1697673600000,0.0,0.3060059189107377,0.2627217875280361,0.2308972676595051,0.2428380224194829,282.8999278559161,9.749927855916145,-0.0048222456536541,-4.822245653654109,4.822245653654109,Razuhuillca_microcatchment,79.59237993166853,UCSB-CHG/CHIRPS/DAILY,ECMWF/ERA5_LAND/DAILY_AGGR,0.07*L1 + 0.21*L2 + 0.72*L3,-1*native_potential_evaporation_sum*1000,BLOCK_8.0D_R_v1
2023-10-20,1697760000000,0.0,0.2921579504288689,0.2636765827333306,0.2311849722742804,0.2422763189415022,282.9140899856656,9.76408998566558,-0.0055235036880294,-5.523503688029472,5.523503688029472,Razuhuillca_microcatchment,79.59237993166853,UCSB-CHG/CHIRPS/DAILY,ECMWF/ERA5_LAND/DAILY_AGGR,0.07*L1 + 0.21*L2 + 0.72*L3,-1*native_potential_evaporation_sum*1000,BLOCK_8.0D_R_v1
2023-10-21,1697846400000,0.0,0.2941355328569063,0.2631067081223563,0.2314661647083671,0.2424975345957026,282.5998812769189,9.44988127691899,-0.0040639415814008,-4.063941581400832,4.063941581400832,Razuhuillca_microcatchment,79.59237993166853,UCSB-CHG/CHIRPS/DAILY,ECMWF/ERA5_LAND/DAILY_AGGR,0.07*L1 + 0.21*L2 + 0.72*L3,-1*native_potential_evaporation_sum*1000,BLOCK_8.0D_R_v1
2023-10-22,1697932800000,0.0,0.3111695416400887,0.2680722863228564,0.2319157256786074,0.2450563705312034,282.77630752681074,9.626307526810812,-0.0045503003232051,-4.550300323205187,4.550300323205187,Razuhuillca_microcatchment,79.59237993166853,UCSB-CHG/CHIRPS/DAILY,ECMWF/ERA5_LAND/DAILY_AGGR,0.07*L1 + 0.21*L2 + 0.72*L3,-1*native_potential_evaporation_sum*1000,BLOCK_8.0D_R_v1
2023-10-23,1698019200000,0.0,0.2913766761735685,0.2679629978187282,0.2322738882663851,0.24390579642588,283.36292553131744,10.212925531317511,-0.0059728240863436,-5.972824086343622,5.972824086343622,Razuhuillca_microcatchment,79.59237993166853,UCSB-CHG/CHIRPS/DAILY,ECMWF/ERA5_LAND/DAILY_AGGR,0.07*L1 + 0.21*L2 + 0.72*L3,-1*native_potential_evaporation_sum*1000,BLOCK_8.0D_R_v1
2023-10-24,1698105600000,0.0,0.2726585520485233,0.2644729136501892,0.2324382510029052,0.2419809512320281,283.7031938115526,10.553193811552624,-0.0056916085970884,-5.69160859708841,5.69160859708841,Razuhuillca_microcatchment,79.59237993166853,UCSB-CHG/CHIRPS/DAILY,ECMWF/ERA5_LAND/DAILY_AGGR,0.07*L1 + 0.21*L2 + 0.72*L3,-1*native_potential_evaporation_sum*1000,BLOCK_8.0D_R_v1
2023-10-25,1698192000000,2.7725884481554943,0.27158952172781,0.2609543956543438,0.2325836688796909,0.2412719312017363,283.9932451376796,10.843245137679578,-0.0044375379392177,-4.437537939217738,4.437537939217738,Razuhuillca_microcatchment,79.59237993166853,UCSB-CHG/CHIRPS/DAILY,ECMWF/ERA5_LAND/DAILY_AGGR,0.07*L1 + 0.21*L2 + 0.72*L3,-1*native_potential_evaporation_sum*1000,BLOCK_8.0D_R_v1
2023-10-26,1698278400000,3.460519446148758,0.2964619101816519,0.2615275998565732,0.2328922661283342,0.2433555612949966,284.28636987498726,11.13636987498731,-0.004831591997877,-4.831591997877021,4.831591997877021,Razuhuillca_microcatchment,79.59237993166853,UCSB-CHG/CHIRPS/DAILY,ECMWF/ERA5_LAND/DAILY_AGGR,0.07*L1 + 0.21*L2 + 0.72*L3,-1*native_potential_evaporation_sum*1000,BLOCK_8.0D_R_v1
2023-10-27,1698364800000,0.0,0.3176932399213198,0.2650677859208946,0.2331902498454716,0.2457997417266198,284.46566235536784,11.315662355367884,-0.0052700623697628,-5.270062369762817,5.270062369762817,Razuhuillca_microcatchment,79.59237993166853,UCSB-CHG/CHIRPS/DAILY,ECMWF/ERA5_LAND/DAILY_AGGR,0.07*L1 + 0.21*L2 + 0.72*L3,-1*native_potential_evaporation_sum*1000,BLOCK_8.0D_R_v1
2023-10-28,1698451200000,0.0,0.3036239418220887,0.2662120627989429,0.2334789283473138,0.2452630375253901,284.25166555636184,11.101665556361915,-0.0037658034979952,-3.7658034979952553,3.7658034979952553,Razuhuillca_microcatchment,79.59237993166853,UCSB-CHG/CHIRPS/DAILY,ECMWF/ERA5_LAND/DAILY_AGGR,0.07*L1 + 0.21*L2 + 0.72*L3,-1*native_potential_evaporation_sum*1000,BLOCK_8.0D_R_v1
2023-10-29,1698537600000,0.0,0.2956781148451141,0.2666891755855612,0.2337949638881205,0.2450345689115726,284.2242647623051,11.074264762305145,-0.0053486337379224,-5.348633737922404,5.348633737922404,Razuhuillca_microcatchment,79.59237993166853,UCSB-CHG/CHIRPS/DAILY,ECMWF/ERA5_LAND/DAILY_AGGR,0.07*L1 + 0.21*L2 + 0.72*L3,-1*native_potential_evaporation_sum*1000,BLOCK_8.0D_R_v1
2023-10-30,1698624000000,0.0,0.2701670880032872,0.2628738645873318,0.2338471789350858,0.2424851765568316,284.295543972008,11.145543972008053,-0.0059991944042933,-5.999194404293346,5.999194404293346,Razuhuillca_microcatchment,79.59237993166853,UCSB-CHG/CHIRPS/DAILY,ECMWF/ERA5_LAND/DAILY_AGGR,0.07*L1 + 0.21*L2 + 0.72*L3,-1*native_potential_evaporation_sum*1000,BLOCK_8.0D_R_v1
2023-10-31,1698710400000,0.0,0.2582274824667987,0.2584775141897918,0.2338478220680545,0.2407266336415314,284.49669684702263,11.346696847022626,-0.0051336615330222,-5.133661533022203,5.133661533022203,Razuhuillca_microcatchment,79.59237993166853,UCSB-CHG/CHIRPS/DAILY,ECMWF/ERA5_LAND/DAILY_AGGR,0.07*L1 + 0.21*L2 + 0.72*L3,-1*native_potential_evaporation_sum*1000,BLOCK_8.0D_R_v1
2023-11-01,1698796800000,0.0,0.2598067046589933,0.255120808448865,0.2338799934166703,0.2401554343603939,284.10921220650783,10.959212206507948,-0.0057544825394029,-5.754482539402956,5.754482539402956,Razuhuillca_microcatchment,79.59237993166853,UCSB-CHG/CHIRPS/DAILY,ECMWF/ERA5_LAND/DAILY_AGGR,0.07*L1 + 0.21*L2 + 0.72*L3,-1*native_potential_evaporation_sum*1000,BLOCK_8.0D_R_v1
2023-11-02,1698883200000,0.0,0.2464785934183638,0.2509026205838301,0.2337511242699301,0.2382438613362394,283.92270711851023,10.772707118510306,-0.0055132421282674,-5.513242128267453,5.513242128267453,Razuhuillca_microcatchment,79.59237993166853,UCSB-CHG/CHIRPS/DAILY,ECMWF/ERA5_LAND/DAILY_AGGR,0.07*L1 + 0.21*L2 + 0.72*L3,-1*native_potential_evaporation_sum*1000,BLOCK_8.0D_R_v1
2023-11-03,1698969600000,0.0,0.2508852118931294,0.2476126646949606,0.2336785016951073,0.2378091456389381,284.2056230387017,11.055623038701732,-0.0051308292787888,-5.130829278788814,5.130829278788814,Razuhuillca_microcatchment,79.59237993166853,UCSB-CHG/CHIRPS/DAILY,ECMWF/ERA5_LAND/DAILY_AGGR,0.07*L1 + 0.21*L2 + 0.72*L3,-1*native_potential_evaporation_sum*1000,BLOCK_8.0D_R_v1
2023-11-04,1699056000000,0.0,0.3043311198093068,0.2505422419435945,0.233771425221467,0.2422324753542626,283.33494027271894,10.18494027271899,-0.0036105737951449,-3.6105737951449575,3.6105737951449575,Razuhuillca_microcatchment,79.59237993166853,UCSB-CHG/CHIRPS/DAILY,ECMWF/ERA5_LAND/DAILY_AGGR,0.07*L1 + 0.21*L2 + 0.72*L3,-1*native_potential_evaporation_sum*1000,BLOCK_8.0D_R_v1
2023-11-05,1699142400000,1.686556909410727,0.3431026664542783,0.2673054476464185,0.2342500631519824,0.2488113761269747,283.2273592645722,10.077359264572264,-0.0036965240805135,-3.6965240805135298,3.6965240805135298,Razuhuillca_microcatchment,79.59237993166853,UCSB-CHG/CHIRPS/DAILY,ECMWF/ERA5_LAND/DAILY_AGGR,0.07*L1 + 0.21*L2 + 0.72*L3,-1*native_potential_evaporation_sum*1000,BLOCK_8.0D_R_v1
2023-11-06,1699228800000,0.0,0.3499293097641197,0.2827435679059037,0.2350850114473258,0.2531324091858027,283.58959310821945,10.439593108219468,-0.0048679174973785,-4.867917497378553,4.867917497378553,Razuhuillca_microcatchment,79.59237993166853,UCSB-CHG/CHIRPS/DAILY,ECMWF/ERA5_LAND/DAILY_AGGR,0.07*L1 + 0.21*L2 + 0.72*L3,-1*native_potential_evaporation_sum*1000,BLOCK_8.0D_R_v1
2023-11-07,1699315200000,0.0,0.3356451097021672,0.2921116448551243,0.2362984232819838,0.2549734678617562,284.0080134000392,10.85801340003924,-0.0056377089437032,-5.63770894370327,5.63770894370327,Razuhuillca_microcatchment,79.59237993166853,UCSB-CHG/CHIRPS/DAILY,ECMWF/ERA5_LAND/DAILY_AGGR,0.07*L1 + 0.21*L2 + 0.72*L3,-1*native_potential_evaporation_sum*1000,BLOCK_8.0D_R_v1
2023-11-08,1699401600000,0.0,0.3159805474253748,0.2896292912477702,0.237228863960516,0.2537455715333795,284.1118069062573,10.961806906257298,-0.0053245896807295,-5.324589680729574,5.324589680729574,Razuhuillca_microcatchment,79.59237993166853,UCSB-CHG/CHIRPS/DAILY,ECMWF/ERA5_LAND/DAILY_AGGR,0.07*L1 + 0.21*L2 + 0.72*L3,-1*native_potential_evaporation_sum*1000,BLOCK_8.0D_R_v1
2023-11-09,1699488000000,12.022473910025187,0.3235661023384344,0.2887836375447826,0.2380196749589806,0.2546683570185608,282.8693380851966,9.71933808519663,-0.0034000114726193,-3.400011472619337,3.400011472619337,Razuhuillca_microcatchment,79.59237993166853,UCSB-CHG/CHIRPS/DAILY,ECMWF/ERA5_LAND/DAILY_AGGR,0.07*L1 + 0.21*L2 + 0.72*L3,-1*native_potential_evaporation_sum*1000,BLOCK_8.0D_R_v1
2023-11-10,1699574400000,0.0,0.3372888656939615,0.2947843180456143,0.2390059983799223,0.2575992462217004,283.1292160306133,9.979216030613342,-0.0043905959222358,-4.390595922235809,4.390595922235809,Razuhuillca_microcatchment,79.59237993166853,UCSB-CHG/CHIRPS/DAILY,ECMWF/ERA5_LAND/DAILY_AGGR,0.07*L1 + 0.21*L2 + 0.72*L3,-1*native_potential_evaporation_sum*1000,BLOCK_8.0D_R_v1
2023-11-11,1699660800000,0.0,0.3278866255214449,0.2956538154440348,0.2399677063458687,0.2578161135987739,283.9236631669061,10.773663166906124,-0.0048412144011844,-4.841214401184478,4.841214401184478,Razuhuillca_microcatchment,79.59237993166853,UCSB-CHG/CHIRPS/DAILY,ECMWF/ERA5_LAND/DAILY_AGGR,0.07*L1 + 0.21*L2 + 0.72*L3,-1*native_potential_evaporation_sum*1000,BLOCK_8.0D_R_v1
2023-11-12,1699747200000,0.0,0.3280462070237235,0.2953545270857324,0.2408048670186242,0.2583671894330739,284.431048957369,11.281048957369038,-0.005299423815887,-5.299423815887097,5.299423815887097,Razuhuillca_microcatchment,79.59237993166853,UCSB-CHG/CHIRPS/DAILY,ECMWF/ERA5_LAND/DAILY_AGGR,0.07*L1 + 0.21*L2 + 0.72*L3,-1*native_potential_evaporation_sum*1000,BLOCK_8.0D_R_v1
2023-11-13,1699833600000,2.833749702288991,0.3204556981492823,0.2936840718881243,0.2414891274218844,0.2579777257107126,284.32648981053933,11.176489810539367,-0.0047099752663876,-4.709975266387696,4.709975266387696,Razuhuillca_microcatchment,79.59237993166853,UCSB-CHG/CHIRPS/DAILY,ECMWF/ERA5_LAND/DAILY_AGGR,0.07*L1 + 0.21*L2 + 0.72*L3,-1*native_potential_evaporation_sum*1000,BLOCK_8.0D_R_v1
2023-11-14,1699920000000,0.0,0.3207458062438377,0.2917819932706094,0.2420960722171732,0.2580355970202613,284.54026061629514,11.39026061629517,-0.0050672146281755,-5.067214628175504,5.067214628175504,Razuhuillca_microcatchment,79.59237993166853,UCSB-CHG/CHIRPS/DAILY,ECMWF/ERA5_LAND/DAILY_AGGR,0.07*L1 + 0.21*L2 + 0.72*L3,-1*native_potential_evaporation_sum*1000,BLOCK_8.0D_R_v1
2023-11-15,1700006400000,0.0,0.3360479571686085,0.2934673838532728,0.2426301335094061,0.2598452037377623,284.5468091064336,11.396809106433556,-0.0059183015988741,-5.918301598874131,5.918301598874131,Razuhuillca_microcatchment,79.59237993166853,UCSB-CHG/CHIRPS/DAILY,ECMWF/ERA5_LAND/DAILY_AGGR,0.07*L1 + 0.21*L2 + 0.72*L3,-1*native_potential_evaporation_sum*1000,BLOCK_8.0D_R_v1
2023-11-16,1700092800000,0.6685544621376764,0.3506635507866597,0.2971413599503063,0.2431418909502856,0.2620082956288361,284.1924808480147,11.042480848014725,-0.005194249912838,-5.194249912838026,5.194249912838026,Razuhuillca_microcatchment,79.59237993166853,UCSB-CHG/CHIRPS/DAILY,ECMWF/ERA5_LAND/DAILY_AGGR,0.07*L1 + 0.21*L2 + 0.72*L3,-1*native_potential_evaporation_sum*1000,BLOCK_8.0D_R_v1
2023-11-17,1700179200000,0.2386752963066101,0.3449184403024427,0.2999366877855363,0.2438023554337047,0.2626686911684011,284.4239250727012,11.27392507270123,-0.0051066022732354,-5.10660227323543,5.10660227323543,Razuhuillca_microcatchment,79.59237993166853,UCSB-CHG/CHIRPS/DAILY,ECMWF/ERA5_LAND/DAILY_AGGR,0.07*L1 + 0.21*L2 + 0.72*L3,-1*native_potential_evaporation_sum*1000,BLOCK_8.0D_R_v1
2023-11-18,1700265600000,1.4157879237262976,0.346245719747966,0.3042476117496085,0.244519290666819,0.2641830881298851,285.31121283367645,12.161212833676506,-0.0056501704488875,-5.650170448887555,5.650170448887555,Razuhuillca_microcatchment,79.59237993166853,UCSB-CHG/CHIRPS/DAILY,ECMWF/ERA5_LAND/DAILY_AGGR,0.07*L1 + 0.21*L2 + 0.72*L3,-1*native_potential_evaporation_sum*1000,BLOCK_8.0D_R_v1
2023-11-19,1700352000000,6.88334020120757,0.3471337651012031,0.3040481376280444,0.245165782627113,0.2646688359504949,284.71907706067736,11.569077060677422,-0.0039869420704124,-3.9869420704124976,3.9869420704124976,Razuhuillca_microcatchment,79.59237993166853,UCSB-CHG/CHIRPS/DAILY,ECMWF/ERA5_LAND/DAILY_AGGR,0.07*L1 + 0.21*L2 + 0.72*L3,-1*native_potential_evaporation_sum*1000,BLOCK_8.0D_R_v1
2023-11-20,1700438400000,1.5945708168049657,0.3524783727980303,0.3082100495207975,0.2459347307796882,0.2664706026566051,284.2900903551105,11.140090355110576,-0.0050414895821857,-5.0414895821858,5.0414895821858,Razuhuillca_microcatchment,79.59237993166853,UCSB-CHG/CHIRPS/DAILY,ECMWF/ERA5_LAND/DAILY_AGGR,0.07*L1 + 0.21*L2 + 0.72*L3,-1*native_potential_evaporation_sum*1000,BLOCK_8.0D_R_v1
2023-11-21,1700524800000,0.4545378972377096,0.347648120799276,0.3105025907012997,0.2466832897796336,0.2671528811445585,284.1354322047592,10.985432204759212,-0.0049623118315128,-4.962311831512892,4.962311831512892,Razuhuillca_microcatchment,79.59237993166853,UCSB-CHG/CHIRPS/DAILY,ECMWF/ERA5_LAND/DAILY_AGGR,0.07*L1 + 0.21*L2 + 0.72*L3,-1*native_potential_evaporation_sum*1000,BLOCK_8.0D_R_v1
2023-11-22,1700611200000,0.0,0.3211604065059008,0.3075087846818457,0.2472910724853045,0.2651076454280199,283.89842824991035,10.748428249910422,-0.0067129516704923,-6.712951670492315,6.712951670492315,Razuhuillca_microcatchment,79.59237993166853,UCSB-CHG/CHIRPS/DAILY,ECMWF/ERA5_LAND/DAILY_AGGR,0.07*L1 + 0.21*L2 + 0.72*L3,-1*native_potential_evaporation_sum*1000,BLOCK_8.0D_R_v1
2023-11-23,1700697600000,0.059214419552258,0.301433846210928,0.3002949679747712,0.2475565908501832,0.2624030579215988,283.59089938477973,10.440899384779776,-0.0045992800093799,-4.5992800093799655,4.5992800093799655,Razuhuillca_microcatchment,79.59237993166853,UCSB-CHG/CHIRPS/DAILY,ECMWF/ERA5_LAND/DAILY_AGGR,0.07*L1 + 0.21*L2 + 0.72*L3,-1*native_potential_evaporation_sum*1000,BLOCK_8.0D_R_v1
2023-11-24,1700784000000,0.0,0.323334262090841,0.2985877917221745,0.2479949172062221,0.2638931749964954,283.5850844925309,10.435084492530937,-0.0047703866410806,-4.770386641080668,4.770386641080668,Razuhuillca_microcatchment,79.59237993166853,UCSB-CHG/CHIRPS/DAILY,ECMWF/ERA5_LAND/DAILY_AGGR,0.07*L1 + 0.21*L2 + 0.72*L3,-1*native_potential_evaporation_sum*1000,BLOCK_8.0D_R_v1
2023-11-25,1700870400000,6.182352075264568,0.3275379482261937,0.298653821265307,0.2484693692598728,0.2645429047086564,282.94555872805086,9.7955587280509,-0.0038652723235201,-3.865272323520197,3.865272323520197,Razuhuillca_microcatchment,79.59237993166853,UCSB-CHG/CHIRPS/DAILY,ECMWF/ERA5_LAND/DAILY_AGGR,0.07*L1 + 0.21*L2 + 0.72*L3,-1*native_potential_evaporation_sum*1000,BLOCK_8.0D_R_v1
2023-11-26,1700956800000,0.0,0.3524020604774902,0.3036931723298823,0.2490743368806636,0.2677772329767774,282.7337953534429,9.583795353442968,-0.004642040829438,-4.642040829438005,4.642040829438005,Razuhuillca_microcatchment,79.59237993166853,UCSB-CHG/CHIRPS/DAILY,ECMWF/ERA5_LAND/DAILY_AGGR,0.07*L1 + 0.21*L2 + 0.72*L3,-1*native_potential_evaporation_sum*1000,BLOCK_8.0D_R_v1
2023-11-27,1701043200000,0.2611381172069482,0.3738194283722453,0.3145840631973766,0.2498814944816692,0.2721446892843081,282.708869687854,9.558869687853994,-0.0037175194290332,-3.717519429033202,3.717519429033202,Razuhuillca_microcatchment,79.59237993166853,UCSB-CHG/CHIRPS/DAILY,ECMWF/ERA5_LAND/DAILY_AGGR,0.07*L1 + 0.21*L2 + 0.72*L3,-1*native_potential_evaporation_sum*1000,BLOCK_8.0D_R_v1
2023-11-28,1701129600000,4.324948610117038,0.3874310142502389,0.3317309583542663,0.2512044961741894,0.277650909497329,283.1831646921088,10.033164692108809,-0.0043277342539991,-4.327734253999125,4.327734253999125,Razuhuillca_microcatchment,79.59237993166853,UCSB-CHG/CHIRPS/DAILY,ECMWF/ERA5_LAND/DAILY_AGGR,0.07*L1 + 0.21*L2 + 0.72*L3,-1*native_potential_evaporation_sum*1000,BLOCK_8.0D_R_v1
2023-11-29,1701216000000,0.985598637411992,0.3837545133969227,0.3458936724359589,0.2533579662815454,0.2819182228720487,283.33593857678835,10.18593857678836,-0.0039672205989071,-3.96722059890714,3.96722059890714,Razuhuillca_microcatchment,79.59237993166853,UCSB-CHG/CHIRPS/DAILY,ECMWF/ERA5_LAND/DAILY_AGGR,0.07*L1 + 0.21*L2 + 0.72*L3,-1*native_potential_evaporation_sum*1000,BLOCK_8.0D_R_v1
2023-11-30,1701302400000,0.0,0.3754357721993918,0.3496649747639033,0.2557810083290056,0.2838724747512611,283.2896488388149,10.139648838815004,-0.0047646076606877,-4.764607660687727,4.764607660687727,Razuhuillca_microcatchment,79.59237993166853,UCSB-CHG/CHIRPS/DAILY,ECMWF/ERA5_LAND/DAILY_AGGR,0.07*L1 + 0.21*L2 + 0.72*L3,-1*native_potential_evaporation_sum*1000,BLOCK_8.0D_R_v1
2023-12-01,1701388800000,6.49351098778702,0.3714894274526019,0.3478937461426721,0.2578963608640696,0.2847473264337734,283.00685006437504,9.856850064375056,-0.0043832502096374,-4.38325020963746,4.38325020963746,Razuhuillca_microcatchment,79.59237993166853,UCSB-CHG/CHIRPS/DAILY,ECMWF/ERA5_LAND/DAILY_AGGR,0.07*L1 + 0.21*L2 + 0.72*L3,-1*native_potential_evaporation_sum*1000,BLOCK_8.0D_R_v1
2023-12-02,1701475200000,0.0,0.3957799716721609,0.3596363030876497,0.2601340078894113,0.2905247073458339,283.96784956974324,10.817849569743318,-0.0050336221566779,-5.033622156677907,5.033622156677907,Razuhuillca_microcatchment,79.59237993166853,UCSB-CHG/CHIRPS/DAILY,ECMWF/ERA5_LAND/DAILY_AGGR,0.07*L1 + 0.21*L2 + 0.72*L3,-1*native_potential_evaporation_sum*1000,BLOCK_8.0D_R_v1
2023-12-03,1701561600000,2.675266827146212,0.3748092247112178,0.3614339589613251,0.2630007345093008,0.2914983059583601,283.7040035196352,10.554003519635245,-0.0041917079273675,-4.19170792736759,4.19170792736759,Razuhuillca_microcatchment,79.59237993166853,UCSB-CHG/CHIRPS/DAILY,ECMWF/ERA5_LAND/DAILY_AGGR,0.07*L1 + 0.21*L2 + 0.72*L3,-1*native_potential_evaporation_sum*1000,BLOCK_8.0D_R_v1
2023-12-04,1701648000000,0.0,0.3806778167254203,0.3597962484194363,0.2653846042464004,0.2932815743962693,284.1735375244493,11.023537524449363,-0.0047201373845855,-4.720137384585563,4.720137384585563,Razuhuillca_microcatchment,79.59237993166853,UCSB-CHG/CHIRPS/DAILY,ECMWF/ERA5_LAND/DAILY_AGGR,0.07*L1 + 0.21*L2 + 0.72*L3,-1*native_potential_evaporation_sum*1000,BLOCK_8.0D_R_v1
2023-12-05,1701734400000,0.4566279663926079,0.363061489627081,0.3545778895618827,0.2673603565017612,0.292375117763159,283.91522723218145,10.765227232181507,-0.0046947426189576,-4.694742618957696,4.694742618957696,Razuhuillca_microcatchment,79.59237993166853,UCSB-CHG/CHIRPS/DAILY,ECMWF/ERA5_LAND/DAILY_AGGR,0.07*L1 + 0.21*L2 + 0.72*L3,-1*native_potential_evaporation_sum*1000,BLOCK_8.0D_R_v1
2023-12-06,1701820800000,0.0,0.3671423851410089,0.3508719883442843,0.2689859026429281,0.2930529344150785,283.6738350745111,10.523835074511116,-0.0045890054434021,-4.589005443402109,4.589005443402109,Razuhuillca_microcatchment,79.59237993166853,UCSB-CHG/CHIRPS/DAILY,ECMWF/ERA5_LAND/DAILY_AGGR,0.07*L1 + 0.21*L2 + 0.72*L3,-1*native_potential_evaporation_sum*1000,BLOCK_8.0D_R_v1
2023-12-07,1701907200000,0.6123579403474217,0.3669303827892148,0.3497622017685847,0.2704658251047593,0.2938705832420746,283.49510334727853,10.345103347278538,-0.004257101457932,-4.257101457932092,4.257101457932092,Razuhuillca_microcatchment,79.59237993166853,UCSB-CHG/CHIRPS/DAILY,ECMWF/ERA5_LAND/DAILY_AGGR,0.07*L1 + 0.21*L2 + 0.72*L3,-1*native_potential_evaporation_sum*1000,BLOCK_8.0D_R_v1
2023-12-08,1701993600000,0.774011829601867,0.356977348842143,0.3467624090999537,0.2717970588992786,0.2935024027374208,283.68600460559645,10.536004605596474,-0.005245996046962,-5.245996046962077,5.245996046962077,Razuhuillca_microcatchment,79.59237993166853,UCSB-CHG/CHIRPS/DAILY,ECMWF/ERA5_LAND/DAILY_AGGR,0.07*L1 + 0.21*L2 + 0.72*L3,-1*native_potential_evaporation_sum*1000,BLOCK_8.0D_R_v1
2023-12-09,1702080000000,6.723193075685274,0.3659021895744896,0.3453655830927207,0.2730262954800115,0.2947188584652939,283.2630850988545,10.113085098854617,-0.0032484602893708,-3.2484602893708066,3.2484602893708066,Razuhuillca_microcatchment,79.59237993166853,UCSB-CHG/CHIRPS/DAILY,ECMWF/ERA5_LAND/DAILY_AGGR,0.07*L1 + 0.21*L2 + 0.72*L3,-1*native_potential_evaporation_sum*1000,BLOCK_8.0D_R_v1
2023-12-10,1702166400000,0.0,0.3684334580379184,0.348857853913353,0.2744777951396729,0.2966745038850229,283.4795163031487,10.329516303148814,-0.0042597637269538,-4.259763726953826,4.259763726953826,Razuhuillca_microcatchment,79.59237993166853,UCSB-CHG/CHIRPS/DAILY,ECMWF/ERA5_LAND/DAILY_AGGR,0.07*L1 + 0.21*L2 + 0.72*L3,-1*native_potential_evaporation_sum*1000,BLOCK_8.0D_R_v1
2023-12-11,1702252800000,0.0,0.3671997562768601,0.3498821956803573,0.2759471003949527,0.2978611563166212,283.81084405020715,10.66084405020714,-0.004767052527797,-4.767052527797015,4.767052527797015,Razuhuillca_microcatchment,79.59237993166853,UCSB-CHG/CHIRPS/DAILY,ECMWF/ERA5_LAND/DAILY_AGGR,0.07*L1 + 0.21*L2 + 0.72*L3,-1*native_potential_evaporation_sum*1000,BLOCK_8.0D_R_v1
2023-12-12,1702339200000,4.1174257695674905,0.3704956253139959,0.3493295092573515,0.2773465099591969,0.2989833778866454,284.5191030336942,11.36910303369424,-0.0046885676380526,-4.688567638052682,4.688567638052682,Razuhuillca_microcatchment,79.59237993166853,UCSB-CHG/CHIRPS/DAILY,ECMWF/ERA5_LAND/DAILY_AGGR,0.07*L1 + 0.21*L2 + 0.72*L3,-1*native_potential_evaporation_sum*1000,BLOCK_8.0D_R_v1
2023-12-13,1702425600000,6.023046357291086,0.3808149730998427,0.3516270007241897,0.2788135366862449,0.3012444646831651,284.2063089933009,11.05630899330096,-0.0041234337783962,-4.123433778396231,4.123433778396231,Razuhuillca_microcatchment,79.59237993166853,UCSB-CHG/CHIRPS/DAILY,ECMWF/ERA5_LAND/DAILY_AGGR,0.07*L1 + 0.21*L2 + 0.72*L3,-1*native_potential_evaporation_sum*1000,BLOCK_8.0D_R_v1
2023-12-14,1702512000000,10.480654658306214,0.4001212478373092,0.3645753658346128,0.2809300725859713,0.3068389664357797,284.0102553725931,10.860255372593205,-0.0036255827528892,-3.625582752889292,3.625582752889292,Razuhuillca_microcatchment,79.59237993166853,UCSB-CHG/CHIRPS/DAILY,ECMWF/ERA5_LAND/DAILY_AGGR,0.07*L1 + 0.21*L2 + 0.72*L3,-1*native_potential_evaporation_sum*1000,BLOCK_8.0D_R_v1
2023-12-15,1702598400000,4.295483774372509,0.40230949122552,0.3790076371562274,0.2850007918988119,0.3129538383557387,284.23786449248627,11.087864492486233,-0.0042384681587963,-4.238468158796344,4.238468158796344,Razuhuillca_microcatchment,79.59237993166853,UCSB-CHG/CHIRPS/DAILY,ECMWF/ERA5_LAND/DAILY_AGGR,0.07*L1 + 0.21*L2 + 0.72*L3,-1*native_potential_evaporation_sum*1000,BLOCK_8.0D_R_v1
2023-12-16,1702684800000,0.4457626715302467,0.3945614551992544,0.3803705130928054,0.2892897280654466,0.3157857138205585,284.277874161972,11.127874161972018,-0.0040296798927246,-4.029679892724649,4.029679892724649,Razuhuillca_microcatchment,79.59237993166853,UCSB-CHG/CHIRPS/DAILY,ECMWF/ERA5_LAND/DAILY_AGGR,0.07*L1 + 0.21*L2 + 0.72*L3,-1*native_potential_evaporation_sum*1000,BLOCK_8.0D_R_v1
2023-12-17,1702771200000,2.0535747925085683,0.4138134568642558,0.3920188014447574,0.2940840785443668,0.323031426835841,283.485217103609,10.335217103609038,-0.0024957266243206,-2.4957266243206973,2.4957266243206973,Razuhuillca_microcatchment,79.59237993166853,UCSB-CHG/CHIRPS/DAILY,ECMWF/ERA5_LAND/DAILY_AGGR,0.07*L1 + 0.21*L2 + 0.72*L3,-1*native_potential_evaporation_sum*1000,BLOCK_8.0D_R_v1
2023-12-18,1702857600000,0.0990893301509675,0.4056007921810554,0.399710238094734,0.3027268007311517,0.3302945019789973,283.71998103735297,10.569981037353068,-0.0040784189639063,-4.078418963906393,4.078418963906393,Razuhuillca_microcatchment,79.59237993166853,UCSB-CHG/CHIRPS/DAILY,ECMWF/ERA5_LAND/DAILY_AGGR,0.07*L1 + 0.21*L2 + 0.72*L3,-1*native_potential_evaporation_sum*1000,BLOCK_8.0D_R_v1
2023-12-19,1702944000000,4.594275389044058,0.3984325680888916,0.3939408208593467,0.3082072417860085,0.3325270662326114,284.42308617740696,11.27308617740701,-0.0045171276682374,-4.51712766823741,4.51712766823741,Razuhuillca_microcatchment,79.59237993166853,UCSB-CHG/CHIRPS/DAILY,ECMWF/ERA5_LAND/DAILY_AGGR,0.07*L1 + 0.21*L2 + 0.72*L3,-1*native_potential_evaporation_sum*1000,BLOCK_8.0D_R_v1
2023-12-20,1703030400000,10.76000097819737,0.394375394993894,0.3859344695574515,0.3116223256252635,0.333020590706827,284.33640371995165,11.186403719951656,-0.0041074097759461,-4.107409775946182,4.107409775946182,Razuhuillca_microcatchment,79.59237993166853,UCSB-CHG/CHIRPS/DAILY,ECMWF/ERA5_LAND/DAILY_AGGR,0.07*L1 + 0.21*L2 + 0.72*L3,-1*native_potential_evaporation_sum*1000,BLOCK_8.0D_R_v1
2023-12-21,1703116800000,1.5773971655539103,0.3904052837276274,0.3819364169199802,0.3141453656617387,0.3337196806905816,284.6437690382059,11.49376903820593,-0.0040533099043576,-4.053309904357602,4.053309904357602,Razuhuillca_microcatchment,79.59237993166853,UCSB-CHG/CHIRPS/DAILY,ECMWF/ERA5_LAND/DAILY_AGGR,0.07*L1 + 0.21*L2 + 0.72*L3,-1*native_potential_evaporation_sum*1000,BLOCK_8.0D_R_v1
2023-12-22,1703203200000,0.0,0.3787331112547417,0.3778152098315758,0.3161108718901471,0.3334523396133687,284.6120821157172,11.462082115717278,-0.0050396410629928,-5.039641062992845,5.039641062992845,Razuhuillca_microcatchment,79.59237993166853,UCSB-CHG/CHIRPS/DAILY,ECMWF/ERA5_LAND/DAILY_AGGR,0.07*L1 + 0.21*L2 + 0.72*L3,-1*native_potential_evaporation_sum*1000,BLOCK_8.0D_R_v1
2023-12-23,1703289600000,0.0,0.3555032550025307,0.3679465769802674,0.3171636401343667,0.3305118299127773,284.8398331070681,11.689833107068152,-0.006015756528157,-6.015756528157031,6.015756528157031,Razuhuillca_microcatchment,79.59237993166853,UCSB-CHG/CHIRPS/DAILY,ECMWF/ERA5_LAND/DAILY_AGGR,0.07*L1 + 0.21*L2 + 0.72*L3,-1*native_potential_evaporation_sum*1000,BLOCK_8.0D_R_v1
2023-12-24,1703376000000,2.226609068612257,0.3412637030687864,0.3572613747363375,0.3173983836679329,0.3274401841503576,284.49131362929734,11.3413136292974,-0.0049370255084396,-4.93702550843961,4.93702550843961,Razuhuillca_microcatchment,79.59237993166853,UCSB-CHG/CHIRPS/DAILY,ECMWF/ERA5_LAND/DAILY_AGGR,0.07*L1 + 0.21*L2 + 0.72*L3,-1*native_potential_evaporation_sum*1000,BLOCK_8.0D_R_v1
2023-12-25,1703462400000,3.1115272474430853,0.3378674281125812,0.3503740711248909,0.3174355236781125,0.3257828519523488,284.5949134238653,11.444913423865325,-0.005078596617445,-5.078596617445091,5.078596617445091,Razuhuillca_microcatchment,79.59237993166853,UCSB-CHG/CHIRPS/DAILY,ECMWF/ERA5_LAND/DAILY_AGGR,0.07*L1 + 0.21*L2 + 0.72*L3,-1*native_potential_evaporation_sum*1000,BLOCK_8.0D_R_v1
2023-12-26,1703548800000,5.799672933561462,0.3226492446282006,0.3425675393988401,0.3171616335595044,0.3228810065605736,284.1332301542249,10.98323015422491,-0.0051615091762101,-5.161509176210172,5.161509176210172,Razuhuillca_microcatchment,79.59237993166853,UCSB-CHG/CHIRPS/DAILY,ECMWF/ERA5_LAND/DAILY_AGGR,0.07*L1 + 0.21*L2 + 0.72*L3,-1*native_potential_evaporation_sum*1000,BLOCK_8.0D_R_v1
2023-12-27,1703635200000,0.5622524704251971,0.3129239826533146,0.3351020077979174,0.3167656878285784,0.3203473956598711,283.174431571152,10.024431571151958,-0.0036691697691217,-3.669169769121732,3.669169769121732,Razuhuillca_microcatchment,79.59237993166853,UCSB-CHG/CHIRPS/DAILY,ECMWF/ERA5_LAND/DAILY_AGGR,0.07*L1 + 0.21*L2 + 0.72*L3,-1*native_potential_evaporation_sum*1000,BLOCK_8.0D_R_v1
2023-12-28,1703721600000,0.4691629849729083,0.3106921421999187,0.3294329781063718,0.3163891316378966,0.318729550135618,283.3338030372281,10.183803037228188,-0.0049499860302561,-4.949986030256128,4.949986030256128,Razuhuillca_microcatchment,79.59237993166853,UCSB-CHG/CHIRPS/DAILY,ECMWF/ERA5_LAND/DAILY_AGGR,0.07*L1 + 0.21*L2 + 0.72*L3,-1*native_potential_evaporation_sum*1000,BLOCK_8.0D_R_v1
2023-12-29,1703808000000,0.2172204213482993,0.3329850823433642,0.3261617318743225,0.3159575416403239,0.3192923494386764,284.14604958036267,10.996049580362728,-0.0044540389941606,-4.4540389941606895,4.4540389941606895,Razuhuillca_microcatchment,79.59237993166853,UCSB-CHG/CHIRPS/DAILY,ECMWF/ERA5_LAND/DAILY_AGGR,0.07*L1 + 0.21*L2 + 0.72*L3,-1*native_potential_evaporation_sum*1000,BLOCK_8.0D_R_v1
2023-12-30,1703894400000,4.527063376137189,0.3568017919169226,0.330331589215523,0.3156199740077259,0.321592140455007,284.1494498831688,10.999449883168852,-0.004825139106009,-4.825139106009048,4.825139106009048,Razuhuillca_microcatchment,79.59237993166853,UCSB-CHG/CHIRPS/DAILY,ECMWF/ERA5_LAND/DAILY_AGGR,0.07*L1 + 0.21*L2 + 0.72*L3,-1*native_potential_evaporation_sum*1000,BLOCK_8.0D_R_v1
2023-12-31,1703980800000,12.7300923956292,0.4011180451380265,0.3553464371344947,0.3159232314152065,0.3301657415768544,283.4467684170644,10.29676841706443,-0.0032635183864935,-3.263518386493528,3.263518386493528,Razuhuillca_microcatchment,79.59237993166853,UCSB-CHG/CHIRPS/DAILY,ECMWF/ERA5_LAND/DAILY_AGGR,0.07*L1 + 0.21*L2 + 0.72*L3,-1*native_potential_evaporation_sum*1000,BLOCK_8.0D_R_v1
2024-01-01,1704067200000,0.0,0.4045388546982252,0.3771859354596147,0.3179659503503112,0.3364622505276189,283.8888987245357,10.738898724535767,-0.0048005674357359,-4.800567435735911,4.800567435735911,Razuhuillca_microcatchment,79.59237993166853,UCSB-CHG/CHIRPS/DAILY,ECMWF/ERA5_LAND/DAILY_AGGR,0.07*L1 + 0.21*L2 + 0.72*L3,-1*native_potential_evaporation_sum*1000,BLOCK_8.0D_R_v1
2024-01-02,1704153600000,31.28048701939129,0.3872836963749115,0.3805110541841657,0.3209753201876072,0.3381194106599958,283.53171519828896,10.381715198289005,-0.0034218520098338,-3.4218520098338923,3.4218520098338923,Razuhuillca_microcatchment,79.59237993166853,UCSB-CHG/CHIRPS/DAILY,ECMWF/ERA5_LAND/DAILY_AGGR,0.07*L1 + 0.21*L2 + 0.72*L3,-1*native_potential_evaporation_sum*1000,BLOCK_8.0D_R_v1
2024-01-03,1704240000000,0.3877512862284978,0.4147011567632127,0.3936266485666264,0.3237997102829302,0.3448264685761262,283.6720351511343,10.522035151134345,-0.0042057816865127,-4.20578168651272,4.20578168651272,Razuhuillca_microcatchment,79.59237993166853,UCSB-CHG/CHIRPS/DAILY,ECMWF/ERA5_LAND/DAILY_AGGR,0.07*L1 + 0.21*L2 + 0.72*L3,-1*native_potential_evaporation_sum*1000,BLOCK_8.0D_R_v1
2024-01-04,1704326400000,12.907170992522012,0.4137070459207818,0.4003970122291402,0.3282699842214124,0.3493972544219911,283.30011935592387,10.150119355923875,-0.0034676921591593,-3.4676921591593355,3.4676921591593355,Razuhuillca_microcatchment,79.59237993166853,UCSB-CHG/CHIRPS/DAILY,ECMWF/ERA5_LAND/DAILY_AGGR,0.07*L1 + 0.21*L2 + 0.72*L3,-1*native_potential_evaporation_sum*1000,BLOCK_8.0D_R_v1
2024-01-05,1704412800000,16.19088168797039,0.4203154135761003,0.4210902307763953,0.3393382732119404,0.3621745841259671,283.62093596191994,10.47093596191998,-0.0043065109952336,-4.30651099523368,4.30651099523368,Razuhuillca_microcatchment,79.59237993166853,UCSB-CHG/CHIRPS/DAILY,ECMWF/ERA5_LAND/DAILY_AGGR,0.07*L1 + 0.21*L2 + 0.72*L3,-1*native_potential_evaporation_sum*1000,BLOCK_8.0D_R_v1
2024-01-06,1704499200000,3.9290651402303154,0.4133157050219115,0.4086032161822898,0.3472187578792976,0.3647362804229088,283.4548840862708,10.304884086270803,-0.0034231265759192,-3.423126575919245,3.423126575919245,Razuhuillca_microcatchment,79.59237993166853,UCSB-CHG/CHIRPS/DAILY,ECMWF/ERA5_LAND/DAILY_AGGR,0.07*L1 + 0.21*L2 + 0.72*L3,-1*native_potential_evaporation_sum*1000,BLOCK_8.0D_R_v1
2024-01-07,1704585600000,0.0,0.4053292504165443,0.40745477547765,0.3521921639267878,0.3675169084067519,283.70206865593644,10.552068655936484,-0.004542226779323,-4.542226779323093,4.542226779323093,Razuhuillca_microcatchment,79.59237993166853,UCSB-CHG/CHIRPS/DAILY,ECMWF/ERA5_LAND/DAILY_AGGR,0.07*L1 + 0.21*L2 + 0.72*L3,-1*native_potential_evaporation_sum*1000,BLOCK_8.0D_R_v1
2024-01-08,1704672000000,0.0,0.3910395855618809,0.3972475974316312,0.3547478934932995,0.3662132497651499,284.3428005189105,11.19280051891059,-0.0057808608678034,-5.780860867803496,5.780860867803496,Razuhuillca_microcatchment,79.59237993166853,UCSB-CHG/CHIRPS/DAILY,ECMWF/ERA5_LAND/DAILY_AGGR,0.07*L1 + 0.21*L2 + 0.72*L3,-1*native_potential_evaporation_sum*1000,BLOCK_8.0D_R_v1
2024-01-09,1704758400000,1.6661301155885062,0.3700335691889357,0.3846335695887806,0.3554007359322784,0.36256392932811,284.53771013469367,11.387710134693672,-0.0054502005694229,-5.450200569422948,5.450200569422948,Razuhuillca_microcatchment,79.59237993166853,UCSB-CHG/CHIRPS/DAILY,ECMWF/ERA5_LAND/DAILY_AGGR,0.07*L1 + 0.21*L2 + 0.72*L3,-1*native_potential_evaporation_sum*1000,BLOCK_8.0D_R_v1
2024-01-10,1704844800000,0.0,0.3551749227593628,0.3729188805140971,0.3551270993918122,0.3588667210632206,284.6483447234754,11.498344723475473,-0.0058451397398303,-5.845139739830369,5.845139739830369,Razuhuillca_microcatchment,79.59237993166853,UCSB-CHG/CHIRPS/DAILY,ECMWF/ERA5_LAND/DAILY_AGGR,0.07*L1 + 0.21*L2 + 0.72*L3,-1*native_potential_evaporation_sum*1000,BLOCK_8.0D_R_v1
2024-01-11,1704931200000,4.523931695237047,0.3690480836783759,0.3656919769698714,0.3544394579466597,0.3578250907427542,284.41660192706445,11.266601927064524,-0.0051109093548245,-5.110909354824551,5.110909354824551,Razuhuillca_microcatchment,79.59237993166853,UCSB-CHG/CHIRPS/DAILY,ECMWF/ERA5_LAND/DAILY_AGGR,0.07*L1 + 0.21*L2 + 0.72*L3,-1*native_potential_evaporation_sum*1000,BLOCK_8.0D_R_v1
2024-01-12,1705017600000,0.0,0.4007639839010661,0.379610131471373,0.354249770471356,0.3628314412214393,283.8727493469885,10.722749346988516,-0.004597523136635,-4.597523136635047,4.597523136635047,Razuhuillca_microcatchment,79.59237993166853,UCSB-CHG/CHIRPS/DAILY,ECMWF/ERA5_LAND/DAILY_AGGR,0.07*L1 + 0.21*L2 + 0.72*L3,-1*native_potential_evaporation_sum*1000,BLOCK_8.0D_R_v1
2024-01-13,1705104000000,2.603188072464296,0.3860453052557502,0.3849479035835045,0.3550890626705221,0.3635263562432144,284.1157059347928,10.965705934792853,-0.0053211046178216,-5.321104617821688,5.321104617821688,Razuhuillca_microcatchment,79.59237993166853,UCSB-CHG/CHIRPS/DAILY,ECMWF/ERA5_LAND/DAILY_AGGR,0.07*L1 + 0.21*L2 + 0.72*L3,-1*native_potential_evaporation_sum*1000,BLOCK_8.0D_R_v1
2024-01-14,1705190400000,3.383780332903068,0.4060569425079403,0.386244117869118,0.3556579633944295,0.3656089843720599,283.6881329457424,10.538132945742486,-0.0032684084652476,-3.268408465247622,3.268408465247622,Razuhuillca_microcatchment,79.59237993166853,UCSB-CHG/CHIRPS/DAILY,ECMWF/ERA5_LAND/DAILY_AGGR,0.07*L1 + 0.21*L2 + 0.72*L3,-1*native_potential_evaporation_sum*1000,BLOCK_8.0D_R_v1
2024-01-15,1705276800000,0.0,0.3907879294687613,0.3909424835087476,0.3570318056668849,0.3665159766798074,283.4244996293202,10.274499629320214,-0.0048014433742258,-4.801443374225859,4.801443374225859,Razuhuillca_microcatchment,79.59237993166853,UCSB-CHG/CHIRPS/DAILY,ECMWF/ERA5_LAND/DAILY_AGGR,0.07*L1 + 0.21*L2 + 0.72*L3,-1*native_potential_evaporation_sum*1000,BLOCK_8.0D_R_v1
2024-01-16,1705363200000,0.0904121601155826,0.3741664996725974,0.3832574781884577,0.3577040045706982,0.3642226086875607,284.08856654304986,10.938566543049914,-0.0047142943205861,-4.7142943205861,4.7142943205861,Razuhuillca_microcatchment,79.59237993166853,UCSB-CHG/CHIRPS/DAILY,ECMWF/ERA5_LAND/DAILY_AGGR,0.07*L1 + 0.21*L2 + 0.72*L3,-1*native_potential_evaporation_sum*1000,BLOCK_8.0D_R_v1
2024-01-17,1705449600000,0.4213244478617396,0.3607031173559052,0.3745236883733084,0.35765372627273,0.3614098756896737,284.5438917340111,11.393891734011154,-0.0051255594788259,-5.125559478825917,5.125559478825917,Razuhuillca_microcatchment,79.59237993166853,UCSB-CHG/CHIRPS/DAILY,ECMWF/ERA5_LAND/DAILY_AGGR,0.07*L1 + 0.21*L2 + 0.72*L3,-1*native_potential_evaporation_sum*1000,BLOCK_8.0D_R_v1
2024-01-18,1705536000000,14.053455254861287,0.3974634953316925,0.379335734196481,0.3576308197139085,0.3649771390484936,283.1287694317297,9.978769431729802,-0.0029458117192191,-2.9458117192191198,2.9458117192191198,Razuhuillca_microcatchment,79.59237993166853,UCSB-CHG/CHIRPS/DAILY,ECMWF/ERA5_LAND/DAILY_AGGR,0.07*L1 + 0.21*L2 + 0.72*L3,-1*native_potential_evaporation_sum*1000,BLOCK_8.0D_R_v1
2024-01-19,1705622400000,0.0,0.3928934108315176,0.3905046569589016,0.3595894756574392,0.3684129391929318,283.8746072699339,10.724607269933951,-0.0045622380913337,-4.562238091333753,4.562238091333753,Razuhuillca_microcatchment,79.59237993166853,UCSB-CHG/CHIRPS/DAILY,ECMWF/ERA5_LAND/DAILY_AGGR,0.07*L1 + 0.21*L2 + 0.72*L3,-1*native_potential_evaporation_sum*1000,BLOCK_8.0D_R_v1
2024-01-20,1705708800000,0.4213244478617396,0.3735169022988262,0.3827957675176778,0.3604021752271119,0.3660228605031507,284.2084304611118,11.058430461111822,-0.0051600175958148,-5.160017595814831,5.160017595814831,Razuhuillca_microcatchment,79.59237993166853,UCSB-CHG/CHIRPS/DAILY,ECMWF/ERA5_LAND/DAILY_AGGR,0.07*L1 + 0.21*L2 + 0.72*L3,-1*native_potential_evaporation_sum*1000,BLOCK_8.0D_R_v1
2024-01-21,1705795200000,0.0,0.3587577871274856,0.3734625079498585,0.3602006100046381,0.3628846109717337,284.2767608253023,11.12676082530235,-0.0051137339431426,-5.113733943142642,5.113733943142642,Razuhuillca_microcatchment,79.59237993166853,UCSB-CHG/CHIRPS/DAILY,ECMWF/ERA5_LAND/DAILY_AGGR,0.07*L1 + 0.21*L2 + 0.72*L3,-1*native_potential_evaporation_sum*1000,BLOCK_8.0D_R_v1
2024-01-22,1705881600000,7.25549667435033,0.3573721883843629,0.3662644461629937,0.3597250039866894,0.3609335897515504,284.05598278817416,10.905982788174176,-0.0042496652186261,-4.249665218626143,4.249665218626143,Razuhuillca_microcatchment,79.59237993166853,UCSB-CHG/CHIRPS/DAILY,ECMWF/ERA5_LAND/DAILY_AGGR,0.07*L1 + 0.21*L2 + 0.72*L3,-1*native_potential_evaporation_sum*1000,BLOCK_8.0D_R_v1
2024-01-23,1705968000000,0.0,0.3622056670730972,0.3641573441051564,0.359285123086389,0.3605127275793997,284.1268982014445,10.9768982014445,-0.0050191438266996,-5.01914382669967,5.01914382669967,Razuhuillca_microcatchment,79.59237993166853,UCSB-CHG/CHIRPS/DAILY,ECMWF/ERA5_LAND/DAILY_AGGR,0.07*L1 + 0.21*L2 + 0.72*L3,-1*native_potential_evaporation_sum*1000,BLOCK_8.0D_R_v1
2024-01-24,1706054400000,0.0,0.3813888829108148,0.3663368041345379,0.3587376148025424,0.3619190333298405,284.50800468650624,11.358004686506291,-0.0052736823613933,-5.273682361393305,5.273682361393305,Razuhuillca_microcatchment,79.59237993166853,UCSB-CHG/CHIRPS/DAILY,ECMWF/ERA5_LAND/DAILY_AGGR,0.07*L1 + 0.21*L2 + 0.72*L3,-1*native_potential_evaporation_sum*1000,BLOCK_8.0D_R_v1
2024-01-25,1706140800000,2.88741786103873,0.3878806340212077,0.3688306385841443,0.3583381594031302,0.3626095532544087,284.0513284201797,10.901328420179665,-0.0037445598685672,-3.744559868567252,3.744559868567252,Razuhuillca_microcatchment,79.59237993166853,UCSB-CHG/CHIRPS/DAILY,ECMWF/ERA5_LAND/DAILY_AGGR,0.07*L1 + 0.21*L2 + 0.72*L3,-1*native_potential_evaporation_sum*1000,BLOCK_8.0D_R_v1
2024-01-26,1706227200000,10.821318170854024,0.4027351570496899,0.3846765308710881,0.3589032233794989,0.367383853309646,284.1717621283264,11.021762128326484,-0.0046352060199472,-4.635206019947295,4.635206019947295,Razuhuillca_microcatchment,79.59237993166853,UCSB-CHG/CHIRPS/DAILY,ECMWF/ERA5_LAND/DAILY_AGGR,0.07*L1 + 0.21*L2 + 0.72*L3,-1*native_potential_evaporation_sum*1000,BLOCK_8.0D_R_v1
2024-01-27,1706313600000,0.3062612130528405,0.4145005874780791,0.3945064765180466,0.3604014953436878,0.3713504778397106,283.7597962675297,10.609796267529694,-0.0035165019031893,-3.5165019031894,3.5165019031894,Razuhuillca_microcatchment,79.59237993166853,UCSB-CHG/CHIRPS/DAILY,ECMWF/ERA5_LAND/DAILY_AGGR,0.07*L1 + 0.21*L2 + 0.72*L3,-1*native_potential_evaporation_sum*1000,BLOCK_8.0D_R_v1
2024-01-28,1706400000000,4.031868376192593,0.404833688901339,0.405030752193032,0.3645468805566688,0.3758685701844319,284.02063093387545,10.87063093387554,-0.0049051031298031,-4.905103129803101,4.905103129803101,Razuhuillca_microcatchment,79.59237993166853,UCSB-CHG/CHIRPS/DAILY,ECMWF/ERA5_LAND/DAILY_AGGR,0.07*L1 + 0.21*L2 + 0.72*L3,-1*native_potential_evaporation_sum*1000,BLOCK_8.0D_R_v1
2024-01-29,1706486400000,0.0,0.3882211380151884,0.3944124578281174,0.3665215229482779,0.3738975923277279,284.266813583227,11.116813583227062,-0.0049614751700721,-4.961475170072103,4.961475170072103,Razuhuillca_microcatchment,79.59237993166853,UCSB-CHG/CHIRPS/DAILY,ECMWF/ERA5_LAND/DAILY_AGGR,0.07*L1 + 0.21*L2 + 0.72*L3,-1*native_potential_evaporation_sum*1000,BLOCK_8.0D_R_v1
2024-01-30,1706572800000,1.5193322357677277,0.3992609086523625,0.3926507990254602,0.3673214113092146,0.3748763475436466,284.346976848007,11.19697684800697,-0.0039561123861742,-3.956112386174284,3.956112386174284,Razuhuillca_microcatchment,79.59237993166853,UCSB-CHG/CHIRPS/DAILY,ECMWF/ERA5_LAND/DAILY_AGGR,0.07*L1 + 0.21*L2 + 0.72*L3,-1*native_potential_evaporation_sum*1000,BLOCK_8.0D_R_v1
2024-01-31,1706659200000,12.061745134137926,0.4155075279044737,0.3999358454650996,0.368458727651019,0.3783623384097178,283.99528262702484,10.84528262702488,-0.0036130594466462,-3.6130594466462975,3.6130594466462975,Razuhuillca_microcatchment,79.59237993166853,UCSB-CHG/CHIRPS/DAILY,ECMWF/ERA5_LAND/DAILY_AGGR,0.07*L1 + 0.21*L2 + 0.72*L3,-1*native_potential_evaporation_sum*1000,BLOCK_8.0D_R_v1
2024-02-01,1706745600000,0.0,0.4039891818125583,0.4068511382233429,0.3718556310400108,0.3814540361025889,283.91699334881434,10.766993348814395,-0.0044999170423932,-4.499917042393215,4.499917042393215,Razuhuillca_microcatchment,79.59237993166853,UCSB-CHG/CHIRPS/DAILY,ECMWF/ERA5_LAND/DAILY_AGGR,0.07*L1 + 0.21*L2 + 0.72*L3,-1*native_potential_evaporation_sum*1000,BLOCK_8.0D_R_v1
2024-02-02,1706832000000,0.0,0.3875283882567418,0.3972589422971986,0.373566669765465,0.3795193672915185,284.0333775647114,10.883377564711392,-0.0052315942469359,-5.231594246935982,5.231594246935982,Razuhuillca_microcatchment,79.59237993166853,UCSB-CHG/CHIRPS/DAILY,ECMWF/ERA5_LAND/DAILY_AGGR,0.07*L1 + 0.21*L2 + 0.72*L3,-1*native_potential_evaporation_sum*1000,BLOCK_8.0D_R_v1
2024-02-03,1706918400000,0.0,0.3804585598337398,0.3875019940797075,0.3737293162557201,0.3770926256492188,283.737850839692,10.587850839692068,-0.0034351997034398,-3.435199703439812,3.435199703439812,Razuhuillca_microcatchment,79.59237993166853,UCSB-CHG/CHIRPS/DAILY,ECMWF/ERA5_LAND/DAILY_AGGR,0.07*L1 + 0.21*L2 + 0.72*L3,-1*native_potential_evaporation_sum*1000,BLOCK_8.0D_R_v1
2024-02-04,1707004800000,0.0,0.3986790313426699,0.3887063175267566,0.3737986349646067,0.3786708760491226,283.5397381313963,10.389738131396356,-0.0041513184591524,-4.151318459152486,4.151318459152486,Razuhuillca_microcatchment,79.59237993166853,UCSB-CHG/CHIRPS/DAILY,ECMWF/ERA5_LAND/DAILY_AGGR,0.07*L1 + 0.21*L2 + 0.72*L3,-1*native_potential_evaporation_sum*1000,BLOCK_8.0D_R_v1
2024-02-05,1707091200000,0.0,0.3914534544898825,0.3904749221654756,0.3741174120893827,0.3787660121733972,283.5945722804134,10.44457228041339,-0.0048632075676339,-4.863207567633921,4.863207567633921,Razuhuillca_microcatchment,79.59237993166853,UCSB-CHG/CHIRPS/DAILY,ECMWF/ERA5_LAND/DAILY_AGGR,0.07*L1 + 0.21*L2 + 0.72*L3,-1*native_potential_evaporation_sum*1000,BLOCK_8.0D_R_v1
2024-02-06,1707177600000,0.0,0.3879670306666968,0.3878130830092237,0.3742537709789239,0.3780611546834309,283.6084582672413,10.45845826724133,-0.0044561229603138,-4.4561229603138965,4.4561229603138965,Razuhuillca_microcatchment,79.59237993166853,UCSB-CHG/CHIRPS/DAILY,ECMWF/ERA5_LAND/DAILY_AGGR,0.07*L1 + 0.21*L2 + 0.72*L3,-1*native_potential_evaporation_sum*1000,BLOCK_8.0D_R_v1
2024-02-07,1707264000000,0.0,0.4176970171331211,0.4005760898479837,0.375426470659142,0.3836668289419773,283.22389705929913,10.073897059299153,-0.0033375126864179,-3.3375126864179703,3.3375126864179703,Razuhuillca_microcatchment,79.59237993166853,UCSB-CHG/CHIRPS/DAILY,ECMWF/ERA5_LAND/DAILY_AGGR,0.07*L1 + 0.21*L2 + 0.72*L3,-1*native_potential_evaporation_sum*1000,BLOCK_8.0D_R_v1
2024-02-08,1707350400000,2.4411194565750303,0.4096396084236042,0.4068482863880076,0.3791004798315853,0.3870652582098752,283.1560240361502,10.006024036150237,-0.004539610591927,-4.539610591927016,4.539610591927016,Razuhuillca_microcatchment,79.59237993166853,UCSB-CHG/CHIRPS/DAILY,ECMWF/ERA5_LAND/DAILY_AGGR,0.07*L1 + 0.21*L2 + 0.72*L3,-1*native_potential_evaporation_sum*1000,BLOCK_8.0D_R_v1
2024-02-09,1707436800000,13.59677649111975,0.409191399870121,0.4062245245843494,0.3810474564804047,0.3883047168195132,283.60058975219727,10.450589752197288,-0.0041381604323497,-4.13816043234974,4.13816043234974,Razuhuillca_microcatchment,79.59237993166853,UCSB-CHG/CHIRPS/DAILY,ECMWF/ERA5_LAND/DAILY_AGGR,0.07*L1 + 0.21*L2 + 0.72*L3,-1*native_potential_evaporation_sum*1000,BLOCK_8.0D_R_v1
2024-02-10,1707523200000,3.245991958039148,0.3870837481724734,0.3978562400979573,0.3819687058700531,0.3856631410190824,284.2943940870105,11.144394087010534,-0.0054721276711866,-5.472127671186635,5.472127671186635,Razuhuillca_microcatchment,79.59237993166853,UCSB-CHG/CHIRPS/DAILY,ECMWF/ERA5_LAND/DAILY_AGGR,0.07*L1 + 0.21*L2 + 0.72*L3,-1*native_potential_evaporation_sum*1000,BLOCK_8.0D_R_v1
2024-02-11,1707609600000,0.0,0.3757953901052016,0.3866147351862148,0.38147436079492,0.3821563114688115,284.4370405090567,11.28704050905674,-0.0049329738568708,-4.932973856870839,4.932973856870839,Razuhuillca_microcatchment,79.59237993166853,UCSB-CHG/CHIRPS/DAILY,ECMWF/ERA5_LAND/DAILY_AGGR,0.07*L1 + 0.21*L2 + 0.72*L3,-1*native_potential_evaporation_sum*1000,BLOCK_8.0D_R_v1
2024-02-12,1707696000000,0.0,0.3845913212653069,0.3811729335601159,0.3805204990511914,0.3809424678530537,284.2200483164117,11.070048316411675,-0.0047722643165919,-4.7722643165919125,4.7722643165919125,Razuhuillca_microcatchment,79.59237993166853,UCSB-CHG/CHIRPS/DAILY,ECMWF/ERA5_LAND/DAILY_AGGR,0.07*L1 + 0.21*L2 + 0.72*L3,-1*native_potential_evaporation_sum*1000,BLOCK_8.0D_R_v1
2024-02-13,1707782400000,4.677414720966703,0.3913747901401997,0.382188506668473,0.3796993762771518,0.3810393726297426,284.1103332534232,10.960333253423178,-0.0047481996303348,-4.748199630334887,4.748199630334887,Razuhuillca_microcatchment,79.59237993166853,UCSB-CHG/CHIRPS/DAILY,ECMWF/ERA5_LAND/DAILY_AGGR,0.07*L1 + 0.21*L2 + 0.72*L3,-1*native_potential_evaporation_sum*1000,BLOCK_8.0D_R_v1
2024-02-14,1707868800000,21.447900193078176,0.4014520626766374,0.3866704709268029,0.3792746328894113,0.3823801789623692,283.5130978880131,10.363097888013108,-0.0030049810433663,-3.004981043366338,3.004981043366338,Razuhuillca_microcatchment,79.59237993166853,UCSB-CHG/CHIRPS/DAILY,ECMWF/ERA5_LAND/DAILY_AGGR,0.07*L1 + 0.21*L2 + 0.72*L3,-1*native_potential_evaporation_sum*1000,BLOCK_8.0D_R_v1
2024-02-15,1707955200000,0.0,0.4202421662435365,0.4114392120714131,0.381774237160508,0.3906966369276101,283.7119207143324,10.561920714332429,-0.0042046786560488,-4.204678656048857,4.204678656048857,Razuhuillca_microcatchment,79.59237993166853,UCSB-CHG/CHIRPS/DAILY,ECMWF/ERA5_LAND/DAILY_AGGR,0.07*L1 + 0.21*L2 + 0.72*L3,-1*native_potential_evaporation_sum*1000,BLOCK_8.0D_R_v1
2024-02-16,1708041600000,0.2874591946601867,0.4028284370554664,0.4091607757156754,0.3860075735632394,0.3920472064597068,283.9165237110704,10.76652371107041,-0.0042913192183296,-4.291319218329612,4.291319218329612,Razuhuillca_microcatchment,79.59237993166853,UCSB-CHG/CHIRPS/DAILY,ECMWF/ERA5_LAND/DAILY_AGGR,0.07*L1 + 0.21*L2 + 0.72*L3,-1*native_potential_evaporation_sum*1000,BLOCK_8.0D_R_v1
2024-02-17,1708128000000,9.260484502429057,0.3960521565696407,0.4001490275065104,0.386992680544109,0.3903896767280005,283.831991860862,10.681991860861975,-0.003796892014542,-3.796892014542067,3.796892014542067,Razuhuillca_microcatchment,79.59237993166853,UCSB-CHG/CHIRPS/DAILY,ECMWF/ERA5_LAND/DAILY_AGGR,0.07*L1 + 0.21*L2 + 0.72*L3,-1*native_potential_evaporation_sum*1000,BLOCK_8.0D_R_v1
2024-02-18,1708214400000,10.715515941381456,0.398677487823545,0.3992054816155994,0.3872020111377987,0.3905260233061391,284.2875706703906,11.13757067039064,-0.0047513463593631,-4.751346359363182,4.751346359363182,Razuhuillca_microcatchment,79.59237993166853,UCSB-CHG/CHIRPS/DAILY,ECMWF/ERA5_LAND/DAILY_AGGR,0.07*L1 + 0.21*L2 + 0.72*L3,-1*native_potential_evaporation_sum*1000,BLOCK_8.0D_R_v1
2024-02-19,1708300800000,2.5983278325625827,0.4125654444758832,0.4019288373590664,0.3873095539952978,0.3921475158353301,284.32540396688535,11.175403966885344,-0.0032988573516035,-3.298857351603535,3.298857351603535,Razuhuillca_microcatchment,79.59237993166853,UCSB-CHG/CHIRPS/DAILY,ECMWF/ERA5_LAND/DAILY_AGGR,0.07*L1 + 0.21*L2 + 0.72*L3,-1*native_potential_evaporation_sum*1000,BLOCK_8.0D_R_v1
2024-02-20,1708387200000,2.188958351101194,0.401882506060003,0.4060942919957155,0.3888524924629225,0.3933853713166046,285.46083445172314,12.3108344517232,-0.0051197402739111,-5.119740273911138,5.119740273911138,Razuhuillca_microcatchment,79.59237993166853,UCSB-CHG/CHIRPS/DAILY,ECMWF/ERA5_LAND/DAILY_AGGR,0.07*L1 + 0.21*L2 + 0.72*L3,-1*native_potential_evaporation_sum*1000,BLOCK_8.0D_R_v1
2024-02-21,1708473600000,14.40257466690881,0.3750892154054146,0.39351277360567,0.388719474189773,0.3887719489522063,284.83086414741416,11.68086414741416,-0.0061031089438868,-6.10310894388684,6.10310894388684,Razuhuillca_microcatchment,79.59237993166853,UCSB-CHG/CHIRPS/DAILY,ECMWF/ERA5_LAND/DAILY_AGGR,0.07*L1 + 0.21*L2 + 0.72*L3,-1*native_potential_evaporation_sum*1000,BLOCK_8.0D_R_v1
2024-02-22,1708560000000,0.0,0.3554882938921566,0.3791341175233697,0.3872397906059014,0.3833149944886077,284.6268142707545,11.47681427075455,-0.0058282950537742,-5.828295053774221,5.828295053774221,Razuhuillca_microcatchment,79.59237993166853,UCSB-CHG/CHIRPS/DAILY,ECMWF/ERA5_LAND/DAILY_AGGR,0.07*L1 + 0.21*L2 + 0.72*L3,-1*native_potential_evaporation_sum*1000,BLOCK_8.0D_R_v1
2024-02-23,1708646400000,0.0,0.3541791213959857,0.3680144991718505,0.385427482325677,0.3795833705982951,284.55162652517333,11.40162652517332,-0.0050700756080577,-5.070075608057782,5.070075608057782,Razuhuillca_microcatchment,79.59237993166853,UCSB-CHG/CHIRPS/DAILY,ECMWF/ERA5_LAND/DAILY_AGGR,0.07*L1 + 0.21*L2 + 0.72*L3,-1*native_potential_evaporation_sum*1000,BLOCK_8.0D_R_v1
2024-02-24,1708732800000,25.16898120017279,0.3701783770081625,0.3648795420034772,0.3839058921975667,0.3789494325935496,283.4197871588558,10.269787158855848,-0.0031796195948055,-3.179619594805502,3.179619594805502,Razuhuillca_microcatchment,79.59237993166853,UCSB-CHG/CHIRPS/DAILY,ECMWF/ERA5_LAND/DAILY_AGGR,0.07*L1 + 0.21*L2 + 0.72*L3,-1*native_potential_evaporation_sum*1000,BLOCK_8.0D_R_v1
2024-02-25,1708819200000,7.452427142432758,0.4010626842520828,0.3795297472003796,0.3830694481586904,0.3835856374839826,283.17235922399965,10.022359223999754,-0.0038513030878381,-3.851303087838123,3.851303087838123,Razuhuillca_microcatchment,79.59237993166853,UCSB-CHG/CHIRPS/DAILY,ECMWF/ERA5_LAND/DAILY_AGGR,0.07*L1 + 0.21*L2 + 0.72*L3,-1*native_potential_evaporation_sum*1000,BLOCK_8.0D_R_v1
2024-02-26,1708905600000,0.0,0.4226621065525649,0.4125330709997629,0.3848656487143338,0.3933215594429501,283.2413231513404,10.0913231513404,-0.0034617250193061,-3.461725019306117,3.461725019306117,Razuhuillca_microcatchment,79.59237993166853,UCSB-CHG/CHIRPS/DAILY,ECMWF/ERA5_LAND/DAILY_AGGR,0.07*L1 + 0.21*L2 + 0.72*L3,-1*native_potential_evaporation_sum*1000,BLOCK_8.0D_R_v1
2024-02-27,1708992000000,7.147080585360526,0.4190285081808277,0.4166111845042204,0.389968930871041,0.3975979745456937,283.35360308740866,10.203603087408716,-0.0037149823986725,-3.7149823986726,3.7149823986726,Razuhuillca_microcatchment,79.59237993166853,UCSB-CHG/CHIRPS/DAILY,ECMWF/ERA5_LAND/DAILY_AGGR,0.07*L1 + 0.21*L2 + 0.72*L3,-1*native_potential_evaporation_sum*1000,BLOCK_8.0D_R_v1
2024-02-28,1709078400000,6.560450053640774,0.4244955353194807,0.421023157520331,0.3945826712371296,0.4022290738423665,283.3281234822062,10.17812348220623,-0.0027502674415621,-2.750267441562145,2.750267441562145,Razuhuillca_microcatchment,79.59237993166853,UCSB-CHG/CHIRPS/DAILY,ECMWF/ERA5_LAND/DAILY_AGGR,0.07*L1 + 0.21*L2 + 0.72*L3,-1*native_potential_evaporation_sum*1000,BLOCK_8.0D_R_v1
2024-02-29,1709164800000,9.08538259778704,0.4101850219314958,0.4176740738238442,0.4005052459951999,0.4047882841547559,283.29130980137,10.141309801369998,-0.0035201221532215,-3.5201221532215268,3.5201221532215268,Razuhuillca_microcatchment,79.59237993166853,UCSB-CHG/CHIRPS/DAILY,ECMWF/ERA5_LAND/DAILY_AGGR,0.07*L1 + 0.21*L2 + 0.72*L3,-1*native_potential_evaporation_sum*1000,BLOCK_8.0D_R_v1
2024-03-01,1709251200000,19.211749210244133,0.422923218537847,0.4238874549351216,0.4067564911006273,0.4114856644264765,282.41965459996334,9.269654599963388,-0.0022954162576295,-2.2954162576295043,2.2954162576295043,Razuhuillca_microcatchment,79.59237993166853,UCSB-CHG/CHIRPS/DAILY,ECMWF/ERA5_LAND/DAILY_AGGR,0.07*L1 + 0.21*L2 + 0.72*L3,-1*native_potential_evaporation_sum*1000,BLOCK_8.0D_R_v1
2024-03-02,1709337600000,0.0,0.4048776755213508,0.4144113169469815,0.4118305125447826,0.4118857828776042,282.545902310998,9.395902310998007,-0.0035262982969339,-3.5262982969339185,3.5262982969339185,Razuhuillca_microcatchment,79.59237993166853,UCSB-CHG/CHIRPS/DAILY,ECMWF/ERA5_LAND/DAILY_AGGR,0.07*L1 + 0.21*L2 + 0.72*L3,-1*native_potential_evaporation_sum*1000,BLOCK_8.0D_R_v1
2024-03-03,1709424000000,3.086460953667051,0.3982245972620498,0.4036414931045561,0.4102588462462085,0.4080268046575704,283.23539551971965,10.085395519719684,-0.0046280956681753,-4.628095668175317,4.628095668175317,Razuhuillca_microcatchment,79.59237993166853,UCSB-CHG/CHIRPS/DAILY,ECMWF/ERA5_LAND/DAILY_AGGR,0.07*L1 + 0.21*L2 + 0.72*L3,-1*native_potential_evaporation_sum*1000,BLOCK_8.0D_R_v1
2024-03-04,1709510400000,20.78980458918072,0.407354049829619,0.3999752419532379,0.4082862398298259,0.4064756769757279,283.4543697893734,10.30436978937345,-0.0040111364742924,-4.011136474292402,4.011136474292402,Razuhuillca_microcatchment,79.59237993166853,UCSB-CHG/CHIRPS/DAILY,ECMWF/ERA5_LAND/DAILY_AGGR,0.07*L1 + 0.21*L2 + 0.72*L3,-1*native_potential_evaporation_sum*1000,BLOCK_8.0D_R_v1
2024-03-05,1709596800000,0.0,0.4193149302047111,0.4152887561188038,0.4077302789412482,0.4101284847369771,283.5513914655858,10.401391465585828,-0.0036816361839371,-3.6816361839371607,3.6816361839371607,Razuhuillca_microcatchment,79.59237993166853,UCSB-CHG/CHIRPS/DAILY,ECMWF/ERA5_LAND/DAILY_AGGR,0.07*L1 + 0.21*L2 + 0.72*L3,-1*native_potential_evaporation_sum*1000,BLOCK_8.0D_R_v1
2024-03-06,1709683200000,6.661415852961085,0.4064559826272071,0.4124418747448048,0.4081265774765455,0.4089158482634263,283.37410111326244,10.224101113262464,-0.0038046101700363,-3.804610170036382,3.804610170036382,Razuhuillca_microcatchment,79.59237993166853,UCSB-CHG/CHIRPS/DAILY,ECMWF/ERA5_LAND/DAILY_AGGR,0.07*L1 + 0.21*L2 + 0.72*L3,-1*native_potential_evaporation_sum*1000,BLOCK_8.0D_R_v1
2024-03-07,1709769600000,23.31814808504922,0.3987206843087668,0.4043294322283971,0.407330775766244,0.4060977872212727,283.33019263941884,10.180192639418898,-0.0035133453548988,-3.513345354898816,3.513345354898816,Razuhuillca_microcatchment,79.59237993166853,UCSB-CHG/CHIRPS/DAILY,ECMWF/ERA5_LAND/DAILY_AGGR,0.07*L1 + 0.21*L2 + 0.72*L3,-1*native_potential_evaporation_sum*1000,BLOCK_8.0D_R_v1
2024-03-08,1709856000000,0.0,0.407018973877894,0.4059199147601117,0.4063328796269117,0.4062941836024524,283.473333796095,10.323333796095104,-0.0044164501690451,-4.416450169045112,4.416450169045112,Razuhuillca_microcatchment,79.59237993166853,UCSB-CHG/CHIRPS/DAILY,ECMWF/ERA5_LAND/DAILY_AGGR,0.07*L1 + 0.21*L2 + 0.72*L3,-1*native_potential_evaporation_sum*1000,BLOCK_8.0D_R_v1
2024-03-09,1709942400000,0.0,0.3850792717612088,0.3980469565860109,0.4051241314250379,0.4022347845323743,283.9874511931902,10.837451193190288,-0.0051915012946018,-5.191501294601858,5.191501294601858,Razuhuillca_microcatchment,79.59237993166853,UCSB-CHG/CHIRPS/DAILY,ECMWF/ERA5_LAND/DAILY_AGGR,0.07*L1 + 0.21*L2 + 0.72*L3,-1*native_potential_evaporation_sum*1000,BLOCK_8.0D_R_v1
2024-03-10,1710028800000,9.532627478241922,0.3723720190382646,0.386510646871519,0.4032877405714208,0.3976004503871204,284.1274130422485,10.977413042248592,-0.0049030731265255,-4.903073126525548,4.903073126525548,Razuhuillca_microcatchment,79.59237993166853,UCSB-CHG/CHIRPS/DAILY,ECMWF/ERA5_LAND/DAILY_AGGR,0.07*L1 + 0.21*L2 + 0.72*L3,-1*native_potential_evaporation_sum*1000,BLOCK_8.0D_R_v1
2024-03-11,1710115200000,0.0,0.3725498728669447,0.3784835021619852,0.4012173705937085,0.3944365333821731,283.910696834498,10.760696834498091,-0.0038658053199679,-3.865805319967986,3.865805319967986,Razuhuillca_microcatchment,79.59237993166853,UCSB-CHG/CHIRPS/DAILY,ECMWF/ERA5_LAND/DAILY_AGGR,0.07*L1 + 0.21*L2 + 0.72*L3,-1*native_potential_evaporation_sum*1000,BLOCK_8.0D_R_v1
2024-03-12,1710201600000,0.0,0.3740653734446031,0.3749152865253661,0.3992060990232493,0.3923451776081886,284.3872644317862,11.237264431786237,-0.0048356664318569,-4.835666431856982,4.835666431856982,Razuhuillca_microcatchment,79.59237993166853,UCSB-CHG/CHIRPS/DAILY,ECMWF/ERA5_LAND/DAILY_AGGR,0.07*L1 + 0.21*L2 + 0.72*L3,-1*native_potential_evaporation_sum*1000,BLOCK_8.0D_R_v1
2024-03-13,1710288000000,3.64398089547952,0.3593131489836412,0.3692373558735342,0.3969737330383418,0.3885128529499032,284.59736953764747,11.447369537647551,-0.005297769442459,-5.297769442459062,5.297769442459062,Razuhuillca_microcatchment,79.59237993166853,UCSB-CHG/CHIRPS/DAILY,ECMWF/ERA5_LAND/DAILY_AGGR,0.07*L1 + 0.21*L2 + 0.72*L3,-1*native_potential_evaporation_sum*1000,BLOCK_8.0D_R_v1
2024-03-14,1710374400000,3.9814472411360073,0.342999405024828,0.3609486397980265,0.3944363272488691,0.3838033283285093,285.03695392792395,11.88695392792397,-0.0053220479130055,-5.322047913005586,5.322047913005586,Razuhuillca_microcatchment,79.59237993166853,UCSB-CHG/CHIRPS/DAILY,ECMWF/ERA5_LAND/DAILY_AGGR,0.07*L1 + 0.21*L2 + 0.72*L3,-1*native_potential_evaporation_sum*1000,BLOCK_8.0D_R_v1
2024-03-15,1710460800000,0.0,0.3312995962095169,0.3527950845472155,0.3917600708889823,0.3793451905296487,284.7326511169903,11.582651116990434,-0.0051970751902271,-5.197075190227156,5.197075190227156,Razuhuillca_microcatchment,79.59237993166853,UCSB-CHG/CHIRPS/DAILY,ECMWF/ERA5_LAND/DAILY_AGGR,0.07*L1 + 0.21*L2 + 0.72*L3,-1*native_potential_evaporation_sum*1000,BLOCK_8.0D_R_v1
2024-03-16,1710547200000,7.8305843600205,0.3201531537006356,0.3451926501500124,0.3890095234835998,0.3749880341987388,284.5374207101575,11.38742071015758,-0.0049500499415948,-4.95004994159489,4.95004994159489,Razuhuillca_microcatchment,79.59237993166853,UCSB-CHG/CHIRPS/DAILY,ECMWF/ERA5_LAND/DAILY_AGGR,0.07*L1 + 0.21*L2 + 0.72*L3,-1*native_potential_evaporation_sum*1000,BLOCK_8.0D_R_v1
2024-03-17,1710633600000,16.477235083069118,0.3754191830438455,0.3460653191127299,0.3864161210253059,0.3771726669649627,283.9600681422533,10.810068142253334,-0.0037179187026327,-3.717918702632706,3.717918702632706,Razuhuillca_microcatchment,79.59237993166853,UCSB-CHG/CHIRPS/DAILY,ECMWF/ERA5_LAND/DAILY_AGGR,0.07*L1 + 0.21*L2 + 0.72*L3,-1*native_potential_evaporation_sum*1000,BLOCK_8.0D_R_v1
2024-03-18,1710720000000,0.0,0.385278856134139,0.3636495630635461,0.384664186393135,0.3802941423757916,283.66373713351857,10.513737133518603,-0.0034964827099287,-3.496482709928744,3.496482709928744,Razuhuillca_microcatchment,79.59237993166853,UCSB-CHG/CHIRPS/DAILY,ECMWF/ERA5_LAND/DAILY_AGGR,0.07*L1 + 0.21*L2 + 0.72*L3,-1*native_potential_evaporation_sum*1000,BLOCK_8.0D_R_v1
2024-03-19,1710806400000,5.745659204466001,0.3714605526198312,0.3661524050497595,0.3831160918366243,0.3787378298662071,284.045885846794,10.895885846794028,-0.004641044561918,-4.641044561918071,4.641044561918071,Razuhuillca_microcatchment,79.59237993166853,UCSB-CHG/CHIRPS/DAILY,ECMWF/ERA5_LAND/DAILY_AGGR,0.07*L1 + 0.21*L2 + 0.72*L3,-1*native_potential_evaporation_sum*1000,BLOCK_8.0D_R_v1
2024-03-20,1710892800000,6.463177220452399,0.390934240381612,0.3712523135146653,0.3815890626411217,0.3800725077664002,284.1937015584897,11.043701558489802,-0.0043286743191625,-4.328674319162534,4.328674319162534,Razuhuillca_microcatchment,79.59237993166853,UCSB-CHG/CHIRPS/DAILY,ECMWF/ERA5_LAND/DAILY_AGGR,0.07*L1 + 0.21*L2 + 0.72*L3,-1*native_potential_evaporation_sum*1000,BLOCK_8.0D_R_v1
2024-03-21,1710979200000,14.933688606534686,0.3956380414135883,0.3777538145208634,0.3806855931217731,0.381116590996009,284.4548320586511,11.304832058651144,-0.0040357013830559,-4.0357013830559785,4.0357013830559785,Razuhuillca_microcatchment,79.59237993166853,UCSB-CHG/CHIRPS/DAILY,ECMWF/ERA5_LAND/DAILY_AGGR,0.07*L1 + 0.21*L2 + 0.72*L3,-1*native_potential_evaporation_sum*1000,BLOCK_8.0D_R_v1
2024-03-22,1711065600000,13.946698271092917,0.3963898454787414,0.3873594206881661,0.3805549452529936,0.3830923281101821,284.2384483432953,11.08844834329536,-0.0034393579026178,-3.4393579026178127,3.4393579026178127,Razuhuillca_microcatchment,79.59237993166853,UCSB-CHG/CHIRPS/DAILY,ECMWF/ERA5_LAND/DAILY_AGGR,0.07*L1 + 0.21*L2 + 0.72*L3,-1*native_potential_evaporation_sum*1000,BLOCK_8.0D_R_v1
2024-03-23,1711152000000,0.0,0.4176423728810569,0.4013414254307976,0.3812030615834142,0.3879828697821997,283.4436590676133,10.293659067613318,-0.0033250457978662,-3.325045797866204,3.325045797866204,Razuhuillca_microcatchment,79.59237993166853,UCSB-CHG/CHIRPS/DAILY,ECMWF/ERA5_LAND/DAILY_AGGR,0.07*L1 + 0.21*L2 + 0.72*L3,-1*native_potential_evaporation_sum*1000,BLOCK_8.0D_R_v1
2024-03-24,1711238400000,0.0,0.4013399186621281,0.4041585903865984,0.3836341152301413,0.3891836612532364,283.75078137715656,10.600781377156602,-0.0042032800141097,-4.203280014109748,4.203280014109748,Razuhuillca_microcatchment,79.59237993166853,UCSB-CHG/CHIRPS/DAILY,ECMWF/ERA5_LAND/DAILY_AGGR,0.07*L1 + 0.21*L2 + 0.72*L3,-1*native_potential_evaporation_sum*1000,BLOCK_8.0D_R_v1
2024-03-25,1711324800000,0.0,0.4032390388679871,0.4020706720664552,0.3848943765452831,0.3897855249673184,283.4252507902524,10.275250790252423,-0.0034600285694778,-3.460028569477831,3.460028569477831,Razuhuillca_microcatchment,79.59237993166853,UCSB-CHG/CHIRPS/DAILY,ECMWF/ERA5_LAND/DAILY_AGGR,0.07*L1 + 0.21*L2 + 0.72*L3,-1*native_potential_evaporation_sum*1000,BLOCK_8.0D_R_v1
2024-03-26,1711411200000,13.478751496899696,0.3959213837493132,0.3972655647292532,0.3855506404516554,0.3887367265807869,282.9706923791668,9.820692379166871,-0.0026323044231172,-2.6323044231172243,2.6323044231172243,Razuhuillca_microcatchment,79.59237993166853,UCSB-CHG/CHIRPS/DAILY,ECMWF/ERA5_LAND/DAILY_AGGR,0.07*L1 + 0.21*L2 + 0.72*L3,-1*native_potential_evaporation_sum*1000,BLOCK_8.0D_R_v1
2024-03-27,1711497600000,6.521554405490558,0.4288541209491001,0.4177809845735112,0.3881279351853681,0.3972059085603394,283.1877068609631,10.037706860963114,-0.0032113752613177,-3.211375261317788,3.211375261317788,Razuhuillca_microcatchment,79.59237993166853,UCSB-CHG/CHIRPS/DAILY,ECMWF/ERA5_LAND/DAILY_AGGR,0.07*L1 + 0.21*L2 + 0.72*L3,-1*native_potential_evaporation_sum*1000,BLOCK_8.0D_R_v1
2024-03-28,1711584000000,0.0,0.4240752093364737,0.4254053222421046,0.397413503687276,0.4051581049792338,282.7288123702268,9.5788123702268,-0.0032977218056,-3.297721805600073,3.297721805600073,Razuhuillca_microcatchment,79.59237993166853,UCSB-CHG/CHIRPS/DAILY,ECMWF/ERA5_LAND/DAILY_AGGR,0.07*L1 + 0.21*L2 + 0.72*L3,-1*native_potential_evaporation_sum*1000,BLOCK_8.0D_R_v1
2024-03-29,1711670400000,0.0,0.4110094522465171,0.4158180141265222,0.4026033846169767,0.4059668815480491,282.62872969713743,9.478729697137474,-0.0034445933782296,-3.4445933782296367,3.4445933782296367,Razuhuillca_microcatchment,79.59237993166853,UCSB-CHG/CHIRPS/DAILY,ECMWF/ERA5_LAND/DAILY_AGGR,0.07*L1 + 0.21*L2 + 0.72*L3,-1*native_potential_evaporation_sum*1000,BLOCK_8.0D_R_v1
2024-03-30,1711756800000,0.0,0.4017705053722697,0.4098579502289464,0.4037421820021318,0.4048884759656724,283.39610997606104,10.246109976061078,-0.0042367094772399,-4.23670947723995,4.23670947723995,Razuhuillca_microcatchment,79.59237993166853,UCSB-CHG/CHIRPS/DAILY,ECMWF/ERA5_LAND/DAILY_AGGR,0.07*L1 + 0.21*L2 + 0.72*L3,-1*native_potential_evaporation_sum*1000,BLOCK_8.0D_R_v1
2024-03-31,1711843200000,0.0,0.389549387672733,0.4003108985621575,0.4031581070152091,0.4016075828860949,283.6323018377227,10.48230183772272,-0.0040974680312796,-4.097468031279613,4.097468031279613,Razuhuillca_microcatchment,79.59237993166853,UCSB-CHG/CHIRPS/DAILY,ECMWF/ERA5_LAND/DAILY_AGGR,0.07*L1 + 0.21*L2 + 0.72*L3,-1*native_potential_evaporation_sum*1000,BLOCK_8.0D_R_v1
2024-04-01,1711929600000,0.7706173037489256,0.4007868757597054,0.3961004981186118,0.4020232272285946,0.4006929095126759,283.5122713739472,10.362271373947268,-0.0034331488557633,-3.433148855763364,3.433148855763364,Razuhuillca_microcatchment,79.59237993166853,UCSB-CHG/CHIRPS/DAILY,ECMWF/ERA5_LAND/DAILY_AGGR,0.07*L1 + 0.21*L2 + 0.72*L3,-1*native_potential_evaporation_sum*1000,BLOCK_8.0D_R_v1
2024-04-02,1712016000000,2.142803271611532,0.395332101222867,0.3973089927423436,0.4011346894192558,0.3999251119433569,283.5445021590745,10.394502159074564,-0.0039046695294407,-3.904669529440775,3.904669529440775,Razuhuillca_microcatchment,79.59237993166853,UCSB-CHG/CHIRPS/DAILY,ECMWF/ERA5_LAND/DAILY_AGGR,0.07*L1 + 0.21*L2 + 0.72*L3,-1*native_potential_evaporation_sum*1000,BLOCK_8.0D_R_v1
2024-04-03,1712102400000,0.0,0.390763266238174,0.3937638122911398,0.4001519050671644,0.39815320086617,283.2026339110152,10.05263391101525,-0.0042340978118725,-4.234097811872559,4.234097811872559,Razuhuillca_microcatchment,79.59237993166853,UCSB-CHG/CHIRPS/DAILY,ECMWF/ERA5_LAND/DAILY_AGGR,0.07*L1 + 0.21*L2 + 0.72*L3,-1*native_potential_evaporation_sum*1000,BLOCK_8.0D_R_v1
2024-04-04,1712188800000,0.0,0.3888753696213797,0.3909665550570037,0.3990193883348292,0.3966182120365444,283.25723858651395,10.107238586514017,-0.004326130053556,-4.326130053556034,4.326130053556034,Razuhuillca_microcatchment,79.59237993166853,UCSB-CHG/CHIRPS/DAILY,ECMWF/ERA5_LAND/DAILY_AGGR,0.07*L1 + 0.21*L2 + 0.72*L3,-1*native_potential_evaporation_sum*1000,BLOCK_8.0D_R_v1
2024-04-05,1712275200000,0.3177206913630168,0.3723428649020332,0.3846312469600023,0.3976630944048048,0.3931539903762024,283.79546988309,10.645469883090051,-0.0048604884933185,-4.860488493318503,4.860488493318503,Razuhuillca_microcatchment,79.59237993166853,UCSB-CHG/CHIRPS/DAILY,ECMWF/ERA5_LAND/DAILY_AGGR,0.07*L1 + 0.21*L2 + 0.72*L3,-1*native_potential_evaporation_sum*1000,BLOCK_8.0D_R_v1
2024-04-06,1712361600000,3.4859431350515004,0.3555729007904699,0.3747760206748065,0.3958707820473378,0.3886200304711255,283.8750742689952,10.725074268995233,-0.0044546889173502,-4.454688917350217,4.454688917350217,Razuhuillca_microcatchment,79.59237993166853,UCSB-CHG/CHIRPS/DAILY,ECMWF/ERA5_LAND/DAILY_AGGR,0.07*L1 + 0.21*L2 + 0.72*L3,-1*native_potential_evaporation_sum*1000,BLOCK_8.0D_R_v1
2024-04-07,1712448000000,0.0,0.3496551917926883,0.3660469459430789,0.3939417102203663,0.3849837534321985,283.85311571757,10.703115717570013,-0.0039552274036269,-3.9552274036269655,3.9552274036269655,Razuhuillca_microcatchment,79.59237993166853,UCSB-CHG/CHIRPS/DAILY,ECMWF/ERA5_LAND/DAILY_AGGR,0.07*L1 + 0.21*L2 + 0.72*L3,-1*native_potential_evaporation_sum*1000,BLOCK_8.0D_R_v1
2024-04-08,1712534400000,2.716366156935692,0.3496213005227619,0.360591638524638,0.3920284594644242,0.3824582259411526,283.7122678811839,10.56226788118399,-0.0041220513726934,-4.122051372693453,4.122051372693453,Razuhuillca_microcatchment,79.59237993166853,UCSB-CHG/CHIRPS/DAILY,ECMWF/ERA5_LAND/DAILY_AGGR,0.07*L1 + 0.21*L2 + 0.72*L3,-1*native_potential_evaporation_sum*1000,BLOCK_8.0D_R_v1
2024-04-09,1712620800000,0.7695769781158085,0.3497737561117476,0.356398962825709,0.389992315185782,0.3801224120549843,284.04858665980817,10.898586659808188,-0.0041214863775093,-4.121486377509343,4.121486377509343,Razuhuillca_microcatchment,79.59237993166853,UCSB-CHG/CHIRPS/DAILY,ECMWF/ERA5_LAND/DAILY_AGGR,0.07*L1 + 0.21*L2 + 0.72*L3,-1*native_potential_evaporation_sum*1000,BLOCK_8.0D_R_v1
2024-04-10,1712707200000,6.399824729987553,0.3525502346384272,0.3533334272674971,0.3880165261799659,0.3782504350004397,283.82039617343673,10.67039617343676,-0.0037165611034872,-3.7165611034872903,3.7165611034872903,Razuhuillca_microcatchment,79.59237993166853,UCSB-CHG/CHIRPS/DAILY,ECMWF/ERA5_LAND/DAILY_AGGR,0.07*L1 + 0.21*L2 + 0.72*L3,-1*native_potential_evaporation_sum*1000,BLOCK_8.0D_R_v1
2024-04-11,1712793600000,1.9440936414258816,0.3871003189527919,0.3576215659492507,0.3862215236891671,0.3802770482322384,283.5394193175211,10.389419317521126,-0.003418017415642,-3.418017415642049,3.418017415642049,Razuhuillca_microcatchment,79.59237993166853,UCSB-CHG/CHIRPS/DAILY,ECMWF/ERA5_LAND/DAILY_AGGR,0.07*L1 + 0.21*L2 + 0.72*L3,-1*native_potential_evaporation_sum*1000,BLOCK_8.0D_R_v1
2024-04-12,1712880000000,2.753504249666418,0.4140440328961851,0.391729152730894,0.3853279363672627,0.3886823185606499,283.6049508809584,10.454950880958414,-0.003543705910961,-3.5437059109610622,3.5437059109610622,Razuhuillca_microcatchment,79.59237993166853,UCSB-CHG/CHIRPS/DAILY,ECMWF/ERA5_LAND/DAILY_AGGR,0.07*L1 + 0.21*L2 + 0.72*L3,-1*native_potential_evaporation_sum*1000,BLOCK_8.0D_R_v1
2024-04-13,1712966400000,1.1111055325184551,0.3871451986088688,0.3976881324900367,0.3859818445694469,0.3885215998155303,284.35850479699275,11.208504796992848,-0.0043563635190787,-4.356363519078735,4.356363519078735,Razuhuillca_microcatchment,79.59237993166853,UCSB-CHG/CHIRPS/DAILY,ECMWF/ERA5_LAND/DAILY_AGGR,0.07*L1 + 0.21*L2 + 0.72*L3,-1*native_potential_evaporation_sum*1000,BLOCK_8.0D_R_v1
2024-04-14,1713052800000,0.5618026299136026,0.3726433697004079,0.38784395339172,0.3855340770214279,0.3851168015467178,284.06174947117563,10.911749471175655,-0.0042707984244203,-4.270798424420329,4.270798424420329,Razuhuillca_microcatchment,79.59237993166853,UCSB-CHG/CHIRPS/DAILY,ECMWF/ERA5_LAND/DAILY_AGGR,0.07*L1 + 0.21*L2 + 0.72*L3,-1*native_potential_evaporation_sum*1000,BLOCK_8.0D_R_v1
2024-04-15,1713139200000,0.0446119641197756,0.3603799228263958,0.3788786357078478,0.3843888630067682,0.3815510894613688,283.5822758536807,10.432275853680745,-0.0052225923090311,-5.222592309031183,5.222592309031183,Razuhuillca_microcatchment,79.59237993166853,UCSB-CHG/CHIRPS/DAILY,ECMWF/ERA5_LAND/DAILY_AGGR,0.07*L1 + 0.21*L2 + 0.72*L3,-1*native_potential_evaporation_sum*1000,BLOCK_8.0D_R_v1
2024-04-16,1713225600000,0.0,0.345741249922383,0.3683854398929544,0.3827721884255234,0.3771588055384641,284.3954481224104,11.245448122410425,-0.0048171130218946,-4.817113021894686,4.817113021894686,Razuhuillca_microcatchment,79.59237993166853,UCSB-CHG/CHIRPS/DAILY,ECMWF/ERA5_LAND/DAILY_AGGR,0.07*L1 + 0.21*L2 + 0.72*L3,-1*native_potential_evaporation_sum*1000,BLOCK_8.0D_R_v1
2024-04-17,1713312000000,0.0,0.3368555190246228,0.3594910395627765,0.3810698448578057,0.3734432929375267,284.0256845955674,10.875684595567432,-0.004701833375272,-4.701833375272033,4.701833375272033,Razuhuillca_microcatchment,79.59237993166853,UCSB-CHG/CHIRPS/DAILY,ECMWF/ERA5_LAND/DAILY_AGGR,0.07*L1 + 0.21*L2 + 0.72*L3,-1*native_potential_evaporation_sum*1000,BLOCK_8.0D_R_v1
2024-04-18,1713398400000,1.8876239609505447,0.3293099853574426,0.351254872963378,0.3792134764566586,0.3698489253461245,283.2915153025662,10.14151530256624,-0.0037718699932787,-3.771869993278746,3.771869993278746,Razuhuillca_microcatchment,79.59237993166853,UCSB-CHG/CHIRPS/DAILY,ECMWF/ERA5_LAND/DAILY_AGGR,0.07*L1 + 0.21*L2 + 0.72*L3,-1*native_potential_evaporation_sum*1000,BLOCK_8.0D_R_v1
2024-04-19,1713484800000,0.0,0.3454708694722611,0.3473264514136636,0.3775364613027701,0.3689477677979221,282.97271561668555,9.822715616685588,-0.0036359722214627,-3.635972221462713,3.635972221462713,Razuhuillca_microcatchment,79.59237993166853,UCSB-CHG/CHIRPS/DAILY,ECMWF/ERA5_LAND/DAILY_AGGR,0.07*L1 + 0.21*L2 + 0.72*L3,-1*native_potential_evaporation_sum*1000,BLOCK_8.0D_R_v1
2024-04-20,1713571200000,0.0,0.3684810976531923,0.3494290294904469,0.3760406038434978,0.3699230077960357,283.07668344501354,9.926683445013577,-0.0035180345263784,-3.518034526378433,3.518034526378433,Razuhuillca_microcatchment,79.59237993166853,UCSB-CHG/CHIRPS/DAILY,ECMWF/ERA5_LAND/DAILY_AGGR,0.07*L1 + 0.21*L2 + 0.72*L3,-1*native_potential_evaporation_sum*1000,BLOCK_8.0D_R_v1
2024-04-21,1713657600000,0.0,0.3674241104566982,0.3558032379444394,0.3746921010100083,0.3702166804275071,283.37744395673155,10.22744395673162,-0.0042625863772596,-4.262586377259623,4.262586377259623,Razuhuillca_microcatchment,79.59237993166853,UCSB-CHG/CHIRPS/DAILY,ECMWF/ERA5_LAND/DAILY_AGGR,0.07*L1 + 0.21*L2 + 0.72*L3,-1*native_potential_evaporation_sum*1000,BLOCK_8.0D_R_v1
2024-04-22,1713744000000,0.0,0.3467527621054236,0.3532708044915759,0.3731628116615016,0.3671367866868917,283.713669378174,10.563669378174067,-0.0045142250426242,-4.51422504262428,4.51422504262428,Razuhuillca_microcatchment,79.59237993166853,UCSB-CHG/CHIRPS/DAILY,ECMWF/ERA5_LAND/DAILY_AGGR,0.07*L1 + 0.21*L2 + 0.72*L3,-1*native_potential_evaporation_sum*1000,BLOCK_8.0D_R_v1
2024-04-23,1713830400000,0.0,0.3305394681662263,0.3472825934202455,0.3714595236070812,0.3635179643869859,283.36372695217244,10.213726952172465,-0.0047203042259106,-4.720304225910606,4.720304225910606,Razuhuillca_microcatchment,79.59237993166853,UCSB-CHG/CHIRPS/DAILY,ECMWF/ERA5_LAND/DAILY_AGGR,0.07*L1 + 0.21*L2 + 0.72*L3,-1*native_potential_evaporation_sum*1000,BLOCK_8.0D_R_v1
2024-04-24,1713916800000,12.895908863771531,0.3205995467816244,0.3410869885042223,0.3697106282375681,0.3602618881916494,283.9654654464281,10.815465446428108,-0.0046629505608812,-4.662950560881223,4.662950560881223,Razuhuillca_microcatchment,79.59237993166853,UCSB-CHG/CHIRPS/DAILY,ECMWF/ERA5_LAND/DAILY_AGGR,0.07*L1 + 0.21*L2 + 0.72*L3,-1*native_potential_evaporation_sum*1000,BLOCK_8.0D_R_v1
2024-04-25,1714003200000,1.0837892180397397,0.3135843993611418,0.3350218513797474,0.3678779381548049,0.3571776122164863,284.2517633162482,11.101763316248208,-0.0045353168180223,-4.535316818022314,4.535316818022314,Razuhuillca_microcatchment,79.59237993166853,UCSB-CHG/CHIRPS/DAILY,ECMWF/ERA5_LAND/DAILY_AGGR,0.07*L1 + 0.21*L2 + 0.72*L3,-1*native_potential_evaporation_sum*1000,BLOCK_8.0D_R_v1
2024-04-26,1714089600000,0.0,0.305421549920172,0.3294806654972377,0.3659965684188813,0.3540879775104265,283.9302156040434,10.780215604043445,-0.0047763218683314,-4.776321868331446,4.776321868331446,Razuhuillca_microcatchment,79.59237993166853,UCSB-CHG/CHIRPS/DAILY,ECMWF/ERA5_LAND/DAILY_AGGR,0.07*L1 + 0.21*L2 + 0.72*L3,-1*native_potential_evaporation_sum*1000,BLOCK_8.0D_R_v1
2024-04-27,1714176000000,0.0,0.2953430682937533,0.3234785958291937,0.3639669987967019,0.3506607590383188,284.1005586723372,10.950558672337214,-0.0045842784591492,-4.584278459149289,4.584278459149289,Razuhuillca_microcatchment,79.59237993166853,UCSB-CHG/CHIRPS/DAILY,ECMWF/ERA5_LAND/DAILY_AGGR,0.07*L1 + 0.21*L2 + 0.72*L3,-1*native_potential_evaporation_sum*1000,BLOCK_8.0D_R_v1
2024-04-28,1714262400000,0.0,0.2879888280967756,0.317943073191854,0.3619200756095048,0.3475097177759071,283.64528355387125,10.495283553871367,-0.0047920500439715,-4.792050043971552,4.792050043971552,Razuhuillca_microcatchment,79.59237993166853,UCSB-CHG/CHIRPS/DAILY,ECMWF/ERA5_LAND/DAILY_AGGR,0.07*L1 + 0.21*L2 + 0.72*L3,-1*native_potential_evaporation_sum*1000,BLOCK_8.0D_R_v1
2024-04-29,1714348800000,0.0,0.2807351481707799,0.3126574646760502,0.3598209998511165,0.344380647846729,283.19102236944354,10.04102236944358,-0.00414787314703,-4.147873147030097,4.147873147030097,Razuhuillca_microcatchment,79.59237993166853,UCSB-CHG/CHIRPS/DAILY,ECMWF/ERA5_LAND/DAILY_AGGR,0.07*L1 + 0.21*L2 + 0.72*L3,-1*native_potential_evaporation_sum*1000,BLOCK_8.0D_R_v1
2024-04-30,1714435200000,0.0869500605123383,0.291820121868038,0.3089115642628458,0.3578844640066627,0.3429756511107575,283.1535739641429,10.003573964142856,-0.0028174800765996,-2.8174800765996726,2.8174800765996726,Razuhuillca_microcatchment,79.59237993166853,UCSB-CHG/CHIRPS/DAILY,ECMWF/ERA5_LAND/DAILY_AGGR,0.07*L1 + 0.21*L2 + 0.72*L3,-1*native_potential_evaporation_sum*1000,BLOCK_8.0D_R_v1
2024-05-01,1714521600000,0.0,0.3181139517841081,0.3103183165680696,0.3562408733919177,0.3439282519463628,283.3846988898481,10.23469888984816,-0.004077975202158,-4.077975202158006,4.077975202158006,Razuhuillca_microcatchment,79.59237993166853,UCSB-CHG/CHIRPS/DAILY,ECMWF/ERA5_LAND/DAILY_AGGR,0.07*L1 + 0.21*L2 + 0.72*L3,-1*native_potential_evaporation_sum*1000,BLOCK_8.0D_R_v1
2024-05-02,1714608000000,0.0,0.3044412572489538,0.3091693870823737,0.3543575742570881,0.3413739127598286,283.66331751314425,10.513317513144324,-0.0041683917875923,-4.168391787592386,4.168391787592386,Razuhuillca_microcatchment,79.59237993166853,UCSB-CHG/CHIRPS/DAILY,ECMWF/ERA5_LAND/DAILY_AGGR,0.07*L1 + 0.21*L2 + 0.72*L3,-1*native_potential_evaporation_sum*1000,BLOCK_8.0D_R_v1
2024-05-03,1714694400000,40.567320681753614,0.3269018786950378,0.3087153903321723,0.3526040409801093,0.3415882729840875,283.3826552595017,10.232655259501731,-0.0031647120597045,-3.164712059704554,3.164712059704554,Razuhuillca_microcatchment,79.59237993166853,UCSB-CHG/CHIRPS/DAILY,ECMWF/ERA5_LAND/DAILY_AGGR,0.07*L1 + 0.21*L2 + 0.72*L3,-1*native_potential_evaporation_sum*1000,BLOCK_8.0D_R_v1
2024-05-04,1714780800000,0.0,0.3380149040148666,0.3128717271808484,0.3511504281692651,0.3421924142708897,283.66305000657985,10.513050006579832,-0.00359296475704,-3.5929647570400567,3.5929647570400567,Razuhuillca_microcatchment,79.59237993166853,UCSB-CHG/CHIRPS/DAILY,ECMWF/ERA5_LAND/DAILY_AGGR,0.07*L1 + 0.21*L2 + 0.72*L3,-1*native_potential_evaporation_sum*1000,BLOCK_8.0D_R_v1
2024-05-05,1714867200000,0.0,0.3248079737257176,0.3138441589296667,0.3495759651610386,0.3403385264519781,283.7617773633012,10.611777363301252,-0.0039959748873131,-3.9959748873131806,3.9959748873131806,Razuhuillca_microcatchment,79.59237993166853,UCSB-CHG/CHIRPS/DAILY,ECMWF/ERA5_LAND/DAILY_AGGR,0.07*L1 + 0.21*L2 + 0.72*L3,-1*native_potential_evaporation_sum*1000,BLOCK_8.0D_R_v1
2024-05-06,1714953600000,0.0,0.31059259991655,0.3122451282420369,0.3479420325659603,0.3378312223724777,283.9805011014258,10.830501101425888,-0.0042850090503003,-4.285009050300356,4.285009050300356,Razuhuillca_microcatchment,79.59237993166853,UCSB-CHG/CHIRPS/DAILY,ECMWF/ERA5_LAND/DAILY_AGGR,0.07*L1 + 0.21*L2 + 0.72*L3,-1*native_potential_evaporation_sum*1000,BLOCK_8.0D_R_v1
2024-05-07,1715040000000,0.0,0.2957113887073906,0.3088587354832761,0.3462071133946178,0.3348292533051301,284.57000916541654,11.420009165416571,-0.004095205294259,-4.095205294259022,4.095205294259022,Razuhuillca_microcatchment,79.59237993166853,UCSB-CHG/CHIRPS/DAILY,ECMWF/ERA5_LAND/DAILY_AGGR,0.07*L1 + 0.21*L2 + 0.72*L3,-1*native_potential_evaporation_sum*1000,BLOCK_8.0D_R_v1
2024-05-08,1715126400000,0.0,0.3013155354700106,0.3060953842192486,0.3445856024534486,0.3334737519354259,284.7362071131006,11.586207113100638,-0.0036717647245164,-3.6717647245164553,3.6717647245164553,Razuhuillca_microcatchment,79.59237993166853,UCSB-CHG/CHIRPS/DAILY,ECMWF/ERA5_LAND/DAILY_AGGR,0.07*L1 + 0.21*L2 + 0.72*L3,-1*native_potential_evaporation_sum*1000,BLOCK_8.0D_R_v1
2024-05-09,1715212800000,0.0,0.3097138120030162,0.3061494367889816,0.3431352347078121,0.333028717555522,283.7791593805214,10.629159380521422,-0.0043340387371923,-4.334038737192319,4.334038737192319,Razuhuillca_microcatchment,79.59237993166853,UCSB-CHG/CHIRPS/DAILY,ECMWF/ERA5_LAND/DAILY_AGGR,0.07*L1 + 0.21*L2 + 0.72*L3,-1*native_potential_evaporation_sum*1000,BLOCK_8.0D_R_v1
2024-05-10,1715299200000,0.0,0.2936605074961521,0.3038337722219713,0.3414922872260356,0.3302357744940902,283.8111123211811,10.661112321181122,-0.0035149400375481,-3.5149400375481967,3.5149400375481967,Razuhuillca_microcatchment,79.59237993166853,UCSB-CHG/CHIRPS/DAILY,ECMWF/ERA5_LAND/DAILY_AGGR,0.07*L1 + 0.21*L2 + 0.72*L3,-1*native_potential_evaporation_sum*1000,BLOCK_8.0D_R_v1
2024-05-11,1715385600000,0.0,0.2846196566013931,0.3010955141688587,0.3399379267168871,0.3279087411737166,284.2539082639249,11.10390826392496,-0.0043194281055748,-4.319428105574811,4.319428105574811,Razuhuillca_microcatchment,79.59237993166853,UCSB-CHG/CHIRPS/DAILY,ECMWF/ERA5_LAND/DAILY_AGGR,0.07*L1 + 0.21*L2 + 0.72*L3,-1*native_potential_evaporation_sum*1000,BLOCK_8.0D_R_v1
2024-05-12,1715472000000,0.0,0.2721299224735914,0.2969142053857704,0.3381805419921875,0.3248910679385381,284.492402751092,11.342402751092054,-0.0045659561463863,-4.565956146386317,4.565956146386317,Razuhuillca_microcatchment,79.59237993166853,UCSB-CHG/CHIRPS/DAILY,ECMWF/ERA5_LAND/DAILY_AGGR,0.07*L1 + 0.21*L2 + 0.72*L3,-1*native_potential_evaporation_sum*1000,BLOCK_8.0D_R_v1
2024-05-13,1715558400000,0.0,0.2619106535277614,0.2924229579624184,0.3364103791341616,0.3219580398956475,283.98057365784985,10.830573657849888,-0.0038962042056067,-3.8962042056067134,3.8962042056067134,Razuhuillca_microcatchment,79.59237993166853,UCSB-CHG/CHIRPS/DAILY,ECMWF/ERA5_LAND/DAILY_AGGR,0.07*L1 + 0.21*L2 + 0.72*L3,-1*native_potential_evaporation_sum*1000,BLOCK_8.0D_R_v1
2024-05-14,1715644800000,0.0,0.2585485307697157,0.2888154266886629,0.334797886754736,0.3198041152219092,283.3411106080219,10.191110608021898,-0.0038338744571443,-3.833874457144324,3.833874457144324,Razuhuillca_microcatchment,79.59237993166853,UCSB-CHG/CHIRPS/DAILY,ECMWF/ERA5_LAND/DAILY_AGGR,0.07*L1 + 0.21*L2 + 0.72*L3,-1*native_potential_evaporation_sum*1000,BLOCK_8.0D_R_v1
2024-05-15,1715731200000,0.0,0.3304831076678973,0.2895828423472498,0.3332563778798245,0.3238908065031489,283.4967108820215,10.346710882021544,-0.003454766564631,-3.454766564631049,3.454766564631049,Razuhuillca_microcatchment,79.59237993166853,UCSB-CHG/CHIRPS/DAILY,ECMWF/ERA5_LAND/DAILY_AGGR,0.07*L1 + 0.21*L2 + 0.72*L3,-1*native_potential_evaporation_sum*1000,BLOCK_8.0D_R_v1
2024-05-16,1715817600000,1.6835207117810136,0.3316874274399009,0.2952573846070982,0.3319377090659904,0.3242173212157967,283.2061465820136,10.056146582013618,-0.0034337311207903,-3.43373112079036,3.43373112079036,Razuhuillca_microcatchment,79.59237993166853,UCSB-CHG/CHIRPS/DAILY,ECMWF/ERA5_LAND/DAILY_AGGR,0.07*L1 + 0.21*L2 + 0.72*L3,-1*native_potential_evaporation_sum*1000,BLOCK_8.0D_R_v1
2024-05-17,1715904000000,1.2093653132518132,0.3596386918672477,0.3023703837900033,0.3308149716298245,0.3268592686000817,283.04893098584944,9.898930985849496,-0.0031157720381813,-3.1157720381813925,3.1157720381813925,Razuhuillca_microcatchment,79.59237993166853,UCSB-CHG/CHIRPS/DAILY,ECMWF/ERA5_LAND/DAILY_AGGR,0.07*L1 + 0.21*L2 + 0.72*L3,-1*native_potential_evaporation_sum*1000,BLOCK_8.0D_R_v1
2024-05-18,1715990400000,0.5692067625267165,0.3550775561029511,0.315149152899064,0.3299606889199201,0.3286084470583524,282.99074791851297,9.840747918513022,-0.0035209137235762,-3.5209137235762755,3.5209137235762755,Razuhuillca_microcatchment,79.59237993166853,UCSB-CHG/CHIRPS/DAILY,ECMWF/ERA5_LAND/DAILY_AGGR,0.07*L1 + 0.21*L2 + 0.72*L3,-1*native_potential_evaporation_sum*1000,BLOCK_8.0D_R_v1
2024-05-19,1716076800000,0.5679820840734812,0.3341105356381808,0.3173337543171495,0.3290477929087732,0.3269422367955908,283.1488722468617,9.998872246861726,-0.003386050290455,-3.386050290455019,3.386050290455019,Razuhuillca_microcatchment,79.59237993166853,UCSB-CHG/CHIRPS/DAILY,ECMWF/ERA5_LAND/DAILY_AGGR,0.07*L1 + 0.21*L2 + 0.72*L3,-1*native_potential_evaporation_sum*1000,BLOCK_8.0D_R_v1
2024-05-20,1716163200000,2.372472961743673,0.3232922452952361,0.3161479494245525,0.3281188479737739,0.3252670970909397,282.91935746518175,9.76935746518175,-0.0033339767183871,-3.3339767183871625,3.3339767183871625,Razuhuillca_microcatchment,79.59237993166853,UCSB-CHG/CHIRPS/DAILY,ECMWF/ERA5_LAND/DAILY_AGGR,0.07*L1 + 0.21*L2 + 0.72*L3,-1*native_potential_evaporation_sum*1000,BLOCK_8.0D_R_v1
2024-05-21,1716249600000,0.0,0.3147016095288227,0.3141644354730212,0.3271727846766712,0.3235680490835553,283.3470816162051,10.197081616205097,-0.0036228727226312,-3.6228727226312447,3.6228727226312447,Razuhuillca_microcatchment,79.59237993166853,UCSB-CHG/CHIRPS/DAILY,ECMWF/ERA5_LAND/DAILY_AGGR,0.07*L1 + 0.21*L2 + 0.72*L3,-1*native_potential_evaporation_sum*1000,BLOCK_8.0D_R_v1
2024-05-22,1716336000000,0.0,0.3003144383660171,0.3107203261241288,0.3261186309402848,0.3210786934486933,283.2256522279713,10.0756522279714,-0.0038691432662092,-3.869143266209288,3.869143266209288,Razuhuillca_microcatchment,79.59237993166853,UCSB-CHG/CHIRPS/DAILY,ECMWF/ERA5_LAND/DAILY_AGGR,0.07*L1 + 0.21*L2 + 0.72*L3,-1*native_potential_evaporation_sum*1000,BLOCK_8.0D_R_v1
2024-05-23,1716422400000,0.0,0.2876610434353925,0.306299830677422,0.3249741188593223,0.318440603061448,283.1751071216973,10.02510712169732,-0.0038877282873054,-3.8877282873054457,3.8877282873054457,Razuhuillca_microcatchment,79.59237993166853,UCSB-CHG/CHIRPS/DAILY,ECMWF/ERA5_LAND/DAILY_AGGR,0.07*L1 + 0.21*L2 + 0.72*L3,-1*native_potential_evaporation_sum*1000,BLOCK_8.0D_R_v1
2024-05-24,1716508800000,0.0,0.2786594052764951,0.3017657983739482,0.3238122715885699,0.3160218115716541,283.30108962674586,10.15108962674593,-0.0038046488872153,-3.804648887215322,3.804648887215322,Razuhuillca_microcatchment,79.59237993166853,UCSB-CHG/CHIRPS/DAILY,ECMWF/ERA5_LAND/DAILY_AGGR,0.07*L1 + 0.21*L2 + 0.72*L3,-1*native_potential_evaporation_sum*1000,BLOCK_8.0D_R_v1
2024-05-25,1716595200000,0.0,0.2708746261449677,0.297301937389925,0.3226254193079954,0.3136849325837887,283.2532132687137,10.103213268713722,-0.0041226027156576,-4.122602715657624,4.122602715657624,Razuhuillca_microcatchment,79.59237993166853,UCSB-CHG/CHIRPS/DAILY,ECMWF/ERA5_LAND/DAILY_AGGR,0.07*L1 + 0.21*L2 + 0.72*L3,-1*native_potential_evaporation_sum*1000,BLOCK_8.0D_R_v1
2024-05-26,1716681600000,0.0,0.2598233746655414,0.2921509347669421,0.321296677194349,0.310872940107577,283.7242258398979,10.574225839897853,-0.0038542766877681,-3.8542766877681536,3.8542766877681536,Razuhuillca_microcatchment,79.59237993166853,UCSB-CHG/CHIRPS/DAILY,ECMWF/ERA5_LAND/DAILY_AGGR,0.07*L1 + 0.21*L2 + 0.72*L3,-1*native_potential_evaporation_sum*1000,BLOCK_8.0D_R_v1
2024-05-27,1716768000000,0.0,0.2514650532275955,0.2872968023222994,0.319994472584513,0.3083309024744639,283.4332028133561,10.283202813356146,-0.0041645164520754,-4.164516452075429,4.164516452075429,Razuhuillca_microcatchment,79.59237993166853,UCSB-CHG/CHIRPS/DAILY,ECMWF/ERA5_LAND/DAILY_AGGR,0.07*L1 + 0.21*L2 + 0.72*L3,-1*native_potential_evaporation_sum*1000,BLOCK_8.0D_R_v1
2024-05-28,1716854400000,0.0,0.2445939933174148,0.282534766518771,0.3186678472970951,0.3058947305550695,283.1519292048636,10.001929204863645,-0.0033399398530149,-3.339939853014974,3.339939853014974,Razuhuillca_microcatchment,79.59237993166853,UCSB-CHG/CHIRPS/DAILY,ECMWF/ERA5_LAND/DAILY_AGGR,0.07*L1 + 0.21*L2 + 0.72*L3,-1*native_potential_evaporation_sum*1000,BLOCK_8.0D_R_v1
2024-05-29,1716940800000,0.0,0.2402815956600828,0.2786207437974639,0.317448955969544,0.3038933161917448,283.04829791148046,9.898297911480464,-0.003974876048937,-3.974876048937009,3.974876048937009,Razuhuillca_microcatchment,79.59237993166853,UCSB-CHG/CHIRPS/DAILY,ECMWF/ERA5_LAND/DAILY_AGGR,0.07*L1 + 0.21*L2 + 0.72*L3,-1*native_potential_evaporation_sum*1000,BLOCK_8.0D_R_v1
2024-05-30,1717027200000,0.0,0.2337195041781445,0.2742700999412463,0.3161001297320474,0.301549179687206,282.2906916734111,9.140691673411132,-0.004287505942273,-4.287505942273001,4.287505942273001,Razuhuillca_microcatchment,79.59237993166853,UCSB-CHG/CHIRPS/DAILY,ECMWF/ERA5_LAND/DAILY_AGGR,0.07*L1 + 0.21*L2 + 0.72*L3,-1*native_potential_evaporation_sum*1000,BLOCK_8.0D_R_v1
2024-05-31,1717113600000,0.0,0.225115061265655,0.2695815099227405,0.3146459436140997,0.2989152507745232,282.02050142894586,8.87050142894591,-0.0042428387641217,-4.242838764121767,4.242838764121767,Razuhuillca_microcatchment,79.59237993166853,UCSB-CHG/CHIRPS/DAILY,ECMWF/ERA5_LAND/DAILY_AGGR,0.07*L1 + 0.21*L2 + 0.72*L3,-1*native_potential_evaporation_sum*1000,BLOCK_8.0D_R_v1
2024-06-01,1717200000000,0.0,0.217259328029978,0.2649898271799546,0.3131722907799517,0.2963400660314541,282.77281307301314,9.622813073013123,-0.0041279990032229,-4.127999003222912,4.127999003222912,Razuhuillca_microcatchment,79.59237993166853,UCSB-CHG/CHIRPS/DAILY,ECMWF/ERA5_LAND/DAILY_AGGR,0.07*L1 + 0.21*L2 + 0.72*L3,-1*native_potential_evaporation_sum*1000,BLOCK_8.0D_R_v1
2024-06-02,1717286400000,0.0,0.2103991389044906,0.2605868433252235,0.3117011553519953,0.2938760086750479,283.1247955866172,9.974795586617244,-0.0041112060836284,-4.111206083628484,4.111206083628484,Razuhuillca_microcatchment,79.59237993166853,UCSB-CHG/CHIRPS/DAILY,ECMWF/ERA5_LAND/DAILY_AGGR,0.07*L1 + 0.21*L2 + 0.72*L3,-1*native_potential_evaporation_sum*1000,BLOCK_8.0D_R_v1
2024-06-03,1717372800000,0.0,0.2042988903949715,0.2564191322106157,0.3102368996092808,0.2915195078105595,282.34590610511503,9.195906105115045,-0.0041765340232435,-4.176534023243568,4.176534023243568,Razuhuillca_microcatchment,79.59237993166853,UCSB-CHG/CHIRPS/DAILY,ECMWF/ERA5_LAND/DAILY_AGGR,0.07*L1 + 0.21*L2 + 0.72*L3,-1*native_potential_evaporation_sum*1000,BLOCK_8.0D_R_v1
2024-06-04,1717459200000,0.0,0.1981788370650627,0.252451519975313,0.3087747423175672,0.2892051522580185,282.0216162356338,8.871616235633837,-0.0042680401161226,-4.268040116122692,4.268040116122692,Razuhuillca_microcatchment,79.59237993166853,UCSB-CHG/CHIRPS/DAILY,ECMWF/ERA5_LAND/DAILY_AGGR,0.07*L1 + 0.21*L2 + 0.72*L3,-1*native_potential_evaporation_sum*1000,BLOCK_8.0D_R_v1
2024-06-05,1717545600000,0.0,0.1926932656466386,0.2484936392605878,0.3072741293493722,0.2869095659715362,282.2627399569531,9.112739956953185,-0.0042135189206613,-4.2135189206613965,4.2135189206613965,Razuhuillca_microcatchment,79.59237993166853,UCSB-CHG/CHIRPS/DAILY,ECMWF/ERA5_LAND/DAILY_AGGR,0.07*L1 + 0.21*L2 + 0.72*L3,-1*native_potential_evaporation_sum*1000,BLOCK_8.0D_R_v1
2024-06-06,1717632000000,0.0,0.1876054517565894,0.2447218334514052,0.305773953711596,0.2846812133201055,282.42811016310617,9.278110163106188,-0.0042159081883513,-4.215908188351316,4.215908188351316,Razuhuillca_microcatchment,79.59237993166853,UCSB-CHG/CHIRPS/DAILY,ECMWF/ERA5_LAND/DAILY_AGGR,0.07*L1 + 0.21*L2 + 0.72*L3,-1*native_potential_evaporation_sum*1000,BLOCK_8.0D_R_v1
2024-06-07,1717718400000,0.0,0.1824382715831602,0.2410441124829712,0.3042611579674516,0.2824579763688103,281.72516432525106,8.575164325251082,-0.0044230308835906,-4.42303088359061,4.42303088359061,Razuhuillca_microcatchment,79.59237993166853,UCSB-CHG/CHIRPS/DAILY,ECMWF/ERA5_LAND/DAILY_AGGR,0.07*L1 + 0.21*L2 + 0.72*L3,-1*native_potential_evaporation_sum*1000,BLOCK_8.0D_R_v1
2024-06-08,1717804800000,4.549356212218603,0.1771813761981236,0.237422597660954,0.3027179401963662,0.2802183587840526,281.9990164879889,8.849016487988912,-0.0043187008772282,-4.318700877228224,4.318700877228224,Razuhuillca_microcatchment,79.59237993166853,UCSB-CHG/CHIRPS/DAILY,ECMWF/ERA5_LAND/DAILY_AGGR,0.07*L1 + 0.21*L2 + 0.72*L3,-1*native_potential_evaporation_sum*1000,BLOCK_8.0D_R_v1
2024-06-09,1717891200000,0.0,0.1724742529249834,0.2339606165656234,0.3011821974678995,0.2780561093604174,281.84468634280165,8.6946863428017,-0.0041574132494154,-4.15741324941547,4.15741324941547,Razuhuillca_microcatchment,79.59237993166853,UCSB-CHG/CHIRPS/DAILY,ECMWF/ERA5_LAND/DAILY_AGGR,0.07*L1 + 0.21*L2 + 0.72*L3,-1*native_potential_evaporation_sum*1000,BLOCK_8.0D_R_v1
2024-06-10,1717977600000,0.0,0.1685869771850821,0.2307801549834323,0.2996911616683695,0.2760425573507026,281.81127679049393,8.661276790493982,-0.0041693458064443,-4.169345806444312,4.169345806444312,Razuhuillca_microcatchment,79.59237993166853,UCSB-CHG/CHIRPS/DAILY,ECMWF/ERA5_LAND/DAILY_AGGR,0.07*L1 + 0.21*L2 + 0.72*L3,-1*native_potential_evaporation_sum*1000,BLOCK_8.0D_R_v1
2024-06-11,1718064000000,0.0,0.1651807906310682,0.2278575933967251,0.298238239766086,0.2741442825890689,282.1846113333582,9.034611333358274,-0.0036375104002869,-3.6375104002869887,3.6375104002869887,Razuhuillca_microcatchment,79.59237993166853,UCSB-CHG/CHIRPS/DAILY,ECMWF/ERA5_LAND/DAILY_AGGR,0.07*L1 + 0.21*L2 + 0.72*L3,-1*native_potential_evaporation_sum*1000,BLOCK_8.0D_R_v1
2024-06-12,1718150400000,3.1301954424097427,0.1628476732728109,0.2254591080035318,0.2969185566396841,0.2725271105904109,282.4997809562609,9.349780956260998,-0.0034733758324143,-3.4733758324143515,3.4733758324143515,Razuhuillca_microcatchment,79.59237993166853,UCSB-CHG/CHIRPS/DAILY,ECMWF/ERA5_LAND/DAILY_AGGR,0.07*L1 + 0.21*L2 + 0.72*L3,-1*native_potential_evaporation_sum*1000,BLOCK_8.0D_R_v1
2024-06-13,1718236800000,0.8284803905657361,0.1609928116403333,0.2232500565075001,0.2956357525952289,0.2710097505499632,282.70629520453,9.55629520453011,-0.0034450453657635,-3.445045365763537,3.445045365763537,Razuhuillca_microcatchment,79.59237993166853,UCSB-CHG/CHIRPS/DAILY,ECMWF/ERA5_LAND/DAILY_AGGR,0.07*L1 + 0.21*L2 + 0.72*L3,-1*native_potential_evaporation_sum*1000,BLOCK_8.0D_R_v1
2024-06-14,1718323200000,0.0,0.159247238511984,0.2210126777604825,0.2943276127868534,0.2694758502320746,283.3934804038046,10.2434804038046,-0.003724873367417,-3.724873367417065,3.724873367417065,Razuhuillca_microcatchment,79.59237993166853,UCSB-CHG/CHIRPS/DAILY,ECMWF/ERA5_LAND/DAILY_AGGR,0.07*L1 + 0.21*L2 + 0.72*L3,-1*native_potential_evaporation_sum*1000,BLOCK_8.0D_R_v1
2024-06-15,1718409600000,1.2311086292777742,0.1578743848267777,0.218771620292884,0.2930047286957904,0.2679566518603491,283.03077157889714,9.880771578897209,-0.0036001028439213,-3.600102843921308,3.600102843921308,Razuhuillca_microcatchment,79.59237993166853,UCSB-CHG/CHIRPS/DAILY,ECMWF/ERA5_LAND/DAILY_AGGR,0.07*L1 + 0.21*L2 + 0.72*L3,-1*native_potential_evaporation_sum*1000,BLOCK_8.0D_R_v1
2024-06-16,1718496000000,0.0,0.1568056926102537,0.216829321977031,0.2917585832305496,0.26657673602389,282.6194020750895,9.469402075089498,-0.0034203152091516,-3.4203152091516924,3.4203152091516924,Razuhuillca_microcatchment,79.59237993166853,UCSB-CHG/CHIRPS/DAILY,ECMWF/ERA5_LAND/DAILY_AGGR,0.07*L1 + 0.21*L2 + 0.72*L3,-1*native_potential_evaporation_sum*1000,BLOCK_8.0D_R_v1
2024-06-17,1718582400000,0.0,0.1565490641805248,0.2152397324813812,0.2906162210512253,0.265402457470609,282.62488193181207,9.474881931812114,-0.0029358135137943,-2.935813513794386,2.935813513794386,Razuhuillca_microcatchment,79.59237993166853,UCSB-CHG/CHIRPS/DAILY,ECMWF/ERA5_LAND/DAILY_AGGR,0.07*L1 + 0.21*L2 + 0.72*L3,-1*native_potential_evaporation_sum*1000,BLOCK_8.0D_R_v1
2024-06-18,1718668800000,0.0,0.1606365343509151,0.2141582217060301,0.289636869191664,0.2647563297808285,282.5016003169536,9.351600316953594,-0.0028382762405224,-2.838276240522461,2.838276240522461,Razuhuillca_microcatchment,79.59237993166853,UCSB-CHG/CHIRPS/DAILY,ECMWF/ERA5_LAND/DAILY_AGGR,0.07*L1 + 0.21*L2 + 0.72*L3,-1*native_potential_evaporation_sum*1000,BLOCK_8.0D_R_v1
2024-06-19,1718755200000,0.0,0.2126213764639029,0.2141282811100542,0.2889021945137509,0.2678600154354852,280.3476439753479,7.197643975347949,-0.0014749461774192,-1.4749461774192103,1.4749461774192103,Razuhuillca_microcatchment,79.59237993166853,UCSB-CHG/CHIRPS/DAILY,ECMWF/ERA5_LAND/DAILY_AGGR,0.07*L1 + 0.21*L2 + 0.72*L3,-1*native_potential_evaporation_sum*1000,BLOCK_8.0D_R_v1
2024-06-20,1718841600000,0.0,0.3415454100092481,0.2237869549348864,0.2884492194262084,0.2785868772238435,279.7022170873506,6.552217087350626,-0.001995104456568,-1.99510445656804,1.99510445656804,Razuhuillca_microcatchment,79.59237993166853,UCSB-CHG/CHIRPS/DAILY,ECMWF/ERA5_LAND/DAILY_AGGR,0.07*L1 + 0.21*L2 + 0.72*L3,-1*native_potential_evaporation_sum*1000,BLOCK_8.0D_R_v1
2024-06-21,1718928000000,5.685812471877961,0.3680376078581764,0.2524447762667559,0.2880227928676127,0.2861524464307722,281.3065463049563,8.156546304956347,-0.0026792705145185,-2.679270514518539,2.679270514518539,Razuhuillca_microcatchment,79.59237993166853,UCSB-CHG/CHIRPS/DAILY,ECMWF/ERA5_LAND/DAILY_AGGR,0.07*L1 + 0.21*L2 + 0.72*L3,-1*native_potential_evaporation_sum*1000,BLOCK_8.0D_R_v1
2024-06-22,1719014400000,0.0,0.3239581084205465,0.2676563556943095,0.2874829286784794,0.2858726109337485,281.3969911601043,8.246991160104288,-0.0038336265207715,-3.833626520771512,3.833626520771512,Razuhuillca_microcatchment,79.59237993166853,UCSB-CHG/CHIRPS/DAILY,ECMWF/ERA5_LAND/DAILY_AGGR,0.07*L1 + 0.21*L2 + 0.72*L3,-1*native_potential_evaporation_sum*1000,BLOCK_8.0D_R_v1
2024-06-23,1719100800000,0.0,0.2984450272282653,0.2689623713263657,0.2868402550904967,0.2838982335496729,281.833693259943,8.68369325994299,-0.0035940926371282,-3.594092637128224,3.594092637128224,Razuhuillca_microcatchment,79.59237993166853,UCSB-CHG/CHIRPS/DAILY,ECMWF/ERA5_LAND/DAILY_AGGR,0.07*L1 + 0.21*L2 + 0.72*L3,-1*native_potential_evaporation_sum*1000,BLOCK_8.0D_R_v1
2024-06-24,1719187200000,0.0,0.2846621695281452,0.2683528907496575,0.2862703290288848,0.2823950958251952,282.093039771725,8.94303977172502,-0.003826133346971,-3.82613334697106,3.82613334697106,Razuhuillca_microcatchment,79.59237993166853,UCSB-CHG/CHIRPS/DAILY,ECMWF/ERA5_LAND/DAILY_AGGR,0.07*L1 + 0.21*L2 + 0.72*L3,-1*native_potential_evaporation_sum*1000,BLOCK_8.0D_R_v1
2024-06-25,1719273600000,0.0,0.2688855040739496,0.2662685519238657,0.2856080380478346,0.2803761685836292,281.51339135142416,8.363391351424207,-0.0035821101224491,-3.5821101224491363,3.5821101224491363,Razuhuillca_microcatchment,79.59237993166853,UCSB-CHG/CHIRPS/DAILY,ECMWF/ERA5_LAND/DAILY_AGGR,0.07*L1 + 0.21*L2 + 0.72*L3,-1*native_potential_evaporation_sum*1000,BLOCK_8.0D_R_v1
2024-06-26,1719360000000,0.0,0.2561125268366525,0.2636587661125756,0.2849528619549408,0.2784622783697639,281.2618891398112,8.11188913981122,-0.0035800059579011,-3.580005957901133,3.580005957901133,Razuhuillca_microcatchment,79.59237993166853,UCSB-CHG/CHIRPS/DAILY,ECMWF/ERA5_LAND/DAILY_AGGR,0.07*L1 + 0.21*L2 + 0.72*L3,-1*native_potential_evaporation_sum*1000,BLOCK_8.0D_R_v1
2024-06-27,1719446400000,0.0,0.2474895212691643,0.2609366709097273,0.2843078216376332,0.2768225989589801,281.9057149721708,8.755714972170802,-0.0035721996874478,-3.5721996874478505,3.5721996874478505,Razuhuillca_microcatchment,79.59237993166853,UCSB-CHG/CHIRPS/DAILY,ECMWF/ERA5_LAND/DAILY_AGGR,0.07*L1 + 0.21*L2 + 0.72*L3,-1*native_potential_evaporation_sum*1000,BLOCK_8.0D_R_v1
2024-06-28,1719532800000,0.0,0.240927477562818,0.2582558207429213,0.2836819283075645,0.2753496341668571,282.52698333460927,9.376983334609331,-0.0038588028508803,-3.858802850880375,3.858802850880375,Razuhuillca_microcatchment,79.59237993166853,UCSB-CHG/CHIRPS/DAILY,ECMWF/ERA5_LAND/DAILY_AGGR,0.07*L1 + 0.21*L2 + 0.72*L3,-1*native_potential_evaporation_sum*1000,BLOCK_8.0D_R_v1
2024-06-29,1719619200000,0.0,0.231227014795204,0.2550484835527306,0.2829679478110605,0.2734829950057012,282.100519760955,8.95051976095507,-0.0031055746912267,-3.105574691226717,3.105574691226717,Razuhuillca_microcatchment,79.59237993166853,UCSB-CHG/CHIRPS/DAILY,ECMWF/ERA5_LAND/DAILY_AGGR,0.07*L1 + 0.21*L2 + 0.72*L3,-1*native_potential_evaporation_sum*1000,BLOCK_8.0D_R_v1
2024-06-30,1719705600000,0.0,0.2313042275019004,0.2528066616756608,0.282423886719926,0.2726258933153686,281.93380272778927,8.783802727789357,-0.0025820510321958,-2.5820510321958903,2.5820510321958903,Razuhuillca_microcatchment,79.59237993166853,UCSB-CHG/CHIRPS/DAILY,ECMWF/ERA5_LAND/DAILY_AGGR,0.07*L1 + 0.21*L2 + 0.72*L3,-1*native_potential_evaporation_sum*1000,BLOCK_8.0D_R_v1
2024-07-01,1719792000000,3.6872351634360494,0.2330470186207795,0.2510169402252962,0.2819326507333156,0.2720183572787539,282.0582985041917,8.908298504191812,-0.0036636965209349,-3.663696520934904,3.663696520934904,Razuhuillca_microcatchment,79.59237993166853,UCSB-CHG/CHIRPS/DAILY,ECMWF/ERA5_LAND/DAILY_AGGR,0.07*L1 + 0.21*L2 + 0.72*L3,-1*native_potential_evaporation_sum*1000,BLOCK_8.0D_R_v1
2024-07-02,1719878400000,0.0,0.2292227809369449,0.2487043516713989,0.2813141626200005,0.2708197056029803,281.7449365590119,8.594936559011952,-0.003693411848104,-3.693411848104069,3.693411848104069,Razuhuillca_microcatchment,79.59237993166853,UCSB-CHG/CHIRPS/DAILY,ECMWF/ERA5_LAND/DAILY_AGGR,0.07*L1 + 0.21*L2 + 0.72*L3,-1*native_potential_evaporation_sum*1000,BLOCK_8.0D_R_v1
2024-07-03,1719964800000,0.0,0.2200653906732165,0.2458091801990663,0.2805775585431814,0.2690403473400196,281.693484716103,8.54348471610305,-0.0039428744271311,-3.942874427131145,3.942874427131145,Razuhuillca_microcatchment,79.59237993166853,UCSB-CHG/CHIRPS/DAILY,ECMWF/ERA5_LAND/DAILY_AGGR,0.07*L1 + 0.21*L2 + 0.72*L3,-1*native_potential_evaporation_sum*1000,BLOCK_8.0D_R_v1
2024-07-04,1720051200000,0.0,0.2110431979846402,0.2425745704959582,0.2797763434908064,0.2671526509764566,281.9522997427997,8.802299742799757,-0.0039274287706165,-3.927428770616564,3.927428770616564,Razuhuillca_microcatchment,79.59237993166853,UCSB-CHG/CHIRPS/DAILY,ECMWF/ERA5_LAND/DAILY_AGGR,0.07*L1 + 0.21*L2 + 0.72*L3,-1*native_potential_evaporation_sum*1000,BLOCK_8.0D_R_v1
2024-07-05,1720137600000,0.0,0.2036501787071742,0.2394292349989933,0.2789878587961656,0.26540691019253,281.9729607789732,8.822960778973247,-0.0035294073854567,-3.529407385456768,3.529407385456768,Razuhuillca_microcatchment,79.59237993166853,UCSB-CHG/CHIRPS/DAILY,ECMWF/ERA5_LAND/DAILY_AGGR,0.07*L1 + 0.21*L2 + 0.72*L3,-1*native_potential_evaporation_sum*1000,BLOCK_8.0D_R_v1
2024-07-06,1720224000000,0.0,0.1984486111326713,0.2367000726835805,0.2782730881648715,0.2639550415215465,281.84480989783253,8.694809897832583,-0.0037401734146079,-3.740173414607957,3.740173414607957,Razuhuillca_microcatchment,79.59237993166853,UCSB-CHG/CHIRPS/DAILY,ECMWF/ERA5_LAND/DAILY_AGGR,0.07*L1 + 0.21*L2 + 0.72*L3,-1*native_potential_evaporation_sum*1000,BLOCK_8.0D_R_v1
2024-07-07,1720310400000,0.0,0.1917992409943156,0.233812357878639,0.2775089873973574,0.2623330129502136,281.6383396986592,8.488339698659207,-0.0034495321656927,-3.449532165692721,3.449532165692721,Razuhuillca_microcatchment,79.59237993166853,UCSB-CHG/CHIRPS/DAILY,ECMWF/ERA5_LAND/DAILY_AGGR,0.07*L1 + 0.21*L2 + 0.72*L3,-1*native_potential_evaporation_sum*1000,BLOCK_8.0D_R_v1
2024-07-08,1720396800000,0.0,0.18741620528675,0.2313125845554476,0.2768198979842639,0.2610051036753866,281.76921170111564,8.619211701115686,-0.0031063997676606,-3.106399767660681,3.106399767660681,Razuhuillca_microcatchment,79.59237993166853,UCSB-CHG/CHIRPS/DAILY,ECMWF/ERA5_LAND/DAILY_AGGR,0.07*L1 + 0.21*L2 + 0.72*L3,-1*native_potential_evaporation_sum*1000,BLOCK_8.0D_R_v1
2024-07-09,1720483200000,0.0,0.1837348643984638,0.228958284234725,0.2761413963773577,0.2597644855888822,281.88347896583275,8.733478965832802,-0.0036098106059035,-3.609810605903581,3.609810605903581,Razuhuillca_microcatchment,79.59237993166853,UCSB-CHG/CHIRPS/DAILY,ECMWF/ERA5_LAND/DAILY_AGGR,0.07*L1 + 0.21*L2 + 0.72*L3,-1*native_potential_evaporation_sum*1000,BLOCK_8.0D_R_v1
2024-07-10,1720569600000,0.0,0.1791489772024871,0.226258367931682,0.2753596480411831,0.2583136322594791,281.8452308669485,8.69523086694857,-0.0037982697690153,-3.79826976901534,3.79826976901534,Razuhuillca_microcatchment,79.59237993166853,UCSB-CHG/CHIRPS/DAILY,ECMWF/ERA5_LAND/DAILY_AGGR,0.07*L1 + 0.21*L2 + 0.72*L3,-1*native_potential_evaporation_sum*1000,BLOCK_8.0D_R_v1
2024-07-11,1720656000000,0.0,0.1754532632111124,0.2235779330450215,0.2745526631673177,0.2569110118447011,280.41821430551755,7.268214305517564,-0.0038237777576281,-3.823777757628116,3.823777757628116,Razuhuillca_microcatchment,79.59237993166853,UCSB-CHG/CHIRPS/DAILY,ECMWF/ERA5_LAND/DAILY_AGGR,0.07*L1 + 0.21*L2 + 0.72*L3,-1*native_potential_evaporation_sum*1000,BLOCK_8.0D_R_v1
2024-07-12,1720742400000,0.0,0.17321293340253,0.221158705694827,0.2737911386067238,0.2556978533309319,280.694393804767,7.544393804767011,-0.0037653299769914,-3.7653299769914224,3.7653299769914224,Razuhuillca_microcatchment,79.59237993166853,UCSB-CHG/CHIRPS/DAILY,ECMWF/ERA5_LAND/DAILY_AGGR,0.07*L1 + 0.21*L2 + 0.72*L3,-1*native_potential_evaporation_sum*1000,BLOCK_8.0D_R_v1
2024-07-13,1720828800000,0.0,0.1713676415886263,0.2189454242213842,0.2730527962333664,0.2545722872857184,281.0162926749228,7.866292674922787,-0.0034095268545812,-3.4095268545812263,3.4095268545812263,Razuhuillca_microcatchment,79.59237993166853,UCSB-CHG/CHIRPS/DAILY,ECMWF/ERA5_LAND/DAILY_AGGR,0.07*L1 + 0.21*L2 + 0.72*L3,-1*native_potential_evaporation_sum*1000,BLOCK_8.0D_R_v1
2024-07-14,1720915200000,0.0,0.1687080074596956,0.2168689389679013,0.2723264933091827,0.2534271128880495,281.7315232565407,8.581523256540782,-0.0038363162234339,-3.836316223433941,3.836316223433941,Razuhuillca_microcatchment,79.59237993166853,UCSB-CHG/CHIRPS/DAILY,ECMWF/ERA5_LAND/DAILY_AGGR,0.07*L1 + 0.21*L2 + 0.72*L3,-1*native_potential_evaporation_sum*1000,BLOCK_8.0D_R_v1
2024-07-15,1721001600000,1.517847345343658,0.1657815392995845,0.2146657785698627,0.2715414852076183,0.2521943906001272,281.8573814972748,8.707381497274717,-0.0032824615522616,-3.282461552261617,3.282461552261617,Razuhuillca_microcatchment,79.59237993166853,UCSB-CHG/CHIRPS/DAILY,ECMWF/ERA5_LAND/DAILY_AGGR,0.07*L1 + 0.21*L2 + 0.72*L3,-1*native_potential_evaporation_sum*1000,BLOCK_8.0D_R_v1
2024-07-16,1721088000000,0.7992341816425323,0.1639093057268617,0.2128106927596075,0.2708319919417129,0.2511629310784312,281.9393088280121,8.789308828012144,-0.0040689288191712,-4.0689288191712665,4.0689288191712665,Razuhuillca_microcatchment,79.59237993166853,UCSB-CHG/CHIRPS/DAILY,ECMWF/ERA5_LAND/DAILY_AGGR,0.07*L1 + 0.21*L2 + 0.72*L3,-1*native_potential_evaporation_sum*1000,BLOCK_8.0D_R_v1
2024-07-17,1721174400000,0.0,0.1599471766594976,0.2104719342064536,0.2699607047961166,0.249767116002724,281.4004731959231,8.250473195923124,-0.0044904636337577,-4.490463633757795,4.490463633757795,Razuhuillca_microcatchment,79.59237993166853,UCSB-CHG/CHIRPS/DAILY,ECMWF/ERA5_LAND/DAILY_AGGR,0.07*L1 + 0.21*L2 + 0.72*L3,-1*native_potential_evaporation_sum*1000,BLOCK_8.0D_R_v1
2024-07-18,1721260800000,0.0,0.1557195182021183,0.2079363549146118,0.2690024035973815,0.2482487313963314,280.8385647643278,7.688564764327876,-0.0044322303264816,-4.432230326481637,4.432230326481637,Razuhuillca_microcatchment,79.59237993166853,UCSB-CHG/CHIRPS/DAILY,ECMWF/ERA5_LAND/DAILY_AGGR,0.07*L1 + 0.21*L2 + 0.72*L3,-1*native_potential_evaporation_sum*1000,BLOCK_8.0D_R_v1
2024-07-19,1721347200000,0.0,0.1521287708613224,0.2054855148227228,0.2680369544350802,0.2467875792663221,281.01967093113075,7.869670931130741,-0.0044100151930241,-4.410015193024123,4.410015193024123,Razuhuillca_microcatchment,79.59237993166853,UCSB-CHG/CHIRPS/DAILY,ECMWF/ERA5_LAND/DAILY_AGGR,0.07*L1 + 0.21*L2 + 0.72*L3,-1*native_potential_evaporation_sum*1000,BLOCK_8.0D_R_v1
2024-07-20,1721433600000,0.0,0.149290852923384,0.2032574670163192,0.2671115448938858,0.2454547401016617,279.95316360635337,6.803163606353372,-0.0041232956196531,-4.123295619653139,4.123295619653139,Razuhuillca_microcatchment,79.59237993166853,UCSB-CHG/CHIRPS/DAILY,ECMWF/ERA5_LAND/DAILY_AGGR,0.07*L1 + 0.21*L2 + 0.72*L3,-1*native_potential_evaporation_sum*1000,BLOCK_8.0D_R_v1
2024-07-21,1721520000000,0.0,0.1473486611838515,0.2013932817933187,0.2662823370196686,0.2443302781136279,279.972456180521,6.822456180521069,-0.0039263370236909,-3.926337023690946,3.926337023690946,Razuhuillca_microcatchment,79.59237993166853,UCSB-CHG/CHIRPS/DAILY,ECMWF/ERA5_LAND/DAILY_AGGR,0.07*L1 + 0.21*L2 + 0.72*L3,-1*native_potential_evaporation_sum*1000,BLOCK_8.0D_R_v1
2024-07-22,1721606400000,0.0,0.1469525721261496,0.1997240577359649,0.2654986739847701,0.2433877774424176,280.0757794242374,6.9257794242374,-0.003694616516546,-3.694616516546018,3.694616516546018,Razuhuillca_microcatchment,79.59237993166853,UCSB-CHG/CHIRPS/DAILY,ECMWF/ERA5_LAND/DAILY_AGGR,0.07*L1 + 0.21*L2 + 0.72*L3,-1*native_potential_evaporation_sum*1000,BLOCK_8.0D_R_v1
2024-07-23,1721692800000,0.0,0.1499700674891242,0.1985571572776015,0.2648709431319338,0.2429019868075273,280.6426278226408,7.492627822640811,-0.0033615470966162,-3.3615470966162717,3.3615470966162717,Razuhuillca_microcatchment,79.59237993166853,UCSB-CHG/CHIRPS/DAILY,ECMWF/ERA5_LAND/DAILY_AGGR,0.07*L1 + 0.21*L2 + 0.72*L3,-1*native_potential_evaporation_sum*1000,BLOCK_8.0D_R_v1
2024-07-24,1721779200000,0.0,0.1493056192563448,0.1973732670837284,0.2642172039818442,0.2421361663024549,280.75586206513333,7.60586206513335,-0.0035154269954372,-3.5154269954372683,3.5154269954372683,Razuhuillca_microcatchment,79.59237993166853,UCSB-CHG/CHIRPS/DAILY,ECMWF/ERA5_LAND/DAILY_AGGR,0.07*L1 + 0.21*L2 + 0.72*L3,-1*native_potential_evaporation_sum*1000,BLOCK_8.0D_R_v1
2024-07-25,1721865600000,0.0,0.1475421964318306,0.1960561785394745,0.2635011360594761,0.2412205692063406,281.3156342589097,8.16563425890974,-0.003564818487691,-3.5648184876910527,3.5648184876910527,Razuhuillca_microcatchment,79.59237993166853,UCSB-CHG/CHIRPS/DAILY,ECMWF/ERA5_LAND/DAILY_AGGR,0.07*L1 + 0.21*L2 + 0.72*L3,-1*native_potential_evaporation_sum*1000,BLOCK_8.0D_R_v1
2024-07-26,1721952000000,0.0,0.1460068065077353,0.1947607690888333,0.2627815547935765,0.2403229574155715,281.9138120713721,8.763812071372108,-0.0038260133194096,-3.826013319409651,3.826013319409651,Razuhuillca_microcatchment,79.59237993166853,UCSB-CHG/CHIRPS/DAILY,ECMWF/ERA5_LAND/DAILY_AGGR,0.07*L1 + 0.21*L2 + 0.72*L3,-1*native_potential_evaporation_sum*1000,BLOCK_8.0D_R_v1
2024-07-27,1722038400000,0.0,0.1440356039587472,0.1931998963989963,0.2619419061149935,0.2392526429236968,282.0804695283747,8.930469528374676,-0.0040372477876657,-4.037247787665769,4.037247787665769,Razuhuillca_microcatchment,79.59237993166853,UCSB-CHG/CHIRPS/DAILY,ECMWF/ERA5_LAND/DAILY_AGGR,0.07*L1 + 0.21*L2 + 0.72*L3,-1*native_potential_evaporation_sum*1000,BLOCK_8.0D_R_v1
2024-07-28,1722124800000,0.0,0.14239460792615,0.1916576047393857,0.2610932278495304,0.2382028436017633,281.96120861913425,8.811208619134309,-0.0041628539389957,-4.162853938995758,4.162853938995758,Razuhuillca_microcatchment,79.59237993166853,UCSB-CHG/CHIRPS/DAILY,ECMWF/ERA5_LAND/DAILY_AGGR,0.07*L1 + 0.21*L2 + 0.72*L3,-1*native_potential_evaporation_sum*1000,BLOCK_8.0D_R_v1
2024-07-29,1722211200000,0.0,0.1412263477009385,0.1901834447489538,0.2602502275294192,0.2372045315575277,281.87536055504245,8.72536055504244,-0.0039180919441873,-3.918091944187362,3.918091944187362,Razuhuillca_microcatchment,79.59237993166853,UCSB-CHG/CHIRPS/DAILY,ECMWF/ERA5_LAND/DAILY_AGGR,0.07*L1 + 0.21*L2 + 0.72*L3,-1*native_potential_evaporation_sum*1000,BLOCK_8.0D_R_v1
2024-07-30,1722297600000,0.0,0.1406798941551605,0.1890322771605269,0.2595275592252698,0.2364042134367661,281.6222590150631,8.472259015063118,-0.0035381952376034,-3.53819523760349,3.53819523760349,Razuhuillca_microcatchment,79.59237993166853,UCSB-CHG/CHIRPS/DAILY,ECMWF/ERA5_LAND/DAILY_AGGR,0.07*L1 + 0.21*L2 + 0.72*L3,-1*native_potential_evaporation_sum*1000,BLOCK_8.0D_R_v1
2024-07-31,1722384000000,0.0,0.1412448515552087,0.1880886687938418,0.2588827945363773,0.2357813721217631,281.79331373019943,8.643313730199475,-0.0036515125391111,-3.65151253911112,3.65151253911112,Razuhuillca_microcatchment,79.59237993166853,UCSB-CHG/CHIRPS/DAILY,ECMWF/ERA5_LAND/DAILY_AGGR,0.07*L1 + 0.21*L2 + 0.72*L3,-1*native_potential_evaporation_sum*1000,BLOCK_8.0D_R_v1
2024-08-01,1722470400000,0.0,0.1419416585639262,0.1871104892738062,0.2582089087866634,0.2351395331733718,282.1721852510191,9.02218525101916,-0.0037035948968347,-3.703594896834709,3.703594896834709,Razuhuillca_microcatchment,79.59237993166853,UCSB-CHG/CHIRPS/DAILY,ECMWF/ERA5_LAND/DAILY_AGGR,0.07*L1 + 0.21*L2 + 0.72*L3,-1*native_potential_evaporation_sum*1000,BLOCK_8.0D_R_v1
2024-08-02,1722556800000,0.0,0.143057707417218,0.1860755008998863,0.257490661562293,0.2344831710330323,282.4231912432838,9.273191243283812,-0.0043283867181381,-4.328386718138105,4.328386718138105,Razuhuillca_microcatchment,79.59237993166853,UCSB-CHG/CHIRPS/DAILY,ECMWF/ERA5_LAND/DAILY_AGGR,0.07*L1 + 0.21*L2 + 0.72*L3,-1*native_potential_evaporation_sum*1000,BLOCK_8.0D_R_v1
2024-08-03,1722643200000,0.0,0.1439295384695534,0.1848835403060178,0.2566827983525446,0.2337122259709646,282.1160571662447,8.966057166244731,-0.0039521782642844,-3.952178264284409,3.952178264284409,Razuhuillca_microcatchment,79.59237993166853,UCSB-CHG/CHIRPS/DAILY,ECMWF/ERA5_LAND/DAILY_AGGR,0.07*L1 + 0.21*L2 + 0.72*L3,-1*native_potential_evaporation_sum*1000,BLOCK_8.0D_R_v1
2024-08-04,1722729600000,0.0,0.1486138213346918,0.1841400124434101,0.2560638067579912,0.2334383109722982,281.1918032026934,8.041803202693414,-0.0038837491173964,-3.8837491173964698,3.8837491173964698,Razuhuillca_microcatchment,79.59237993166853,UCSB-CHG/CHIRPS/DAILY,ECMWF/ERA5_LAND/DAILY_AGGR,0.07*L1 + 0.21*L2 + 0.72*L3,-1*native_potential_evaporation_sum*1000,BLOCK_8.0D_R_v1
2024-08-05,1722816000000,0.0,0.1682025012712717,0.1835920815293269,0.2554933478147767,0.2342837226367869,281.4732575830007,8.323257583000766,-0.0038346650800263,-3.8346650800263946,3.8346650800263946,Razuhuillca_microcatchment,79.59237993166853,UCSB-CHG/CHIRPS/DAILY,ECMWF/ERA5_LAND/DAILY_AGGR,0.07*L1 + 0.21*L2 + 0.72*L3,-1*native_potential_evaporation_sum*1000,BLOCK_8.0D_R_v1
2024-08-06,1722902400000,0.0,0.1812854759495611,0.1833966352576695,0.2550261135505573,0.2348220784769812,281.4023829223103,8.252382922310373,-0.0042342618107795,-4.234261810779572,4.234261810779572,Razuhuillca_microcatchment,79.59237993166853,UCSB-CHG/CHIRPS/DAILY,ECMWF/ERA5_LAND/DAILY_AGGR,0.07*L1 + 0.21*L2 + 0.72*L3,-1*native_potential_evaporation_sum*1000,BLOCK_8.0D_R_v1
2024-08-07,1722988800000,0.0,0.1836091006652009,0.1831003567616604,0.2544800569096971,0.2345293529414946,280.9728810488604,7.822881048860384,-0.0044318999169189,-4.431899916918981,4.431899916918981,Razuhuillca_microcatchment,79.59237993166853,UCSB-CHG/CHIRPS/DAILY,ECMWF/ERA5_LAND/DAILY_AGGR,0.07*L1 + 0.21*L2 + 0.72*L3,-1*native_potential_evaporation_sum*1000,BLOCK_8.0D_R_v1
2024-08-08,1723075200000,0.0,0.1760078606577967,0.1824081472349074,0.253768821672208,0.2333398127693661,281.1693827274448,8.019382727444782,-0.0039413707879926,-3.941370787992643,3.941370787992643,Razuhuillca_microcatchment,79.59237993166853,UCSB-CHG/CHIRPS/DAILY,ECMWF/ERA5_LAND/DAILY_AGGR,0.07*L1 + 0.21*L2 + 0.72*L3,-1*native_potential_evaporation_sum*1000,BLOCK_8.0D_R_v1
2024-08-09,1723161600000,0.0,0.1757782180874333,0.1820645378274494,0.253250276422225,0.2328782272338866,281.4711837107046,8.321183710704656,-0.0037502019391583,-3.750201939158357,3.750201939158357,Razuhuillca_microcatchment,79.59237993166853,UCSB-CHG/CHIRPS/DAILY,ECMWF/ERA5_LAND/DAILY_AGGR,0.07*L1 + 0.21*L2 + 0.72*L3,-1*native_potential_evaporation_sum*1000,BLOCK_8.0D_R_v1
2024-08-10,1723248000000,0.0,0.1780404107419052,0.181829353288419,0.2527801829725791,0.2326487246827582,282.3126293469026,9.16262934690267,-0.0040677872007292,-4.067787200729282,4.067787200729282,Razuhuillca_microcatchment,79.59237993166853,UCSB-CHG/CHIRPS/DAILY,ECMWF/ERA5_LAND/DAILY_AGGR,0.07*L1 + 0.21*L2 + 0.72*L3,-1*native_potential_evaporation_sum*1000,BLOCK_8.0D_R_v1
2024-08-11,1723334400000,0.0,0.1736848827501712,0.1811622406476265,0.2520975101889902,0.2317122196645865,282.23467080074005,9.084670800740124,-0.0044730087322306,-4.473008732230677,4.473008732230677,Razuhuillca_microcatchment,79.59237993166853,UCSB-CHG/CHIRPS/DAILY,ECMWF/ERA5_LAND/DAILY_AGGR,0.07*L1 + 0.21*L2 + 0.72*L3,-1*native_potential_evaporation_sum*1000,BLOCK_8.0D_R_v1
2024-08-12,1723420800000,0.0,0.1729358533443972,0.1805705619914913,0.251470110090252,0.2310838070173023,281.03269294047857,7.882692940478633,-0.0038493193815209,-3.8493193815209272,3.8493193815209272,Razuhuillca_microcatchment,79.59237993166853,UCSB-CHG/CHIRPS/DAILY,ECMWF/ERA5_LAND/DAILY_AGGR,0.07*L1 + 0.21*L2 + 0.72*L3,-1*native_potential_evaporation_sum*1000,BLOCK_8.0D_R_v1
2024-08-13,1723507200000,0.0,0.1732822704866442,0.1803538482313211,0.2510270355753816,0.2307435326769172,281.0273599018251,7.877359901825148,-0.0037075870298925,-3.7075870298925846,3.7075870298925846,Razuhuillca_microcatchment,79.59237993166853,UCSB-CHG/CHIRPS/DAILY,ECMWF/ERA5_LAND/DAILY_AGGR,0.07*L1 + 0.21*L2 + 0.72*L3,-1*native_potential_evaporation_sum*1000,BLOCK_8.0D_R_v1
2024-08-14,1723593600000,0.0,0.1675734804774525,0.1798542662163001,0.2504578408478312,0.2298291849492832,281.59663286374484,8.446632863744856,-0.004195324387509,-4.195324387509009,4.195324387509009,Razuhuillca_microcatchment,79.59237993166853,UCSB-CHG/CHIRPS/DAILY,ECMWF/ERA5_LAND/DAILY_AGGR,0.07*L1 + 0.21*L2 + 0.72*L3,-1*native_potential_evaporation_sum*1000,BLOCK_8.0D_R_v1
2024-08-15,1723680000000,0.0,0.1607292925002257,0.1790717056950622,0.2497553264933973,0.228679943746225,281.2395330881108,8.089533088110798,-0.0046750643866599,-4.675064386659964,4.675064386659964,Razuhuillca_microcatchment,79.59237993166853,UCSB-CHG/CHIRPS/DAILY,ECMWF/ERA5_LAND/DAILY_AGGR,0.07*L1 + 0.21*L2 + 0.72*L3,-1*native_potential_evaporation_sum*1000,BLOCK_8.0D_R_v1
2024-08-16,1723766400000,0.0,0.1540991281498374,0.1780853050981642,0.2489586280719853,0.2274350652529325,281.3788457514004,8.228845751400419,-0.0048706202493237,-4.870620249323762,4.870620249323762,Razuhuillca_microcatchment,79.59237993166853,UCSB-CHG/CHIRPS/DAILY,ECMWF/ERA5_LAND/DAILY_AGGR,0.07*L1 + 0.21*L2 + 0.72*L3,-1*native_potential_evaporation_sum*1000,BLOCK_8.0D_R_v1
2024-08-17,1723852800000,0.0,0.1487483941521029,0.1770545467016554,0.2481433008447547,0.2262570190062182,281.1510542463475,8.001054246347545,-0.0046342232323795,-4.634223232379538,4.634223232379538,Razuhuillca_microcatchment,79.59237993166853,UCSB-CHG/CHIRPS/DAILY,ECMWF/ERA5_LAND/DAILY_AGGR,0.07*L1 + 0.21*L2 + 0.72*L3,-1*native_potential_evaporation_sum*1000,BLOCK_8.0D_R_v1
2024-08-18,1723939200000,0.0,0.1448659841724902,0.1760971789644862,0.2473596341348107,0.2252199630516801,281.27961484728985,8.12961484728983,-0.0047897365310288,-4.789736531028858,4.789736531028858,Razuhuillca_microcatchment,79.59237993166853,UCSB-CHG/CHIRPS/DAILY,ECMWF/ERA5_LAND/DAILY_AGGR,0.07*L1 + 0.21*L2 + 0.72*L3,-1*native_potential_evaporation_sum*1000,BLOCK_8.0D_R_v1
2024-08-19,1724025600000,0.0,0.1417707762966266,0.1751201387085666,0.246560322756023,0.2242226158538994,281.66083040035306,8.510830400353028,-0.0043807479773642,-4.38074797736427,4.38074797736427,Razuhuillca_microcatchment,79.59237993166853,UCSB-CHG/CHIRPS/DAILY,ECMWF/ERA5_LAND/DAILY_AGGR,0.07*L1 + 0.21*L2 + 0.72*L3,-1*native_potential_evaporation_sum*1000,BLOCK_8.0D_R_v1
2024-08-20,1724112000000,0.0,0.1397942045061115,0.1743527156998885,0.2458763012307228,0.2234306014985247,282.0050824593487,8.855082459348738,-0.0039098882950799,-3.909888295079932,3.909888295079932,Razuhuillca_microcatchment,79.59237993166853,UCSB-CHG/CHIRPS/DAILY,ECMWF/ERA5_LAND/DAILY_AGGR,0.07*L1 + 0.21*L2 + 0.72*L3,-1*native_potential_evaporation_sum*1000,BLOCK_8.0D_R_v1
2024-08-21,1724198400000,0.021765286235937,0.1386282191340863,0.1736669779283233,0.2452355239662361,0.2227436179600239,282.81917218849605,9.669172188496107,-0.004527471141319,-4.527471141319054,4.527471141319054,Razuhuillca_microcatchment,79.59237993166853,UCSB-CHG/CHIRPS/DAILY,ECMWF/ERA5_LAND/DAILY_AGGR,0.07*L1 + 0.21*L2 + 0.72*L3,-1*native_potential_evaporation_sum*1000,BLOCK_8.0D_R_v1
2024-08-22,1724284800000,0.0,0.1365018818879173,0.1726950496607433,0.2444038170610548,0.2217918404448698,283.83626015429775,10.686260154297829,-0.0050679365162215,-5.067936516221547,5.067936516221547,Razuhuillca_microcatchment,79.59237993166853,UCSB-CHG/CHIRPS/DAILY,ECMWF/ERA5_LAND/DAILY_AGGR,0.07*L1 + 0.21*L2 + 0.72*L3,-1*native_potential_evaporation_sum*1000,BLOCK_8.0D_R_v1
2024-08-23,1724371200000,0.3745355841570668,0.1344821025870439,0.1715900884198315,0.2434645011475549,0.2207421065754973,284.000114521769,10.850114521769004,-0.005069830471036,-5.069830471036061,5.069830471036061,Razuhuillca_microcatchment,79.59237993166853,UCSB-CHG/CHIRPS/DAILY,ECMWF/ERA5_LAND/DAILY_AGGR,0.07*L1 + 0.21*L2 + 0.72*L3,-1*native_potential_evaporation_sum*1000,BLOCK_8.0D_R_v1
2024-08-24,1724457600000,1.5453601883990429,0.1329996259685656,0.1706721355460282,0.242626307787004,0.2198420638891083,282.9740905614717,9.824090561471705,-0.0044801343296993,-4.480134329699367,4.480134329699367,Razuhuillca_microcatchment,79.59237993166853,UCSB-CHG/CHIRPS/DAILY,ECMWF/ERA5_LAND/DAILY_AGGR,0.07*L1 + 0.21*L2 + 0.72*L3,-1*native_potential_evaporation_sum*1000,BLOCK_8.0D_R_v1
2024-08-25,1724544000000,1.9766704530588215,0.1338288816183748,0.1700516408578508,0.2419825684358159,0.2193063155672223,282.939782820685,9.789782820685067,-0.0045623800399675,-4.562380039967553,4.562380039967553,Razuhuillca_microcatchment,79.59237993166853,UCSB-CHG/CHIRPS/DAILY,ECMWF/ERA5_LAND/DAILY_AGGR,0.07*L1 + 0.21*L2 + 0.72*L3,-1*native_potential_evaporation_sum*1000,BLOCK_8.0D_R_v1
2024-08-26,1724630400000,0.6750631550593035,0.1456302797174177,0.1697755199866028,0.2415636426451578,0.2197728014819194,282.40627056922983,9.25627056922987,-0.0038405383339507,-3.840538333950704,3.840538333950704,Razuhuillca_microcatchment,79.59237993166853,UCSB-CHG/CHIRPS/DAILY,ECMWF/ERA5_LAND/DAILY_AGGR,0.07*L1 + 0.21*L2 + 0.72*L3,-1*native_potential_evaporation_sum*1000,BLOCK_8.0D_R_v1
2024-08-27,1724716800000,0.9377623399098712,0.1559128917480939,0.1697005159822732,0.2412358065331372,0.2202407914825027,282.8194355018336,9.66943550183365,-0.0047476811905127,-4.747681190512772,4.747681190512772,Razuhuillca_microcatchment,79.59237993166853,UCSB-CHG/CHIRPS/DAILY,ECMWF/ERA5_LAND/DAILY_AGGR,0.07*L1 + 0.21*L2 + 0.72*L3,-1*native_potential_evaporation_sum*1000,BLOCK_8.0D_R_v1
2024-08-28,1724803200000,0.7013600690379029,0.1545546794443001,0.1693734847052248,0.2407153098339749,0.2197022824296602,282.0889701622759,8.938970162275934,-0.0041944667524685,-4.194466752468506,4.194466752468506,Razuhuillca_microcatchment,79.59237993166853,UCSB-CHG/CHIRPS/DAILY,ECMWF/ERA5_LAND/DAILY_AGGR,0.07*L1 + 0.21*L2 + 0.72*L3,-1*native_potential_evaporation_sum*1000,BLOCK_8.0D_R_v1
2024-08-29,1724889600000,0.1232751365640156,0.1517412593598999,0.1690157925232757,0.2401790618896483,0.2190441291456277,282.1468871746908,8.996887174690858,-0.0046251120336482,-4.625112033648298,4.625112033648298,Razuhuillca_microcatchment,79.59237993166853,UCSB-CHG/CHIRPS/DAILY,ECMWF/ERA5_LAND/DAILY_AGGR,0.07*L1 + 0.21*L2 + 0.72*L3,-1*native_potential_evaporation_sum*1000,BLOCK_8.0D_R_v1
2024-08-30,1724976000000,3.3003038689494133,0.1510340960728639,0.1686397140885134,0.2396336998323943,0.2185229905630122,281.829063547829,8.679063547829017,-0.0043662548323587,-4.366254832358719,4.366254832358719,Razuhuillca_microcatchment,79.59237993166853,UCSB-CHG/CHIRPS/DAILY,ECMWF/ERA5_LAND/DAILY_AGGR,0.07*L1 + 0.21*L2 + 0.72*L3,-1*native_potential_evaporation_sum*1000,BLOCK_8.0D_R_v1
2024-08-31,1725062400000,0.4577004153370148,0.1552210607510311,0.1684630583246778,0.239237085243181,0.2184934178758448,282.1706284466047,9.020628446604714,-0.0045832520447714,-4.583252044771449,4.583252044771449,Razuhuillca_microcatchment,79.59237993166853,UCSB-CHG/CHIRPS/DAILY,ECMWF/ERA5_LAND/DAILY_AGGR,0.07*L1 + 0.21*L2 + 0.72*L3,-1*native_potential_evaporation_sum*1000,BLOCK_8.0D_R_v1
2024-09-01,1725148800000,0.0,0.1662779828257184,0.1683370446883185,0.238852337376001,0.2189639210930678,281.72111543570867,8.571115435708707,-0.00451254289102,-4.51254289102003,4.51254289102003,Razuhuillca_microcatchment,79.59237993166853,UCSB-CHG/CHIRPS/DAILY,ECMWF/ERA5_LAND/DAILY_AGGR,0.07*L1 + 0.21*L2 + 0.72*L3,-1*native_potential_evaporation_sum*1000,BLOCK_8.0D_R_v1
2024-09-02,1725235200000,0.0,0.2031507547191113,0.1689392449998212,0.238716886222707,0.2215739523606493,281.06156116551745,7.911561165517502,-0.0027919403045852,-2.791940304585274,2.791940304585274,Razuhuillca_microcatchment,79.59237993166853,UCSB-CHG/CHIRPS/DAILY,ECMWF/ERA5_LAND/DAILY_AGGR,0.07*L1 + 0.21*L2 + 0.72*L3,-1*native_potential_evaporation_sum*1000,BLOCK_8.0D_R_v1
2024-09-03,1725321600000,0.0,0.2247614116337946,0.1711025973046216,0.2386116035182122,0.2234651987814489,281.7906419316698,8.640641931669828,-0.0036407429186594,-3.640742918659497,3.640742918659497,Razuhuillca_microcatchment,79.59237993166853,UCSB-CHG/CHIRPS/DAILY,ECMWF/ERA5_LAND/DAILY_AGGR,0.07*L1 + 0.21*L2 + 0.72*L3,-1*native_potential_evaporation_sum*1000,BLOCK_8.0D_R_v1
2024-09-04,1725408000000,0.0,0.2097025266731865,0.1721956477229535,0.2382092815832825,0.2223509456289067,282.6051151260935,9.45511512609347,-0.004952277880528,-4.952277880528071,4.952277880528071,Razuhuillca_microcatchment,79.59237993166853,UCSB-CHG/CHIRPS/DAILY,ECMWF/ERA5_LAND/DAILY_AGGR,0.07*L1 + 0.21*L2 + 0.72*L3,-1*native_potential_evaporation_sum*1000,BLOCK_8.0D_R_v1
2024-09-05,1725494400000,0.0,0.1964375821152174,0.1722821105192621,0.2376511707930665,0.2210387169281182,282.5834244377121,9.433424437712166,-0.0046950480066282,-4.69504800662829,4.69504800662829,Razuhuillca_microcatchment,79.59237993166853,UCSB-CHG/CHIRPS/DAILY,ECMWF/ERA5_LAND/DAILY_AGGR,0.07*L1 + 0.21*L2 + 0.72*L3,-1*native_potential_evaporation_sum*1000,BLOCK_8.0D_R_v1
2024-09-06,1725580800000,0.0,0.1990143917429194,0.1725046088011048,0.2372618842446505,0.2209855319263848,282.6560594672642,9.506059467264242,-0.0047298805045254,-4.7298805045254655,4.7298805045254655,Razuhuillca_microcatchment,79.59237993166853,UCSB-CHG/CHIRPS/DAILY,ECMWF/ERA5_LAND/DAILY_AGGR,0.07*L1 + 0.21*L2 + 0.72*L3,-1*native_potential_evaporation_sum*1000,BLOCK_8.0D_R_v1
2024-09-07,1725667200000,0.0,0.1959281987537538,0.1727495542610771,0.2368471884314035,0.2205223559781995,282.37034669409366,9.220346694093688,-0.0050829145088361,-5.082914508836118,5.082914508836118,Razuhuillca_microcatchment,79.59237993166853,UCSB-CHG/CHIRPS/DAILY,ECMWF/ERA5_LAND/DAILY_AGGR,0.07*L1 + 0.21*L2 + 0.72*L3,-1*native_potential_evaporation_sum*1000,BLOCK_8.0D_R_v1
2024-09-08,1725753600000,0.0,0.1887827930193186,0.1726823156279635,0.2363556143406039,0.2196541241184594,282.4800519189853,9.330051918985331,-0.0051087533376809,-5.108753337680949,5.108753337680949,Razuhuillca_microcatchment,79.59237993166853,UCSB-CHG/CHIRPS/DAILY,ECMWF/ERA5_LAND/DAILY_AGGR,0.07*L1 + 0.21*L2 + 0.72*L3,-1*native_potential_evaporation_sum*1000,BLOCK_8.0D_R_v1
2024-09-09,1725840000000,0.0,0.1789407785228222,0.1722766420515056,0.2357971213456523,0.2184778766962833,282.7186273049297,9.568627304929768,-0.0049881890330011,-4.988189033001144,4.988189033001144,Razuhuillca_microcatchment,79.59237993166853,UCSB-CHG/CHIRPS/DAILY,ECMWF/ERA5_LAND/DAILY_AGGR,0.07*L1 + 0.21*L2 + 0.72*L3,-1*native_potential_evaporation_sum*1000,BLOCK_8.0D_R_v1
2024-09-10,1725926400000,0.0,0.1757773948772334,0.1719313310979648,0.2353151905743372,0.2178369343855018,282.8989470303632,9.748947030363308,-0.0054400080459655,-5.440008045965537,5.440008045965537,Razuhuillca_microcatchment,79.59237993166853,UCSB-CHG/CHIRPS/DAILY,ECMWF/ERA5_LAND/DAILY_AGGR,0.07*L1 + 0.21*L2 + 0.72*L3,-1*native_potential_evaporation_sum*1000,BLOCK_8.0D_R_v1
2024-09-11,1726012800000,0.0858343870315279,0.1661690618261436,0.1711728605002107,0.2346325618912948,0.2165135795946066,283.42398255408835,10.273982554088448,-0.0056977949045986,-5.697794904598611,5.697794904598611,Razuhuillca_microcatchment,79.59237993166853,UCSB-CHG/CHIRPS/DAILY,ECMWF/ERA5_LAND/DAILY_AGGR,0.07*L1 + 0.21*L2 + 0.72*L3,-1*native_potential_evaporation_sum*1000,BLOCK_8.0D_R_v1
2024-09-12,1726099200000,1.2367570300896964,0.158615953890115,0.1702816729830409,0.233902922025765,0.2152723719572974,282.851251131767,9.701251131767032,-0.005210233863034,-5.210233863034,5.210233863034,Razuhuillca_microcatchment,79.59237993166853,UCSB-CHG/CHIRPS/DAILY,ECMWF/ERA5_LAND/DAILY_AGGR,0.07*L1 + 0.21*L2 + 0.72*L3,-1*native_potential_evaporation_sum*1000,BLOCK_8.0D_R_v1
2024-09-13,1726185600000,3.98212597022454,0.1589832489660479,0.1696105030919775,0.2333082114570632,0.2147289453260241,283.38543148812533,10.235431488125323,-0.005303688734942,-5.303688734942088,5.303688734942088,Razuhuillca_microcatchment,79.59237993166853,UCSB-CHG/CHIRPS/DAILY,ECMWF/ERA5_LAND/DAILY_AGGR,0.07*L1 + 0.21*L2 + 0.72*L3,-1*native_potential_evaporation_sum*1000,BLOCK_8.0D_R_v1
2024-09-14,1726272000000,1.726344749686264,0.1633429113840092,0.1690449760598713,0.2327631764788618,0.2145229358342341,283.431846107821,10.28184610782105,-0.004891420375405,-4.891420375405019,4.891420375405019,Razuhuillca_microcatchment,79.59237993166853,UCSB-CHG/CHIRPS/DAILY,ECMWF/ERA5_LAND/DAILY_AGGR,0.07*L1 + 0.21*L2 + 0.72*L3,-1*native_potential_evaporation_sum*1000,BLOCK_8.0D_R_v1
2024-09-15,1726358400000,0.3392985819705895,0.1680242909631747,0.168828295375111,0.2324353954925242,0.214569127150813,283.0111769196614,9.861176919661512,-0.004198186960868,-4.198186960868062,4.198186960868062,Razuhuillca_microcatchment,79.59237993166853,UCSB-CHG/CHIRPS/DAILY,ECMWF/ERA5_LAND/DAILY_AGGR,0.07*L1 + 0.21*L2 + 0.72*L3,-1*native_potential_evaporation_sum*1000,BLOCK_8.0D_R_v1
2024-09-16,1726444800000,1.678659265949613,0.1818506318020682,0.1689147691965562,0.2322562186474515,0.2154261231835866,282.2223873505932,9.072387350593251,-0.0039160789954179,-3.916078995417997,3.916078995417997,Razuhuillca_microcatchment,79.59237993166853,UCSB-CHG/CHIRPS/DAILY,ECMWF/ERA5_LAND/DAILY_AGGR,0.07*L1 + 0.21*L2 + 0.72*L3,-1*native_potential_evaporation_sum*1000,BLOCK_8.0D_R_v1
2024-09-17,1726531200000,0.0,0.2058657901594863,0.1694360744057363,0.2321232775502581,0.2171209407725545,282.4337492081012,9.283749208101218,-0.0042110070844606,-4.211007084460617,4.211007084460617,Razuhuillca_microcatchment,79.59237993166853,UCSB-CHG/CHIRPS/DAILY,ECMWF/ERA5_LAND/DAILY_AGGR,0.07*L1 + 0.21*L2 + 0.72*L3,-1*native_potential_evaporation_sum*1000,BLOCK_8.0D_R_v1
2024-09-18,1726617600000,0.0,0.2094449096562086,0.1702514898340596,0.2319578453754873,0.2174236052114379,283.1370298646548,9.98702986465484,-0.004814047474048,-4.814047474048041,4.814047474048041,Razuhuillca_microcatchment,79.59237993166853,UCSB-CHG/CHIRPS/DAILY,ECMWF/ERA5_LAND/DAILY_AGGR,0.07*L1 + 0.21*L2 + 0.72*L3,-1*native_potential_evaporation_sum*1000,BLOCK_8.0D_R_v1
2024-09-19,1726704000000,0.0,0.2038590131697167,0.1707131564042931,0.2316634007272003,0.216917542290366,283.1490017040157,9.999001704015733,-0.0045301748838038,-4.53017488380388,4.53017488380388,Razuhuillca_microcatchment,79.59237993166853,UCSB-CHG/CHIRPS/DAILY,ECMWF/ERA5_LAND/DAILY_AGGR,0.07*L1 + 0.21*L2 + 0.72*L3,-1*native_potential_evaporation_sum*1000,BLOCK_8.0D_R_v1
2024-09-20,1726790400000,0.0,0.1980632752582057,0.1709479366883147,0.2313379313445044,0.2163268065406637,283.59245441414714,10.442454414147182,-0.0052790612499148,-5.279061249914885,5.279061249914885,Razuhuillca_microcatchment,79.59237993166853,UCSB-CHG/CHIRPS/DAILY,ECMWF/ERA5_LAND/DAILY_AGGR,0.07*L1 + 0.21*L2 + 0.72*L3,-1*native_potential_evaporation_sum*1000,BLOCK_8.0D_R_v1
2024-09-21,1726876800000,0.0,0.1910513912781584,0.1708544766053069,0.2309393873563851,0.2155293963731828,283.00272292208814,9.852722922088128,-0.0046026849677797,-4.602684967779701,4.602684967779701,Razuhuillca_microcatchment,79.59237993166853,UCSB-CHG/CHIRPS/DAILY,ECMWF/ERA5_LAND/DAILY_AGGR,0.07*L1 + 0.21*L2 + 0.72*L3,-1*native_potential_evaporation_sum*1000,BLOCK_8.0D_R_v1
2024-09-22,1726963200000,0.0,0.1934986886261515,0.1710417532507394,0.2306769339794827,0.2155510688517134,283.117847446302,9.967847446302011,-0.0051617456998439,-5.16174569984392,5.16174569984392,Razuhuillca_microcatchment,79.59237993166853,UCSB-CHG/CHIRPS/DAILY,ECMWF/ERA5_LAND/DAILY_AGGR,0.07*L1 + 0.21*L2 + 0.72*L3,-1*native_potential_evaporation_sum*1000,BLOCK_8.0D_R_v1
2024-09-23,1727049600000,0.0,0.1842800978291241,0.1708629255349925,0.2302324482471267,0.2145481839483184,283.5057085842066,10.355708584206663,-0.0056659158513036,-5.665915851303607,5.665915851303607,Razuhuillca_microcatchment,79.59237993166853,UCSB-CHG/CHIRPS/DAILY,ECMWF/ERA5_LAND/DAILY_AGGR,0.07*L1 + 0.21*L2 + 0.72*L3,-1*native_potential_evaporation_sum*1000,BLOCK_8.0D_R_v1
2024-09-24,1727136000000,0.0,0.1722306304814039,0.1701838469459372,0.2296098110074023,0.2131138159176747,283.3275451586655,10.177545158665554,-0.005555335066222,-5.5553350662220415,5.5553350662220415,Razuhuillca_microcatchment,79.59237993166853,UCSB-CHG/CHIRPS/DAILY,ECMWF/ERA5_LAND/DAILY_AGGR,0.07*L1 + 0.21*L2 + 0.72*L3,-1*native_potential_evaporation_sum*1000,BLOCK_8.0D_R_v1
2024-09-25,1727222400000,0.0,0.1671289690197777,0.1695382994723457,0.2290516009909569,0.212219223434066,283.8382790332125,10.688279033212543,-0.0056889280676841,-5.688928067684174,5.688928067684174,Razuhuillca_microcatchment,79.59237993166853,UCSB-CHG/CHIRPS/DAILY,ECMWF/ERA5_LAND/DAILY_AGGR,0.07*L1 + 0.21*L2 + 0.72*L3,-1*native_potential_evaporation_sum*1000,BLOCK_8.0D_R_v1
2024-09-26,1727308800000,0.0,0.1610960546945561,0.1687837758734965,0.2284441894648851,0.2112011331767705,284.0594053139806,10.909405313980631,-0.0053914472719148,-5.39144727191484,5.39144727191484,Razuhuillca_microcatchment,79.59237993166853,UCSB-CHG/CHIRPS/DAILY,ECMWF/ERA5_LAND/DAILY_AGGR,0.07*L1 + 0.21*L2 + 0.72*L3,-1*native_potential_evaporation_sum*1000,BLOCK_8.0D_R_v1
2024-09-27,1727395200000,0.0,0.1603351181412478,0.1681506721040876,0.227924023519821,0.2106403963460168,283.5755566025515,10.425556602551564,-0.0051418930033727,-5.141893003372788,5.141893003372788,Razuhuillca_microcatchment,79.59237993166853,UCSB-CHG/CHIRPS/DAILY,ECMWF/ERA5_LAND/DAILY_AGGR,0.07*L1 + 0.21*L2 + 0.72*L3,-1*native_potential_evaporation_sum*1000,BLOCK_8.0D_R_v1
2024-09-28,1727481600000,0.0,0.2186161511665594,0.1683706970802851,0.227614364183018,0.2145433191802919,282.7129617150808,9.562961715080856,-0.0036384951689339,-3.638495168933978,3.638495168933978,Razuhuillca_microcatchment,79.59237993166853,UCSB-CHG/CHIRPS/DAILY,ECMWF/ERA5_LAND/DAILY_AGGR,0.07*L1 + 0.21*L2 + 0.72*L3,-1*native_potential_evaporation_sum*1000,BLOCK_8.0D_R_v1
2024-09-29,1727568000000,0.0,0.2579159782571369,0.1722938853651572,0.2275489924730363,0.2180711089852687,282.58204360182805,9.43204360182808,-0.0050536162849795,-5.053616284979561,5.053616284979561,Razuhuillca_microcatchment,79.59237993166853,UCSB-CHG/CHIRPS/DAILY,ECMWF/ERA5_LAND/DAILY_AGGR,0.07*L1 + 0.21*L2 + 0.72*L3,-1*native_potential_evaporation_sum*1000,BLOCK_8.0D_R_v1
2024-09-30,1727654400000,14.820820006586256,0.2468095790444081,0.1752336939405613,0.2273631601204991,0.2177772215473858,282.7877696998317,9.63776969983172,-0.0039477953848811,-3.947795384881124,3.947795384881124,Razuhuillca_microcatchment,79.59237993166853,UCSB-CHG/CHIRPS/DAILY,ECMWF/ERA5_LAND/DAILY_AGGR,0.07*L1 + 0.21*L2 + 0.72*L3,-1*native_potential_evaporation_sum*1000,BLOCK_8.0D_R_v1
2024-10-01,1727740800000,11.53927177687486,0.2548405017007522,0.1786715557120438,0.2272463781985244,0.2189772541215194,283.5183602371657,10.368360237165705,-0.0053560744131231,-5.356074413123158,5.356074413123158,Razuhuillca_microcatchment,79.59237993166853,UCSB-CHG/CHIRPS/DAILY,ECMWF/ERA5_LAND/DAILY_AGGR,0.07*L1 + 0.21*L2 + 0.72*L3,-1*native_potential_evaporation_sum*1000,BLOCK_8.0D_R_v1
2024-10-02,1727827200000,4.000183648651555,0.239909467899271,0.1807001845225662,0.2269408973884949,0.2181381476224043,284.5130036635206,11.363003663520626,-0.0053994914441439,-5.399491444143945,5.399491444143945,Razuhuillca_microcatchment,79.59237993166853,UCSB-CHG/CHIRPS/DAILY,ECMWF/ERA5_LAND/DAILY_AGGR,0.07*L1 + 0.21*L2 + 0.72*L3,-1*native_potential_evaporation_sum*1000,BLOCK_8.0D_R_v1
2024-10-03,1727913600000,0.2886962391036962,0.2377220734465788,0.1823448335504256,0.2266835743751599,0.218145133736965,283.6306949277374,10.480694927737469,-0.0047644496911522,-4.764449691152297,4.764449691152297,Razuhuillca_microcatchment,79.59237993166853,UCSB-CHG/CHIRPS/DAILY,ECMWF/ERA5_LAND/DAILY_AGGR,0.07*L1 + 0.21*L2 + 0.72*L3,-1*native_potential_evaporation_sum*1000,BLOCK_8.0D_R_v1
2024-10-04,1728000000000,0.0,0.2296391672711381,0.1837984720865885,0.2264958824495818,0.2177494562108622,283.6200750200276,10.47007502002755,-0.005131503793201,-5.131503793201005,5.131503793201005,Razuhuillca_microcatchment,79.59237993166853,UCSB-CHG/CHIRPS/DAILY,ECMWF/ERA5_LAND/DAILY_AGGR,0.07*L1 + 0.21*L2 + 0.72*L3,-1*native_potential_evaporation_sum*1000,BLOCK_8.0D_R_v1
2024-10-05,1728086400000,4.937424926175959,0.2275051234544816,0.1846299217385823,0.2262879116227402,0.2176249385752889,282.9992110522496,9.849211052249656,-0.0047865495774787,-4.786549577478728,4.786549577478728,Razuhuillca_microcatchment,79.59237993166853,UCSB-CHG/CHIRPS/DAILY,ECMWF/ERA5_LAND/DAILY_AGGR,0.07*L1 + 0.21*L2 + 0.72*L3,-1*native_potential_evaporation_sum*1000,BLOCK_8.0D_R_v1
2024-10-06,1728172800000,0.0,0.2495645769299339,0.1868868627529842,0.2261836579309952,0.2195679952735386,282.48692851351404,9.336928513514067,-0.0050987972517234,-5.098797251723405,5.098797251723405,Razuhuillca_microcatchment,79.59237993166853,UCSB-CHG/CHIRPS/DAILY,ECMWF/ERA5_LAND/DAILY_AGGR,0.07*L1 + 0.21*L2 + 0.72*L3,-1*native_potential_evaporation_sum*1000,BLOCK_8.0D_R_v1
2024-10-07,1728259200000,0.0,0.2391883835397474,0.1888504506076232,0.2260225696600471,0.2191380316306171,282.59415219330833,9.44415219330837,-0.0050183081988654,-5.018308198865439,5.018308198865439,Razuhuillca_microcatchment,79.59237993166853,UCSB-CHG/CHIRPS/DAILY,ECMWF/ERA5_LAND/DAILY_AGGR,0.07*L1 + 0.21*L2 + 0.72*L3,-1*native_potential_evaporation_sum*1000,BLOCK_8.0D_R_v1
2024-10-08,1728345600000,0.0,0.230116607136809,0.1896902573131642,0.2257829787414198,0.2185068612291633,282.98960691977555,9.839606919775589,-0.0049683900840709,-4.968390084070967,4.968390084070967,Razuhuillca_microcatchment,79.59237993166853,UCSB-CHG/CHIRPS/DAILY,ECMWF/ERA5_LAND/DAILY_AGGR,0.07*L1 + 0.21*L2 + 0.72*L3,-1*native_potential_evaporation_sum*1000,BLOCK_8.0D_R_v1
2024-10-09,1728432000000,0.3490595391818455,0.2366110483805338,0.1902312864917321,0.2255349425681524,0.2188965021989708,283.83594537929764,10.685945379297635,-0.0045836459350034,-4.583645935003468,4.583645935003468,Razuhuillca_microcatchment,79.59237993166853,UCSB-CHG/CHIRPS/DAILY,ECMWF/ERA5_LAND/DAILY_AGGR,0.07*L1 + 0.21*L2 + 0.72*L3,-1*native_potential_evaporation_sum*1000,BLOCK_8.0D_R_v1
2024-10-10,1728518400000,0.0,0.2269513822934072,0.1904623329294899,0.2252541213136647,0.21806665402157,284.5202370130947,11.37023701309472,-0.0062873261426225,-6.287326142622556,6.287326142622556,Razuhuillca_microcatchment,79.59237993166853,UCSB-CHG/CHIRPS/DAILY,ECMWF/ERA5_LAND/DAILY_AGGR,0.07*L1 + 0.21*L2 + 0.72*L3,-1*native_potential_evaporation_sum*1000,BLOCK_8.0D_R_v1
2024-10-11,1728604800000,0.0,0.2072659861834752,0.1892593692492887,0.2247634917095676,0.2160828006060826,284.02978124232646,10.879781242326516,-0.0057210328778779,-5.721032877877958,5.721032877877958,Razuhuillca_microcatchment,79.59237993166853,UCSB-CHG/CHIRPS/DAILY,ECMWF/ERA5_LAND/DAILY_AGGR,0.07*L1 + 0.21*L2 + 0.72*L3,-1*native_potential_evaporation_sum*1000,BLOCK_8.0D_R_v1
2024-10-12,1728691200000,0.0,0.2037322167486583,0.1881089550451965,0.2243826283655185,0.2153196281550706,283.2912061430356,10.141206143035616,-0.0054902660450494,-5.490266045049436,5.490266045049436,Razuhuillca_microcatchment,79.59237993166853,UCSB-CHG/CHIRPS/DAILY,ECMWF/ERA5_LAND/DAILY_AGGR,0.07*L1 + 0.21*L2 + 0.72*L3,-1*native_potential_evaporation_sum*1000,BLOCK_8.0D_R_v1
2024-10-13,1728777600000,0.0,0.216666745312641,0.1876487695183138,0.2241550401456093,0.2159645426755695,282.68056606373574,9.530566063735767,-0.0044685076771443,-4.468507677144398,4.468507677144398,Razuhuillca_microcatchment,79.59237993166853,UCSB-CHG/CHIRPS/DAILY,ECMWF/ERA5_LAND/DAILY_AGGR,0.07*L1 + 0.21*L2 + 0.72*L3,-1*native_potential_evaporation_sum*1000,BLOCK_8.0D_R_v1
2024-10-14,1728864000000,0.0,0.2195757312811408,0.1878858540558861,0.2240506468021341,0.2161427962389524,283.1070503425966,9.957050342596572,-0.00530330849693,-5.303308496930007,5.303308496930007,Razuhuillca_microcatchment,79.59237993166853,UCSB-CHG/CHIRPS/DAILY,ECMWF/ERA5_LAND/DAILY_AGGR,0.07*L1 + 0.21*L2 + 0.72*L3,-1*native_potential_evaporation_sum*1000,BLOCK_8.0D_R_v1
2024-10-15,1728950400000,0.0,0.233452394518549,0.1883968911878405,0.2238929763235338,0.2171079577186892,282.9649200108699,9.814920010869924,-0.0050110338051195,-5.011033805119509,5.011033805119509,Razuhuillca_microcatchment,79.59237993166853,UCSB-CHG/CHIRPS/DAILY,ECMWF/ERA5_LAND/DAILY_AGGR,0.07*L1 + 0.21*L2 + 0.72*L3,-1*native_potential_evaporation_sum*1000,BLOCK_8.0D_R_v1
2024-10-16,1729036800000,1.0161832783903395,0.2726363694736723,0.1917962017316579,0.2237447580620503,0.2204579740314814,283.1116583498916,9.96165834989164,-0.0048724617055385,-4.872461705538579,4.872461705538579,Razuhuillca_microcatchment,79.59237993166853,UCSB-CHG/CHIRPS/DAILY,ECMWF/ERA5_LAND/DAILY_AGGR,0.07*L1 + 0.21*L2 + 0.72*L3,-1*native_potential_evaporation_sum*1000,BLOCK_8.0D_R_v1
2024-10-17,1729123200000,0.0,0.2707123214339474,0.1970498630766234,0.2236303024438993,0.2213441515060748,283.92376937572203,10.773769375722104,-0.0055290688841329,-5.529068884132914,5.529068884132914,Razuhuillca_microcatchment,79.59237993166853,UCSB-CHG/CHIRPS/DAILY,ECMWF/ERA5_LAND/DAILY_AGGR,0.07*L1 + 0.21*L2 + 0.72*L3,-1*native_potential_evaporation_sum*1000,BLOCK_8.0D_R_v1
2024-10-18,1729209600000,0.0,0.2514603454942648,0.1989813971841036,0.2234347716461946,0.2202613531785204,283.91341310475366,10.763413104753742,-0.0053063074632876,-5.306307463287618,5.306307463287618,Razuhuillca_microcatchment,79.59237993166853,UCSB-CHG/CHIRPS/DAILY,ECMWF/ERA5_LAND/DAILY_AGGR,0.07*L1 + 0.21*L2 + 0.72*L3,-1*native_potential_evaporation_sum*1000,BLOCK_8.0D_R_v1
2024-10-19,1729296000000,0.0,0.2383390988917709,0.1993217321259897,0.2232378921067783,0.2192725829857621,284.42267806727534,11.272678067275349,-0.0059866019325449,-5.986601932544929,5.986601932544929,Razuhuillca_microcatchment,79.59237993166853,UCSB-CHG/CHIRPS/DAILY,ECMWF/ERA5_LAND/DAILY_AGGR,0.07*L1 + 0.21*L2 + 0.72*L3,-1*native_potential_evaporation_sum*1000,BLOCK_8.0D_R_v1
2024-10-20,1729382400000,1.6703608759811943,0.2293769858476054,0.1989536395651756,0.2230077901557231,0.2184022622301399,284.3966474551456,11.24664745514564,-0.005734914041668,-5.734914041668005,5.734914041668005,Razuhuillca_microcatchment,79.59237993166853,UCSB-CHG/CHIRPS/DAILY,ECMWF/ERA5_LAND/DAILY_AGGR,0.07*L1 + 0.21*L2 + 0.72*L3,-1*native_potential_evaporation_sum*1000,BLOCK_8.0D_R_v1
2024-10-21,1729468800000,0.0,0.2348588087195835,0.1987236662407141,0.2228344529580059,0.218612892650685,284.78961028758727,11.639610287587342,-0.0054014447452015,-5.401444745201595,5.401444745201595,Razuhuillca_microcatchment,79.59237993166853,UCSB-CHG/CHIRPS/DAILY,ECMWF/ERA5_LAND/DAILY_AGGR,0.07*L1 + 0.21*L2 + 0.72*L3,-1*native_potential_evaporation_sum*1000,BLOCK_8.0D_R_v1
2024-10-22,1729555200000,0.0,0.2505894405534042,0.2001615829320771,0.2226854519118233,0.2199087186309873,283.9011483752888,10.75114837528884,-0.005281615076382,-5.281615076382036,5.281615076382036,Razuhuillca_microcatchment,79.59237993166853,UCSB-CHG/CHIRPS/DAILY,ECMWF/ERA5_LAND/DAILY_AGGR,0.07*L1 + 0.21*L2 + 0.72*L3,-1*native_potential_evaporation_sum*1000,BLOCK_8.0D_R_v1
2024-10-23,1729641600000,0.0,0.2904758747372783,0.2038137733591774,0.2226240492510197,0.223423519097771,283.78529746729976,10.635297467299775,-0.004164523902656,-4.1645239026560255,4.1645239026560255,Razuhuillca_microcatchment,79.59237993166853,UCSB-CHG/CHIRPS/DAILY,ECMWF/ERA5_LAND/DAILY_AGGR,0.07*L1 + 0.21*L2 + 0.72*L3,-1*native_potential_evaporation_sum*1000,BLOCK_8.0D_R_v1
2024-10-24,1729728000000,4.824116766452789,0.2957534385784053,0.2101561118182878,0.2225756599264567,0.2250899993293776,283.7477327247575,10.597732724757568,-0.0054416221948717,-5.441622194871736,5.441622194871736,Razuhuillca_microcatchment,79.59237993166853,UCSB-CHG/CHIRPS/DAILY,ECMWF/ERA5_LAND/DAILY_AGGR,0.07*L1 + 0.21*L2 + 0.72*L3,-1*native_potential_evaporation_sum*1000,BLOCK_8.0D_R_v1
2024-10-25,1729814400000,0.0,0.2967249993414318,0.2141473288710636,0.2224796346616653,0.2259270259732226,284.3951933094532,11.24519330945322,-0.0049051722522415,-4.905172252241586,4.905172252241586,Razuhuillca_microcatchment,79.59237993166853,UCSB-CHG/CHIRPS/DAILY,ECMWF/ERA5_LAND/DAILY_AGGR,0.07*L1 + 0.21*L2 + 0.72*L3,-1*native_potential_evaporation_sum*1000,BLOCK_8.0D_R_v1
2024-10-26,1729900800000,9.358210115915254,0.3123120471461889,0.2230059416078188,0.222605321218972,0.228968922315535,283.6963245193393,10.546324519339343,-0.0034797133048834,-3.479713304883483,3.479713304883483,Razuhuillca_microcatchment,79.59237993166853,UCSB-CHG/CHIRPS/DAILY,ECMWF/ERA5_LAND/DAILY_AGGR,0.07*L1 + 0.21*L2 + 0.72*L3,-1*native_potential_evaporation_sum*1000,BLOCK_8.0D_R_v1
2024-10-27,1729987200000,0.0,0.2973620280594725,0.2291520510105728,0.2228093450469088,0.2293600011101577,283.9500252240425,10.800025224042573,-0.0049405141889704,-4.940514188970444,4.940514188970444,Razuhuillca_microcatchment,79.59237993166853,UCSB-CHG/CHIRPS/DAILY,ECMWF/ERA5_LAND/DAILY_AGGR,0.07*L1 + 0.21*L2 + 0.72*L3,-1*native_potential_evaporation_sum*1000,BLOCK_8.0D_R_v1
2024-10-28,1730073600000,0.0,0.282178922884726,0.2305160662112667,0.2229159911932972,0.2286604121654708,283.2398971638468,10.08989716384685,-0.0044037209597626,-4.403720959762617,4.403720959762617,Razuhuillca_microcatchment,79.59237993166853,UCSB-CHG/CHIRPS/DAILY,ECMWF/ERA5_LAND/DAILY_AGGR,0.07*L1 + 0.21*L2 + 0.72*L3,-1*native_potential_evaporation_sum*1000,BLOCK_8.0D_R_v1
2024-10-29,1730160000000,0.4154394176744279,0.3101086809456003,0.2346860815794252,0.223119280012127,0.2316375664066027,283.23956947106154,10.089569471061605,-0.0044700162689809,-4.470016268980985,4.470016268980985,Razuhuillca_microcatchment,79.59237993166853,UCSB-CHG/CHIRPS/DAILY,ECMWF/ERA5_LAND/DAILY_AGGR,0.07*L1 + 0.21*L2 + 0.72*L3,-1*native_potential_evaporation_sum*1000,BLOCK_8.0D_R_v1
2024-10-30,1730246400000,0.0,0.3136844414507033,0.2435561310578862,0.2234204904192444,0.2339674515255614,283.7667779536605,10.616777953660568,-0.004968399300396,-4.968399300396098,4.968399300396098,Razuhuillca_microcatchment,79.59237993166853,UCSB-CHG/CHIRPS/DAILY,ECMWF/ERA5_LAND/DAILY_AGGR,0.07*L1 + 0.21*L2 + 0.72*L3,-1*native_potential_evaporation_sum*1000,BLOCK_8.0D_R_v1
2024-10-31,1730332800000,0.4154394176744279,0.2964629979951304,0.2459689344284851,0.2236562225400597,0.233438366318484,284.8281172346288,11.678117234628807,-0.0055633638635536,-5.563363863553615,5.563363863553615,Razuhuillca_microcatchment,79.59237993166853,UCSB-CHG/CHIRPS/DAILY,ECMWF/ERA5_LAND/DAILY_AGGR,0.07*L1 + 0.21*L2 + 0.72*L3,-1*native_potential_evaporation_sum*1000,BLOCK_8.0D_R_v1
2024-11-01,1730419200000,0.0,0.2819350321628224,0.2452748910540101,0.2238570343781987,0.2324202441250427,284.4777185884744,11.327718588474434,-0.0053820833994474,-5.382083399447403,5.382083399447403,Razuhuillca_microcatchment,79.59237993166853,UCSB-CHG/CHIRPS/DAILY,ECMWF/ERA5_LAND/DAILY_AGGR,0.07*L1 + 0.21*L2 + 0.72*L3,-1*native_potential_evaporation_sum*1000,BLOCK_8.0D_R_v1
2024-11-02,1730505600000,0.0,0.2725044757644564,0.2439986579909719,0.2240283135504162,0.2316154172379157,284.3670915849865,11.217091584986614,-0.0058020993291987,-5.802099329198716,5.802099329198716,Razuhuillca_microcatchment,79.59237993166853,UCSB-CHG/CHIRPS/DAILY,ECMWF/ERA5_LAND/DAILY_AGGR,0.07*L1 + 0.21*L2 + 0.72*L3,-1*native_potential_evaporation_sum*1000,BLOCK_8.0D_R_v1
2024-11-03,1730592000000,1.110701744489017,0.2727190322728974,0.2416419027398316,0.2240464388749962,0.2311485678244647,284.1870341328527,11.03703413285274,-0.0056415488781956,-5.641548878195658,5.641548878195658,Razuhuillca_microcatchment,79.59237993166853,UCSB-CHG/CHIRPS/DAILY,ECMWF/ERA5_LAND/DAILY_AGGR,0.07*L1 + 0.21*L2 + 0.72*L3,-1*native_potential_evaporation_sum*1000,BLOCK_8.0D_R_v1
2024-11-04,1730678400000,0.0,0.3058694130193751,0.2429763999747863,0.2241269480975377,0.2338073055362885,283.93848302690503,10.78848302690512,-0.0045499152186289,-4.5499152186289,4.5499152186289,Razuhuillca_microcatchment,79.59237993166853,UCSB-CHG/CHIRPS/DAILY,ECMWF/ERA5_LAND/DAILY_AGGR,0.07*L1 + 0.21*L2 + 0.72*L3,-1*native_potential_evaporation_sum*1000,BLOCK_8.0D_R_v1
2024-11-05,1730764800000,2.289338498065869,0.3179247236894963,0.2513993691387434,0.2244637329454367,0.2366624858981152,284.1739509376717,11.023950937671737,-0.0053881744428866,-5.3881744428866165,5.3881744428866165,Razuhuillca_microcatchment,79.59237993166853,UCSB-CHG/CHIRPS/DAILY,ECMWF/ERA5_LAND/DAILY_AGGR,0.07*L1 + 0.21*L2 + 0.72*L3,-1*native_potential_evaporation_sum*1000,BLOCK_8.0D_R_v1
2024-11-06,1730851200000,5.4902893006801605,0.3311084019655437,0.2586653972177376,0.2248635448242657,0.2393990738267843,284.6530742057257,11.50307420572568,-0.0047852721259084,-4.785272125908405,4.785272125908405,Razuhuillca_microcatchment,79.59237993166853,UCSB-CHG/CHIRPS/DAILY,ECMWF/ERA5_LAND/DAILY_AGGR,0.07*L1 + 0.21*L2 + 0.72*L3,-1*native_potential_evaporation_sum*1000,BLOCK_8.0D_R_v1
2024-11-07,1730937600000,2.8570989221334457,0.3130864821417483,0.2624970695186901,0.2253228520152656,0.2392728917998385,284.8688062032064,11.718806203206396,-0.0059620476613155,-5.9620476613154985,5.9620476613154985,Razuhuillca_microcatchment,79.59237993166853,UCSB-CHG/CHIRPS/DAILY,ECMWF/ERA5_LAND/DAILY_AGGR,0.07*L1 + 0.21*L2 + 0.72*L3,-1*native_potential_evaporation_sum*1000,BLOCK_8.0D_R_v1
2024-11-08,1731024000000,0.3373397929327828,0.2959454891079882,0.2603013951884069,0.2256286305039833,0.2378320911899926,284.3950464252332,11.245046425233248,-0.0050911427491662,-5.091142749166213,5.091142749166213,Razuhuillca_microcatchment,79.59237993166853,UCSB-CHG/CHIRPS/DAILY,ECMWF/ERA5_LAND/DAILY_AGGR,0.07*L1 + 0.21*L2 + 0.72*L3,-1*native_potential_evaporation_sum*1000,BLOCK_8.0D_R_v1
2024-11-09,1731110400000,11.57513791322708,0.3819876838051974,0.2926439164001817,0.2266588449937529,0.2513887287059041,282.4395174970976,9.289517497097616,-0.0022120550705518,-2.2120550705518336,2.2120550705518336,Razuhuillca_microcatchment,79.59237993166853,UCSB-CHG/CHIRPS/DAILY,ECMWF/ERA5_LAND/DAILY_AGGR,0.07*L1 + 0.21*L2 + 0.72*L3,-1*native_potential_evaporation_sum*1000,BLOCK_8.0D_R_v1
2024-11-10,1731196800000,5.787568956613541,0.3765556100246304,0.3354190429511098,0.2309268150256088,0.2630641985398956,283.2403754563231,10.090375456323075,-0.005365286130092,-5.365286130092047,5.365286130092047,Razuhuillca_microcatchment,79.59237993166853,UCSB-CHG/CHIRPS/DAILY,ECMWF/ERA5_LAND/DAILY_AGGR,0.07*L1 + 0.21*L2 + 0.72*L3,-1*native_potential_evaporation_sum*1000,BLOCK_8.0D_R_v1
2024-11-11,1731283200000,5.007340449662435,0.3897412029994016,0.3460090615156758,0.2340506478311468,0.2684602535666757,284.18944296349906,11.039442963499136,-0.0056407104940772,-5.6407104940772745,5.6407104940772745,Razuhuillca_microcatchment,79.59237993166853,UCSB-CHG/CHIRPS/DAILY,ECMWF/ERA5_LAND/DAILY_AGGR,0.07*L1 + 0.21*L2 + 0.72*L3,-1*native_potential_evaporation_sum*1000,BLOCK_8.0D_R_v1
2024-11-12,1731369600000,5.263959378713653,0.3913881452556749,0.3500429164467519,0.2369797032233148,0.2715315689425018,284.13146297550384,10.981462975503888,-0.0040814137958377,-4.0814137958377765,4.0814137958377765,Razuhuillca_microcatchment,79.59237993166853,UCSB-CHG/CHIRPS/DAILY,ECMWF/ERA5_LAND/DAILY_AGGR,0.07*L1 + 0.21*L2 + 0.72*L3,-1*native_potential_evaporation_sum*1000,BLOCK_8.0D_R_v1
2024-11-13,1731456000000,1.992880292946384,0.4166937076517152,0.3770841256731506,0.2410756112982542,0.2819306660617248,283.12410998482227,9.97410998482237,-0.0037568906871225,-3.75689068712251,3.75689068712251,Razuhuillca_microcatchment,79.59237993166853,UCSB-CHG/CHIRPS/DAILY,ECMWF/ERA5_LAND/DAILY_AGGR,0.07*L1 + 0.21*L2 + 0.72*L3,-1*native_potential_evaporation_sum*1000,BLOCK_8.0D_R_v1
2024-11-14,1731542400000,0.3656053585665567,0.4111703273648242,0.3919999374360248,0.2480468933752276,0.2896956730072669,283.3470827003435,10.197082700343524,-0.0047511060889056,-4.751106088905665,4.751106088905665,Razuhuillca_microcatchment,79.59237993166853,UCSB-CHG/CHIRPS/DAILY,ECMWF/ERA5_LAND/DAILY_AGGR,0.07*L1 + 0.21*L2 + 0.72*L3,-1*native_potential_evaporation_sum*1000,BLOCK_8.0D_R_v1
2024-11-15,1731628800000,2.9030914952357607,0.4199172113672157,0.4032363965102473,0.2562421199673632,0.2985681744393585,282.2700931534372,9.12009315343724,-0.0027197654536693,-2.719765453669377,2.719765453669377,Razuhuillca_microcatchment,79.59237993166853,UCSB-CHG/CHIRPS/DAILY,ECMWF/ERA5_LAND/DAILY_AGGR,0.07*L1 + 0.21*L2 + 0.72*L3,-1*native_potential_evaporation_sum*1000,BLOCK_8.0D_R_v1
2024-11-16,1731715200000,5.284340197841327,0.4206517059678976,0.4113504192962351,0.2707419459760073,0.3107634085726876,282.8645821205683,9.714582120568323,-0.0031772827826483,-3.17728278264834,3.17728278264834,Razuhuillca_microcatchment,79.59237993166853,UCSB-CHG/CHIRPS/DAILY,ECMWF/ERA5_LAND/DAILY_AGGR,0.07*L1 + 0.21*L2 + 0.72*L3,-1*native_potential_evaporation_sum*1000,BLOCK_8.0D_R_v1
2024-11-17,1731801600000,0.0,0.4158928380536205,0.4069096045227638,0.2810755786638498,0.3169379322515057,283.2941887695665,10.144188769566568,-0.0035571511081188,-3.55715110811884,3.55715110811884,Razuhuillca_microcatchment,79.59237993166853,UCSB-CHG/CHIRPS/DAILY,ECMWF/ERA5_LAND/DAILY_AGGR,0.07*L1 + 0.21*L2 + 0.72*L3,-1*native_potential_evaporation_sum*1000,BLOCK_8.0D_R_v1
2024-11-18,1731888000000,12.554060301610402,0.3933717437332535,0.3944050379111817,0.2880529980668672,0.3177592386308202,283.7676194288368,10.617619428836791,-0.0052642771015966,-5.264277101596655,5.264277101596655,Razuhuillca_microcatchment,79.59237993166853,UCSB-CHG/CHIRPS/DAILY,ECMWF/ERA5_LAND/DAILY_AGGR,0.07*L1 + 0.21*L2 + 0.72*L3,-1*native_potential_evaporation_sum*1000,BLOCK_8.0D_R_v1
2024-11-19,1731974400000,0.0,0.374364231822578,0.3792524833899702,0.2916173512306286,0.3158130106255268,283.6998627466044,10.549862746604395,-0.0037976380200744,-3.797638020074436,3.797638020074436,Razuhuillca_microcatchment,79.59237993166853,UCSB-CHG/CHIRPS/DAILY,ECMWF/ERA5_LAND/DAILY_AGGR,0.07*L1 + 0.21*L2 + 0.72*L3,-1*native_potential_evaporation_sum*1000,BLOCK_8.0D_R_v1
2024-11-20,1732060800000,0.0,0.3703935068237068,0.3705262568185325,0.2939082165903668,0.3153519753546153,283.58449435004377,10.434494350043831,-0.0044174664196251,-4.4174664196251445,4.4174664196251445,Razuhuillca_microcatchment,79.59237993166853,UCSB-CHG/CHIRPS/DAILY,ECMWF/ERA5_LAND/DAILY_AGGR,0.07*L1 + 0.21*L2 + 0.72*L3,-1*native_potential_evaporation_sum*1000,BLOCK_8.0D_R_v1
2024-11-21,1732147200000,1.7424584783258892,0.3852964228517977,0.3667881107514075,0.2955942650061811,0.3168241236618717,283.1716159644154,10.021615964415457,-0.0035850482352207,-3.585048235220716,3.585048235220716,Razuhuillca_microcatchment,79.59237993166853,UCSB-CHG/CHIRPS/DAILY,ECMWF/ERA5_LAND/DAILY_AGGR,0.07*L1 + 0.21*L2 + 0.72*L3,-1*native_potential_evaporation_sum*1000,BLOCK_8.0D_R_v1
2024-11-22,1732233600000,1.696864422588121,0.4206350616866683,0.3983983754652313,0.2991853026755742,0.3285215310921788,282.59813596471884,9.448135964718867,-0.0031546253517183,-3.1546253517183955,3.1546253517183955,Razuhuillca_microcatchment,79.59237993166853,UCSB-CHG/CHIRPS/DAILY,ECMWF/ERA5_LAND/DAILY_AGGR,0.07*L1 + 0.21*L2 + 0.72*L3,-1*native_potential_evaporation_sum*1000,BLOCK_8.0D_R_v1
2024-11-23,1732320000000,2.1836308056399933,0.3972551643503883,0.3955034685961773,0.3052646585512253,0.3306541440666066,282.7418503660228,9.591850366022785,-0.0040362290392032,-4.036229039203224,4.036229039203224,Razuhuillca_microcatchment,79.59237993166853,UCSB-CHG/CHIRPS/DAILY,ECMWF/ERA5_LAND/DAILY_AGGR,0.07*L1 + 0.21*L2 + 0.72*L3,-1*native_potential_evaporation_sum*1000,BLOCK_8.0D_R_v1
2024-11-24,1732406400000,2.0642626888695217,0.4096013475245363,0.3929759009036025,0.3093552672105027,0.333932825908036,283.1374834020243,9.987483402024354,-0.0034787842648566,-3.47878426485668,3.47878426485668,Razuhuillca_microcatchment,79.59237993166853,UCSB-CHG/CHIRPS/DAILY,ECMWF/ERA5_LAND/DAILY_AGGR,0.07*L1 + 0.21*L2 + 0.72*L3,-1*native_potential_evaporation_sum*1000,BLOCK_8.0D_R_v1
2024-11-25,1732492800000,0.0,0.4090883993689035,0.3970341250616231,0.313834184856084,0.3379739673151446,283.57363592820354,10.423635928203616,-0.004244089040453,-4.244089040453034,4.244089040453034,Razuhuillca_microcatchment,79.59237993166853,UCSB-CHG/CHIRPS/DAILY,ECMWF/ERA5_LAND/DAILY_AGGR,0.07*L1 + 0.21*L2 + 0.72*L3,-1*native_potential_evaporation_sum*1000,BLOCK_8.0D_R_v1
2024-11-26,1732579200000,2.8722382368785992,0.3990528128739725,0.3935473594592026,0.318078888174656,0.3395954418733629,283.7145827556162,10.5645827556162,-0.0043298383754801,-4.329838375480189,4.329838375480189,Razuhuillca_microcatchment,79.59237993166853,UCSB-CHG/CHIRPS/DAILY,ECMWF/ERA5_LAND/DAILY_AGGR,0.07*L1 + 0.21*L2 + 0.72*L3,-1*native_potential_evaporation_sum*1000,BLOCK_8.0D_R_v1
2024-11-27,1732665600000,0.0,0.3928280979222645,0.3888605922632823,0.3212239259929326,0.3404399179447592,284.0076076897123,10.857607689712353,-0.0052569089511226,-5.256908951122636,5.256908951122636,Razuhuillca_microcatchment,79.59237993166853,UCSB-CHG/CHIRPS/DAILY,ECMWF/ERA5_LAND/DAILY_AGGR,0.07*L1 + 0.21*L2 + 0.72*L3,-1*native_potential_evaporation_sum*1000,BLOCK_8.0D_R_v1
2024-11-28,1732752000000,7.502018251944155,0.3926744479434798,0.3835349294261895,0.3234673869403111,0.3409260651325673,284.11336698146226,10.96336698146226,-0.0044721263767666,-4.472126376766689,4.472126376766689,Razuhuillca_microcatchment,79.59237993166853,UCSB-CHG/CHIRPS/DAILY,ECMWF/ERA5_LAND/DAILY_AGGR,0.07*L1 + 0.21*L2 + 0.72*L3,-1*native_potential_evaporation_sum*1000,BLOCK_8.0D_R_v1
2024-11-29,1732838400000,1.262218113101664,0.4189088376730622,0.3990718532848909,0.3265971071687966,0.348278624988475,283.3030404474924,10.153040447492373,-0.0031739404435791,-3.173940443579172,3.173940443579172,Razuhuillca_microcatchment,79.59237993166853,UCSB-CHG/CHIRPS/DAILY,ECMWF/ERA5_LAND/DAILY_AGGR,0.07*L1 + 0.21*L2 + 0.72*L3,-1*native_potential_evaporation_sum*1000,BLOCK_8.0D_R_v1
2024-11-30,1732924800000,0.0,0.4010001202768903,0.4032839258741551,0.332334242804202,0.3520402876719803,283.1805859163317,10.030585916331752,-0.0042731483289272,-4.273148328927211,4.273148328927211,Razuhuillca_microcatchment,79.59237993166853,UCSB-CHG/CHIRPS/DAILY,ECMWF/ERA5_LAND/DAILY_AGGR,0.07*L1 + 0.21*L2 + 0.72*L3,-1*native_potential_evaporation_sum*1000,BLOCK_8.0D_R_v1
2024-12-01,1733011200000,0.0792123249598911,0.382857085652434,0.3900255522976031,0.3356584280671871,0.3503794301865417,283.664050067321,10.514050067320978,-0.0048891179306658,-4.88911793066587,4.88911793066587,Razuhuillca_microcatchment,79.59237993166853,UCSB-CHG/CHIRPS/DAILY,ECMWF/ERA5_LAND/DAILY_AGGR,0.07*L1 + 0.21*L2 + 0.72*L3,-1*native_potential_evaporation_sum*1000,BLOCK_8.0D_R_v1
2024-12-02,1733097600000,5.5930568391368505,0.3845736883968287,0.3823326199040936,0.3372568486972581,0.3500349394296634,283.63021390837736,10.480213908377443,-0.0042463053943793,-4.24630539437939,4.24630539437939,Razuhuillca_microcatchment,79.59237993166853,UCSB-CHG/CHIRPS/DAILY,ECMWF/ERA5_LAND/DAILY_AGGR,0.07*L1 + 0.21*L2 + 0.72*L3,-1*native_potential_evaporation_sum*1000,BLOCK_8.0D_R_v1
2024-12-03,1733184000000,5.479494242441087,0.4172652544084082,0.3941771152621289,0.3390823320157266,0.3561250410649588,283.27585186526494,10.125851865264965,-0.0029955489097992,-2.995548909799212,2.995548909799212,Razuhuillca_microcatchment,79.59237993166853,UCSB-CHG/CHIRPS/DAILY,ECMWF/ERA5_LAND/DAILY_AGGR,0.07*L1 + 0.21*L2 + 0.72*L3,-1*native_potential_evaporation_sum*1000,BLOCK_8.0D_R_v1
2024-12-04,1733270400000,1.0775979413163097,0.4184637639334206,0.4125717765793405,0.345228342192251,0.3644969429354217,283.1037148786188,9.953714878618852,-0.0034375959479739,-3.43759594797399,3.43759594797399,Razuhuillca_microcatchment,79.59237993166853,UCSB-CHG/CHIRPS/DAILY,ECMWF/ERA5_LAND/DAILY_AGGR,0.07*L1 + 0.21*L2 + 0.72*L3,-1*native_potential_evaporation_sum*1000,BLOCK_8.0D_R_v1
2024-12-05,1733356800000,3.392901357085932,0.4024338988669805,0.4039754775677572,0.3506407140537033,0.3654665373285841,283.4657951641634,10.315795164163438,-0.0038322649594676,-3.832264959467629,3.832264959467629,Razuhuillca_microcatchment,79.59237993166853,UCSB-CHG/CHIRPS/DAILY,ECMWF/ERA5_LAND/DAILY_AGGR,0.07*L1 + 0.21*L2 + 0.72*L3,-1*native_potential_evaporation_sum*1000,BLOCK_8.0D_R_v1
2024-12-06,1733443200000,2.92023957024018,0.3810342998173884,0.3922424720661258,0.3530272298235883,0.3632229255940872,284.1028021296096,10.95280212960952,-0.0051661638510709,-5.166163851070956,5.166163851070956,Razuhuillca_microcatchment,79.59237993166853,UCSB-CHG/CHIRPS/DAILY,ECMWF/ERA5_LAND/DAILY_AGGR,0.07*L1 + 0.21*L2 + 0.72*L3,-1*native_potential_evaporation_sum*1000,BLOCK_8.0D_R_v1
2024-12-07,1733529600000,4.160174271890096,0.3701076911823368,0.3807981597665187,0.3536743869671242,0.3605207105500619,283.8724289124182,10.72242891241821,-0.0040239717574477,-4.023971757447788,4.023971757447788,Razuhuillca_microcatchment,79.59237993166853,UCSB-CHG/CHIRPS/DAILY,ECMWF/ERA5_LAND/DAILY_AGGR,0.07*L1 + 0.21*L2 + 0.72*L3,-1*native_potential_evaporation_sum*1000,BLOCK_8.0D_R_v1
2024-12-08,1733616000000,0.0,0.3997790349471546,0.3827600166747106,0.3542022852079946,0.3633897812977461,283.25757183596806,10.10757183596811,-0.0041881653700949,-4.188165370094983,4.188165370094983,Razuhuillca_microcatchment,79.59237993166853,UCSB-CHG/CHIRPS/DAILY,ECMWF/ERA5_LAND/DAILY_AGGR,0.07*L1 + 0.21*L2 + 0.72*L3,-1*native_potential_evaporation_sum*1000,BLOCK_8.0D_R_v1
2024-12-09,1733702400000,15.329923052163354,0.4026166993069511,0.3900374704702741,0.3553379147038983,0.3659343363370509,283.1715207476607,10.021520747660704,-0.0036527324532497,-3.6527324532497834,3.6527324532497834,Razuhuillca_microcatchment,79.59237993166853,UCSB-CHG/CHIRPS/DAILY,ECMWF/ERA5_LAND/DAILY_AGGR,0.07*L1 + 0.21*L2 + 0.72*L3,-1*native_potential_evaporation_sum*1000,BLOCK_8.0D_R_v1
2024-12-10,1733788800000,0.0,0.3963753327239225,0.3941198396774615,0.3574951223325637,0.3679079277023873,283.0907794239434,9.940779423943392,-0.0041274425783598,-4.127442578359836,4.127442578359836,Razuhuillca_microcatchment,79.59237993166853,UCSB-CHG/CHIRPS/DAILY,ECMWF/ERA5_LAND/DAILY_AGGR,0.07*L1 + 0.21*L2 + 0.72*L3,-1*native_potential_evaporation_sum*1000,BLOCK_8.0D_R_v1
2024-12-11,1733875200000,5.566729124812853,0.4046862791498731,0.3940839969583559,0.3592328676139228,0.3697333435837703,283.38207217677706,10.232072176777107,-0.003624095393054,-3.624095393054058,3.624095393054058,Razuhuillca_microcatchment,79.59237993166853,UCSB-CHG/CHIRPS/DAILY,ECMWF/ERA5_LAND/DAILY_AGGR,0.07*L1 + 0.21*L2 + 0.72*L3,-1*native_potential_evaporation_sum*1000,BLOCK_8.0D_R_v1
2024-12-12,1733961600000,0.0,0.4049150838098544,0.3974537858613883,0.3615061515558203,0.372093780017772,283.95144237672656,10.801442376726648,-0.004220842238451,-4.220842238451015,4.220842238451015,Razuhuillca_microcatchment,79.59237993166853,UCSB-CHG/CHIRPS/DAILY,ECMWF/ERA5_LAND/DAILY_AGGR,0.07*L1 + 0.21*L2 + 0.72*L3,-1*native_potential_evaporation_sum*1000,BLOCK_8.0D_R_v1
2024-12-13,1734048000000,4.932529066999753,0.4197329078336211,0.4137076008526576,0.3655136858107727,0.3794297535111678,283.5370422833687,10.387042283368745,-0.0036388011595417,-3.638801159541731,3.638801159541731,Razuhuillca_microcatchment,79.59237993166853,UCSB-CHG/CHIRPS/DAILY,ECMWF/ERA5_LAND/DAILY_AGGR,0.07*L1 + 0.21*L2 + 0.72*L3,-1*native_potential_evaporation_sum*1000,BLOCK_8.0D_R_v1
2024-12-14,1734134400000,3.866131935446035,0.4165812880087909,0.4145919601352228,0.3716279472689178,0.383797123822633,283.6405183318033,10.49051833180336,-0.0037851528280732,-3.785152828073226,3.785152828073226,Razuhuillca_microcatchment,79.59237993166853,UCSB-CHG/CHIRPS/DAILY,ECMWF/ERA5_LAND/DAILY_AGGR,0.07*L1 + 0.21*L2 + 0.72*L3,-1*native_potential_evaporation_sum*1000,BLOCK_8.0D_R_v1
2024-12-15,1734220800000,0.0,0.4195140625470405,0.4145057986926481,0.3759020730020453,0.3870616946652215,283.67056828243426,10.520568282434258,-0.0042737535055662,-4.273753505566217,4.273753505566217,Razuhuillca_microcatchment,79.59237993166853,UCSB-CHG/CHIRPS/DAILY,ECMWF/ERA5_LAND/DAILY_AGGR,0.07*L1 + 0.21*L2 + 0.72*L3,-1*native_potential_evaporation_sum*1000,BLOCK_8.0D_R_v1
2024-12-16,1734307200000,13.22721115606172,0.4210122279349089,0.4188094828170158,0.3809668296564061,0.3917169646996294,282.28014550181484,9.130145501814846,-0.002074933853108,-2.07493385310807,2.07493385310807,Razuhuillca_microcatchment,79.59237993166853,UCSB-CHG/CHIRPS/DAILY,ECMWF/ERA5_LAND/DAILY_AGGR,0.07*L1 + 0.21*L2 + 0.72*L3,-1*native_potential_evaporation_sum*1000,BLOCK_8.0D_R_v1
2024-12-17,1734393600000,0.0,0.4089033975766572,0.4151116630245494,0.3881898119270457,0.3952933516529942,282.36716334760075,9.217163347600753,-0.0046598493536083,-4.659849353608369,4.659849353608369,Razuhuillca_microcatchment,79.59237993166853,UCSB-CHG/CHIRPS/DAILY,ECMWF/ERA5_LAND/DAILY_AGGR,0.07*L1 + 0.21*L2 + 0.72*L3,-1*native_potential_evaporation_sum*1000,BLOCK_8.0D_R_v1
2024-12-18,1734480000000,0.0,0.4030872705125164,0.4054700267108189,0.3896989840762923,0.3939480830800785,282.9810203486095,9.83102034860955,-0.0043714226928749,-4.371422692874952,4.371422692874952,Razuhuillca_microcatchment,79.59237993166853,UCSB-CHG/CHIRPS/DAILY,ECMWF/ERA5_LAND/DAILY_AGGR,0.07*L1 + 0.21*L2 + 0.72*L3,-1*native_potential_evaporation_sum*1000,BLOCK_8.0D_R_v1
2024-12-19,1734566400000,12.389445106188456,0.4181498194935234,0.4092133104916022,0.3903639872409474,0.3962673533812652,282.5883796559592,9.438379655959295,-0.0026599027948572,-2.659902794857245,2.659902794857245,Razuhuillca_microcatchment,79.59237993166853,UCSB-CHG/CHIRPS/DAILY,ECMWF/ERA5_LAND/DAILY_AGGR,0.07*L1 + 0.21*L2 + 0.72*L3,-1*native_potential_evaporation_sum*1000,BLOCK_8.0D_R_v1
2024-12-20,1734652800000,1.4338560175328028,0.4067407031050077,0.410356128376573,0.3923170718154466,0.3971149278835524,282.9920317221698,9.842031722169862,-0.0039971686167524,-3.997168616752404,3.997168616752404,Razuhuillca_microcatchment,79.59237993166853,UCSB-CHG/CHIRPS/DAILY,ECMWF/ERA5_LAND/DAILY_AGGR,0.07*L1 + 0.21*L2 + 0.72*L3,-1*native_potential_evaporation_sum*1000,BLOCK_8.0D_R_v1
2024-12-21,1734739200000,1.7120817246891205,0.3999941206621526,0.403889999683652,0.3928557673400996,0.3956726408647893,283.6979326567898,10.547932656789826,-0.004564687265137,-4.564687265137027,4.564687265137027,Razuhuillca_microcatchment,79.59237993166853,UCSB-CHG/CHIRPS/DAILY,ECMWF/ERA5_LAND/DAILY_AGGR,0.07*L1 + 0.21*L2 + 0.72*L3,-1*native_potential_evaporation_sum*1000,BLOCK_8.0D_R_v1
2024-12-22,1734825600000,0.0,0.3954789744176846,0.3978449319828452,0.3925199747544952,0.3938453457488719,283.95547631250867,10.805476312508734,-0.0043427512652612,-4.342751265261214,4.342751265261214,Razuhuillca_microcatchment,79.59237993166853,UCSB-CHG/CHIRPS/DAILY,ECMWF/ERA5_LAND/DAILY_AGGR,0.07*L1 + 0.21*L2 + 0.72*L3,-1*native_potential_evaporation_sum*1000,BLOCK_8.0D_R_v1
2024-12-23,1734912000000,7.809115544671103,0.4181275597427162,0.4070674330283221,0.3925869193839659,0.3974156720743932,283.45402238731896,10.30402238731902,-0.002767458256614,-2.7674582566140016,2.7674582566140016,Razuhuillca_microcatchment,79.59237993166853,UCSB-CHG/CHIRPS/DAILY,ECMWF/ERA5_LAND/DAILY_AGGR,0.07*L1 + 0.21*L2 + 0.72*L3,-1*native_potential_evaporation_sum*1000,BLOCK_8.0D_R_v1
2024-12-24,1734998400000,0.5708494026746068,0.3998418451503981,0.4101247548597626,0.3953109844112212,0.3987390364571572,283.591850306487,10.441850306487073,-0.0053926645589701,-5.3926645589701705,5.3926645589701705,Razuhuillca_microcatchment,79.59237993166853,UCSB-CHG/CHIRPS/DAILY,ECMWF/ERA5_LAND/DAILY_AGGR,0.07*L1 + 0.21*L2 + 0.72*L3,-1*native_potential_evaporation_sum*1000,BLOCK_8.0D_R_v1
2024-12-25,1735084800000,0.0,0.3872457625548964,0.3982258320773498,0.3951303412229798,0.3952284737956317,284.02732323222074,10.877323232220784,-0.0042976797746785,-4.297679774678511,4.297679774678511,Razuhuillca_microcatchment,79.59237993166853,UCSB-CHG/CHIRPS/DAILY,ECMWF/ERA5_LAND/DAILY_AGGR,0.07*L1 + 0.21*L2 + 0.72*L3,-1*native_potential_evaporation_sum*1000,BLOCK_8.0D_R_v1
2024-12-26,1735171200000,2.592611231264614,0.3963681259596278,0.3936750525913715,0.3941482073539484,0.3942042391562049,283.4117099894264,10.261709989426487,-0.0040389401030678,-4.038940103067828,4.038940103067828,Razuhuillca_microcatchment,79.59237993166853,UCSB-CHG/CHIRPS/DAILY,ECMWF/ERA5_LAND/DAILY_AGGR,0.07*L1 + 0.21*L2 + 0.72*L3,-1*native_potential_evaporation_sum*1000,BLOCK_8.0D_R_v1
2024-12-27,1735257600000,0.0,0.3918510025406618,0.3951743682684925,0.3933662789405426,0.3936399083514204,283.40979945452915,10.259799454529196,-0.0047584185538264,-4.758418553826438,4.758418553826438,Razuhuillca_microcatchment,79.59237993166853,UCSB-CHG/CHIRPS/DAILY,ECMWF/ERA5_LAND/DAILY_AGGR,0.07*L1 + 0.21*L2 + 0.72*L3,-1*native_potential_evaporation_sum*1000,BLOCK_8.0D_R_v1
2024-12-28,1735344000000,0.0,0.3791272084377634,0.388720510552614,0.3923617236187003,0.3906706528121565,283.67028392578595,10.52028392578599,-0.004956807058326,-4.956807058326081,4.956807058326081,Razuhuillca_microcatchment,79.59237993166853,UCSB-CHG/CHIRPS/DAILY,ECMWF/ERA5_LAND/DAILY_AGGR,0.07*L1 + 0.21*L2 + 0.72*L3,-1*native_potential_evaporation_sum*1000,BLOCK_8.0D_R_v1
2024-12-29,1735430400000,0.2354295934949602,0.3792196248078392,0.3828650788764733,0.391098485516675,0.3885379498726141,283.2910961231973,10.141096123197414,-0.0041360248720025,-4.136024872002575,4.136024872002575,Razuhuillca_microcatchment,79.59237993166853,UCSB-CHG/CHIRPS/DAILY,ECMWF/ERA5_LAND/DAILY_AGGR,0.07*L1 + 0.21*L2 + 0.72*L3,-1*native_potential_evaporation_sum*1000,BLOCK_8.0D_R_v1
2024-12-30,1735516800000,6.460480313925517,0.3755533920317486,0.3788418815774494,0.3898564046517961,0.3865421439227799,283.0338047703796,9.883804770379635,-0.0044751243956516,-4.4751243956516245,4.4751243956516245,Razuhuillca_microcatchment,79.59237993166853,UCSB-CHG/CHIRPS/DAILY,ECMWF/ERA5_LAND/DAILY_AGGR,0.07*L1 + 0.21*L2 + 0.72*L3,-1*native_potential_evaporation_sum*1000,BLOCK_8.0D_R_v1
2024-12-31,1735603200000,14.880851835012436,0.3911952604907556,0.3802643704276553,0.3887186326043453,0.3871166014992892,282.52003099739204,9.37003099739209,-0.0030843912263137,-3.084391226313706,3.084391226313706,Razuhuillca_microcatchment,79.59237993166853,UCSB-CHG/CHIRPS/DAILY,ECMWF/ERA5_LAND/DAILY_AGGR,0.07*L1 + 0.21*L2 + 0.72*L3,-1*native_potential_evaporation_sum*1000,BLOCK_8.0D_R_v1
2025-01-01,1735689600000,16.389939570710773,0.3937848078262829,0.3857737304158293,0.3879753693450162,0.3879196858635756,282.6808357128518,9.53083571285183,-0.0040911758221642,-4.091175822164281,4.091175822164281,Razuhuillca_microcatchment,79.59237993166853,UCSB-CHG/CHIRPS/DAILY,ECMWF/ERA5_LAND/DAILY_AGGR,0.07*L1 + 0.21*L2 + 0.72*L3,-1*native_potential_evaporation_sum*1000,BLOCK_8.0D_R_v1
2025-01-02,1735776000000,41.06209393342336,0.4196430382701014,0.4045856894785269,0.3885782238146243,0.3941143286159272,281.4792974505121,8.329297450512154,-0.0020488360196868,-2.04883601968688,2.04883601968688,Razuhuillca_microcatchment,79.59237993166853,UCSB-CHG/CHIRPS/DAILY,ECMWF/ERA5_LAND/DAILY_AGGR,0.07*L1 + 0.21*L2 + 0.72*L3,-1*native_potential_evaporation_sum*1000,BLOCK_8.0D_R_v1
2025-01-03,1735862400000,0.0,0.4165932539570538,0.4180275654287466,0.3943703454813286,0.4008939652635871,281.84436744440035,8.694367444400415,-0.0036945536818807,-3.694553681880752,3.694553681880752,Razuhuillca_microcatchment,79.59237993166853,UCSB-CHG/CHIRPS/DAILY,ECMWF/ERA5_LAND/DAILY_AGGR,0.07*L1 + 0.21*L2 + 0.72*L3,-1*native_potential_evaporation_sum*1000,BLOCK_8.0D_R_v1
2025-01-04,1735948800000,0.0,0.4080109899443697,0.4107758590022033,0.396777625258488,0.4005035898726798,282.0801642239668,8.930164223966813,-0.0046174266090282,-4.617426609028281,4.617426609028281,Razuhuillca_microcatchment,79.59237993166853,UCSB-CHG/CHIRPS/DAILY,ECMWF/ERA5_LAND/DAILY_AGGR,0.07*L1 + 0.21*L2 + 0.72*L3,-1*native_potential_evaporation_sum*1000,BLOCK_8.0D_R_v1
2025-01-05,1736035200000,9.699090426166856,0.4119419068500026,0.4144832302380158,0.398338931603698,0.4026814425841462,283.247243598247,10.0972435982471,-0.0047587916427265,-4.758791642726501,4.758791642726501,Razuhuillca_microcatchment,79.59237993166853,UCSB-CHG/CHIRPS/DAILY,ECMWF/ERA5_LAND/DAILY_AGGR,0.07*L1 + 0.21*L2 + 0.72*L3,-1*native_potential_evaporation_sum*1000,BLOCK_8.0D_R_v1
2025-01-06,1736121600000,4.914352319779851,0.4019561429473935,0.4055754711173174,0.3990030233570605,0.4005899557580378,283.21551509629325,10.06551509629328,-0.0036022151481209,-3.6022151481209463,3.6022151481209463,Razuhuillca_microcatchment,79.59237993166853,UCSB-CHG/CHIRPS/DAILY,ECMWF/ERA5_LAND/DAILY_AGGR,0.07*L1 + 0.21*L2 + 0.72*L3,-1*native_potential_evaporation_sum*1000,BLOCK_8.0D_R_v1
2025-01-07,1736208000000,0.0,0.4045105972731044,0.404497330358722,0.3987784780748547,0.4003806853983443,283.42804626508945,10.278046265089475,-0.0043785818825567,-4.378581882556738,4.378581882556738,Razuhuillca_microcatchment,79.59237993166853,UCSB-CHG/CHIRPS/DAILY,ECMWF/ERA5_LAND/DAILY_AGGR,0.07*L1 + 0.21*L2 + 0.72*L3,-1*native_potential_evaporation_sum*1000,BLOCK_8.0D_R_v1
2025-01-08,1736294400000,6.635681357412112,0.40419111086454,0.4011646483904594,0.3983007699308597,0.3993145082727332,283.145172229392,9.995172229392002,-0.0036405460596773,-3.640546059677366,3.640546059677366,Razuhuillca_microcatchment,79.59237993166853,UCSB-CHG/CHIRPS/DAILY,ECMWF/ERA5_LAND/DAILY_AGGR,0.07*L1 + 0.21*L2 + 0.72*L3,-1*native_potential_evaporation_sum*1000,BLOCK_8.0D_R_v1
2025-01-09,1736380800000,1.291316065759886,0.4044198420236105,0.404602414610758,0.3980937546158571,0.3999033993333291,283.1118019853713,9.96180198537134,-0.0036082423232883,-3.6082423232883385,3.6082423232883385,Razuhuillca_microcatchment,79.59237993166853,UCSB-CHG/CHIRPS/DAILY,ECMWF/ERA5_LAND/DAILY_AGGR,0.07*L1 + 0.21*L2 + 0.72*L3,-1*native_potential_evaporation_sum*1000,BLOCK_8.0D_R_v1
2025-01-10,1736467200000,2.170890889707066,0.4130775069455421,0.4084595513022244,0.3982604583563832,0.4014394612762509,283.00002258682986,9.85002258682988,-0.0043075078656907,-4.30750786569077,4.30750786569077,Razuhuillca_microcatchment,79.59237993166853,UCSB-CHG/CHIRPS/DAILY,ECMWF/ERA5_LAND/DAILY_AGGR,0.07*L1 + 0.21*L2 + 0.72*L3,-1*native_potential_evaporation_sum*1000,BLOCK_8.0D_R_v1
2025-01-11,1736553600000,0.0,0.4069580893985109,0.4074265327527113,0.3988407076209037,0.4012119476230158,283.115530657171,9.965530657171058,-0.004112908089092,-4.112908089092012,4.112908089092012,Razuhuillca_microcatchment,79.59237993166853,UCSB-CHG/CHIRPS/DAILY,ECMWF/ERA5_LAND/DAILY_AGGR,0.07*L1 + 0.21*L2 + 0.72*L3,-1*native_potential_evaporation_sum*1000,BLOCK_8.0D_R_v1
2025-01-12,1736640000000,30.178793384915316,0.4093051976551209,0.4084105629452391,0.3992543597212187,0.4018807210536361,283.5499000181812,10.3999000181812,-0.0040272035867492,-4.027203586749258,4.027203586749258,Razuhuillca_microcatchment,79.59237993166853,UCSB-CHG/CHIRPS/DAILY,ECMWF/ERA5_LAND/DAILY_AGGR,0.07*L1 + 0.21*L2 + 0.72*L3,-1*native_potential_evaporation_sum*1000,BLOCK_8.0D_R_v1
2025-01-13,1736726400000,0.0,0.3902718538493778,0.4017462500717369,0.3991017203799561,0.3990389809580896,284.6780728246435,11.528072824643534,-0.0058942099527127,-5.894209952712748,5.894209952712748,Razuhuillca_microcatchment,79.59237993166853,UCSB-CHG/CHIRPS/DAILY,ECMWF/ERA5_LAND/DAILY_AGGR,0.07*L1 + 0.21*L2 + 0.72*L3,-1*native_potential_evaporation_sum*1000,BLOCK_8.0D_R_v1
2025-01-14,1736812800000,0.0,0.3678454250269543,0.3883405292194933,0.3976164250015523,0.393584516889098,284.4258665294316,11.275866529431651,-0.0060440635663925,-6.044063566392556,6.044063566392556,Razuhuillca_microcatchment,79.59237993166853,UCSB-CHG/CHIRPS/DAILY,ECMWF/ERA5_LAND/DAILY_AGGR,0.07*L1 + 0.21*L2 + 0.72*L3,-1*native_potential_evaporation_sum*1000,BLOCK_8.0D_R_v1
2025-01-15,1736899200000,0.0,0.3495159516674475,0.3746191991317249,0.3955671167098029,0.3879444724654415,284.7155376904731,11.565537690473214,-0.0065388884072358,-6.538888407235889,6.538888407235889,Razuhuillca_microcatchment,79.59237993166853,UCSB-CHG/CHIRPS/DAILY,ECMWF/ERA5_LAND/DAILY_AGGR,0.07*L1 + 0.21*L2 + 0.72*L3,-1*native_potential_evaporation_sum*1000,BLOCK_8.0D_R_v1
2025-01-16,1736985600000,0.0,0.3391508789650506,0.3626270661694006,0.3932930720334797,0.383063257287233,283.64556768266687,10.495567682666852,-0.0049135371870388,-4.913537187038818,4.913537187038818,Razuhuillca_microcatchment,79.59237993166853,UCSB-CHG/CHIRPS/DAILY,ECMWF/ERA5_LAND/DAILY_AGGR,0.07*L1 + 0.21*L2 + 0.72*L3,-1*native_potential_evaporation_sum*1000,BLOCK_8.0D_R_v1
2025-01-17,1737072000000,0.0,0.346915136642309,0.3565031356664521,0.3913291681249247,0.3809067191048624,283.059800815031,9.909800815031028,-0.00483811715607,-4.838117156070092,4.838117156070092,Razuhuillca_microcatchment,79.59237993166853,UCSB-CHG/CHIRPS/DAILY,ECMWF/ERA5_LAND/DAILY_AGGR,0.07*L1 + 0.21*L2 + 0.72*L3,-1*native_potential_evaporation_sum*1000,BLOCK_8.0D_R_v1
2025-01-18,1737158400000,0.131217717060021,0.3645992830309565,0.3558706860551484,0.3894843724421682,0.3806835420421092,282.78392911554533,9.633929115545351,-0.0049667537556907,-4.966753755690735,4.966753755690735,Razuhuillca_microcatchment,79.59237993166853,UCSB-CHG/CHIRPS/DAILY,ECMWF/ERA5_LAND/DAILY_AGGR,0.07*L1 + 0.21*L2 + 0.72*L3,-1*native_potential_evaporation_sum*1000,BLOCK_8.0D_R_v1
2025-01-19,1737244800000,10.18745239575704,0.3782335071894475,0.3603336981036529,0.3878586168234059,0.3814046262178807,283.2695763354586,10.119576335458664,-0.004660957552105,-4.660957552105016,4.660957552105016,Razuhuillca_microcatchment,79.59237993166853,UCSB-CHG/CHIRPS/DAILY,ECMWF/ERA5_LAND/DAILY_AGGR,0.07*L1 + 0.21*L2 + 0.72*L3,-1*native_potential_evaporation_sum*1000,BLOCK_8.0D_R_v1
2025-01-20,1737331200000,9.688235668908982,0.3923471888136082,0.3692900376512825,0.3866265284073376,0.3833863115770048,282.6739557740316,9.52395577403163,-0.0036947691888478,-3.694769188847845,3.694769188847845,Razuhuillca_microcatchment,79.59237993166853,UCSB-CHG/CHIRPS/DAILY,ECMWF/ERA5_LAND/DAILY_AGGR,0.07*L1 + 0.21*L2 + 0.72*L3,-1*native_potential_evaporation_sum*1000,BLOCK_8.0D_R_v1
2025-01-21,1737417600000,1.1995614334231333,0.4180621255569605,0.3979086315471082,0.3865881646069948,0.3911686399309161,281.9359966086974,8.78599660869742,-0.0039150013744486,-3.915001374448655,3.915001374448655,Razuhuillca_microcatchment,79.59237993166853,UCSB-CHG/CHIRPS/DAILY,ECMWF/ERA5_LAND/DAILY_AGGR,0.07*L1 + 0.21*L2 + 0.72*L3,-1*native_potential_evaporation_sum*1000,BLOCK_8.0D_R_v1
2025-01-22,1737504000000,0.2004284913030763,0.4117084091568728,0.4075271260991031,0.3885899986605194,0.3941850841573666,281.963511351216,8.813511351216077,-0.0040538031069529,-4.053803106952953,4.053803106952953,Razuhuillca_microcatchment,79.59237993166853,UCSB-CHG/CHIRPS/DAILY,ECMWF/ERA5_LAND/DAILY_AGGR,0.07*L1 + 0.21*L2 + 0.72*L3,-1*native_potential_evaporation_sum*1000,BLOCK_8.0D_R_v1
2025-01-23,1737590400000,3.0685784362611312,0.3955363602537181,0.4032498214515876,0.3901922229627194,0.3933084082557516,282.1377224747616,8.98772247476159,-0.0048272100228794,-4.827210022879473,4.827210022879473,Razuhuillca_microcatchment,79.59237993166853,UCSB-CHG/CHIRPS/DAILY,ECMWF/ERA5_LAND/DAILY_AGGR,0.07*L1 + 0.21*L2 + 0.72*L3,-1*native_potential_evaporation_sum*1000,BLOCK_8.0D_R_v1
2025-01-24,1737676800000,1.004927738525328,0.379326829561149,0.3934452409689137,0.3902333687725325,0.3901444041889755,282.2783362879229,9.128336287922952,-0.0047249407265227,-4.724940726522766,4.724940726522766,Razuhuillca_microcatchment,79.59237993166853,UCSB-CHG/CHIRPS/DAILY,ECMWF/ERA5_LAND/DAILY_AGGR,0.07*L1 + 0.21*L2 + 0.72*L3,-1*native_potential_evaporation_sum*1000,BLOCK_8.0D_R_v1
2025-01-25,1737763200000,0.553524980277178,0.3697510904889116,0.3847650112673956,0.3894880658629313,0.3871146361216873,282.8251314585838,9.67513145858385,-0.0050785823622879,-5.078582362287995,5.078582362287995,Razuhuillca_microcatchment,79.59237993166853,UCSB-CHG/CHIRPS/DAILY,ECMWF/ERA5_LAND/DAILY_AGGR,0.07*L1 + 0.21*L2 + 0.72*L3,-1*native_potential_evaporation_sum*1000,BLOCK_8.0D_R_v1
2025-01-26,1737849600000,6.669804064290865,0.3688606343058033,0.3771786404942271,0.3884047396150856,0.3846791714280557,282.616820120398,9.466820120398037,-0.0040848244821405,-4.084824482140513,4.084824482140513,Razuhuillca_microcatchment,79.59237993166853,UCSB-CHG/CHIRPS/DAILY,ECMWF/ERA5_LAND/DAILY_AGGR,0.07*L1 + 0.21*L2 + 0.72*L3,-1*native_potential_evaporation_sum*1000,BLOCK_8.0D_R_v1
2025-01-27,1737936000000,0.0,0.3991521383296547,0.3808969927660991,0.3875666748811284,0.3869770240783691,282.77738098188627,9.627380981886326,-0.0037981769166929,-3.798176916692986,3.798176916692986,Razuhuillca_microcatchment,79.59237993166853,UCSB-CHG/CHIRPS/DAILY,ECMWF/ERA5_LAND/DAILY_AGGR,0.07*L1 + 0.21*L2 + 0.72*L3,-1*native_potential_evaporation_sum*1000,BLOCK_8.0D_R_v1
2025-01-28,1738022400000,0.8301667315619333,0.408257453198148,0.3940170008782476,0.387458408039659,0.3902916456968568,282.4918684325466,9.341868432546658,-0.0030299362678059,-3.029936267805926,3.029936267805926,Razuhuillca_microcatchment,79.59237993166853,UCSB-CHG/CHIRPS/DAILY,ECMWF/ERA5_LAND/DAILY_AGGR,0.07*L1 + 0.21*L2 + 0.72*L3,-1*native_potential_evaporation_sum*1000,BLOCK_8.0D_R_v1
2025-01-29,1738108800000,0.0,0.399206069622885,0.4020409850486211,0.389224480572004,0.3926146577456554,282.6340134093298,9.484013409329782,-0.0047869842951697,-4.786984295169741,4.786984295169741,Razuhuillca_microcatchment,79.59237993166853,UCSB-CHG/CHIRPS/DAILY,ECMWF/ERA5_LAND/DAILY_AGGR,0.07*L1 + 0.21*L2 + 0.72*L3,-1*native_potential_evaporation_sum*1000,BLOCK_8.0D_R_v1
2025-01-30,1738195200000,15.866392511697043,0.3872110627749522,0.3953680468432476,0.3897395859793661,0.3907445661364722,282.8597562528988,9.70975625289891,-0.0044021363117102,-4.402136311710226,4.402136311710226,Razuhuillca_microcatchment,79.59237993166853,UCSB-CHG/CHIRPS/DAILY,ECMWF/ERA5_LAND/DAILY_AGGR,0.07*L1 + 0.21*L2 + 0.72*L3,-1*native_potential_evaporation_sum*1000,BLOCK_8.0D_R_v1
2025-01-31,1738281600000,0.0,0.3787050228817155,0.387860347769853,0.3893199729551929,0.3882704051611281,283.0140669644453,9.864066964445346,-0.0044312905197198,-4.431290519719868,4.431290519719868,Razuhuillca_microcatchment,79.59237993166853,UCSB-CHG/CHIRPS/DAILY,ECMWF/ERA5_LAND/DAILY_AGGR,0.07*L1 + 0.21*L2 + 0.72*L3,-1*native_potential_evaporation_sum*1000,BLOCK_8.0D_R_v1
2025-02-01,1738368000000,3.6327883657954985,0.4099769445283334,0.3939378109970533,0.3889581867725173,0.3914752209025769,282.722356910191,9.572356910191072,-0.0034751131527685,-3.4751131527685706,3.4751131527685706,Razuhuillca_microcatchment,79.59237993166853,UCSB-CHG/CHIRPS/DAILY,ECMWF/ERA5_LAND/DAILY_AGGR,0.07*L1 + 0.21*L2 + 0.72*L3,-1*native_potential_evaporation_sum*1000,BLOCK_8.0D_R_v1
2025-02-02,1738454400000,2.2253424507521444,0.4181919612406765,0.4169956310176665,0.3920921700538238,0.3991488822393104,283.98582351552267,10.835823515522696,-0.0052548858816224,-5.254885881622402,5.254885881622402,Razuhuillca_microcatchment,79.59237993166853,UCSB-CHG/CHIRPS/DAILY,ECMWF/ERA5_LAND/DAILY_AGGR,0.07*L1 + 0.21*L2 + 0.72*L3,-1*native_potential_evaporation_sum*1000,BLOCK_8.0D_R_v1
2025-02-03,1738540800000,0.0,0.3931489955483144,0.4057324764126757,0.3948814487641027,0.3970388928451979,283.8804092848232,10.730409284823212,-0.0054708128805794,-5.470812880579447,5.470812880579447,Razuhuillca_microcatchment,79.59237993166853,UCSB-CHG/CHIRPS/DAILY,ECMWF/ERA5_LAND/DAILY_AGGR,0.07*L1 + 0.21*L2 + 0.72*L3,-1*native_potential_evaporation_sum*1000,BLOCK_8.0D_R_v1
2025-02-04,1738627200000,6.462405510246754,0.4207737248297601,0.4110305984585272,0.3954363953401128,0.400484791059255,282.76991493945405,9.61991493945409,-0.0029061665769257,-2.9061665769257297,2.9061665769257297,Razuhuillca_microcatchment,79.59237993166853,UCSB-CHG/CHIRPS/DAILY,ECMWF/ERA5_LAND/DAILY_AGGR,0.07*L1 + 0.21*L2 + 0.72*L3,-1*native_potential_evaporation_sum*1000,BLOCK_8.0D_R_v1
2025-02-05,1738713600000,0.0,0.4060743879490964,0.4161751440265045,0.3997236777362566,0.4036230353721075,282.6851848793397,9.535184879339749,-0.0051571378818137,-5.157137881813711,5.157137881813711,Razuhuillca_microcatchment,79.59237993166853,UCSB-CHG/CHIRPS/DAILY,ECMWF/ERA5_LAND/DAILY_AGGR,0.07*L1 + 0.21*L2 + 0.72*L3,-1*native_potential_evaporation_sum*1000,BLOCK_8.0D_R_v1
2025-02-06,1738800000000,1.2043805447007927,0.3867662168881337,0.4017831218035925,0.4002600910576321,0.3996353563224189,282.362136649718,9.212136649717982,-0.0043837431538311,-4.383743153831173,4.383743153831173,Razuhuillca_microcatchment,79.59237993166853,UCSB-CHG/CHIRPS/DAILY,ECMWF/ERA5_LAND/DAILY_AGGR,0.07*L1 + 0.21*L2 + 0.72*L3,-1*native_potential_evaporation_sum*1000,BLOCK_8.0D_R_v1
2025-02-07,1738886400000,3.2752658866700664,0.3774597300270388,0.3916491543396818,0.3992448523784189,0.3961247972256874,282.95886102944667,9.80886102944672,-0.0054046397522694,-5.40463975226948,5.40463975226948,Razuhuillca_microcatchment,79.59237993166853,UCSB-CHG/CHIRPS/DAILY,ECMWF/ERA5_LAND/DAILY_AGGR,0.07*L1 + 0.21*L2 + 0.72*L3,-1*native_potential_evaporation_sum*1000,BLOCK_8.0D_R_v1
2025-02-08,1738972800000,8.26075178313823,0.3772080151331907,0.3824068043732688,0.3977326740419244,0.3930775152878954,282.7233074680688,9.57330746806886,-0.0029763510030818,-2.976351003081812,2.976351003081812,Razuhuillca_microcatchment,79.59237993166853,UCSB-CHG/CHIRPS/DAILY,ECMWF/ERA5_LAND/DAILY_AGGR,0.07*L1 + 0.21*L2 + 0.72*L3,-1*native_potential_evaporation_sum*1000,BLOCK_8.0D_R_v1
2025-02-09,1739059200000,4.884692649756159,0.4082995508447547,0.3909952865629986,0.3967716827098574,0.3963655902884598,282.5309501897852,9.380950189785242,-0.0031062535553998,-3.1062535553998343,3.1062535553998343,Razuhuillca_microcatchment,79.59237993166853,UCSB-CHG/CHIRPS/DAILY,ECMWF/ERA5_LAND/DAILY_AGGR,0.07*L1 + 0.21*L2 + 0.72*L3,-1*native_potential_evaporation_sum*1000,BLOCK_8.0D_R_v1
2025-02-10,1739145600000,9.307761419387091,0.4128715867941089,0.4024035981165421,0.3965355500090788,0.3989113626865982,282.8256899883292,9.675689988329244,-0.0034422291324317,-3.4422291324317795,3.4422291324317795,Razuhuillca_microcatchment,79.59237993166853,UCSB-CHG/CHIRPS/DAILY,ECMWF/ERA5_LAND/DAILY_AGGR,0.07*L1 + 0.21*L2 + 0.72*L3,-1*native_potential_evaporation_sum*1000,BLOCK_8.0D_R_v1
2025-02-11,1739232000000,6.464307617218722,0.4111319598894358,0.410888987928916,0.3981880636343836,0.4017613304740891,282.9203959448489,9.770395944848923,-0.0038920202093317,-3.892020209331733,3.892020209331733,Razuhuillca_microcatchment,79.59237993166853,UCSB-CHG/CHIRPS/DAILY,ECMWF/ERA5_LAND/DAILY_AGGR,0.07*L1 + 0.21*L2 + 0.72*L3,-1*native_potential_evaporation_sum*1000,BLOCK_8.0D_R_v1
2025-02-12,1739318400000,11.762698633330208,0.4232568942972231,0.4205488818688658,0.4017484918495134,0.4072021619249171,281.7886174262604,8.638617426260389,-0.0014660298135239,-1.4660298135239265,1.4660298135239265,Razuhuillca_microcatchment,79.59237993166853,UCSB-CHG/CHIRPS/DAILY,ECMWF/ERA5_LAND/DAILY_AGGR,0.07*L1 + 0.21*L2 + 0.72*L3,-1*native_potential_evaporation_sum*1000,BLOCK_8.0D_R_v1
2025-02-13,1739404800000,3.539166071585247,0.4234391949310008,0.4249019659553189,0.4128406171853831,0.4161154008692629,281.76236259225243,8.612362592252484,-0.002657578170644,-2.657578170644065,2.657578170644065,Razuhuillca_microcatchment,79.59237993166853,UCSB-CHG/CHIRPS/DAILY,ECMWF/ERA5_LAND/DAILY_AGGR,0.07*L1 + 0.21*L2 + 0.72*L3,-1*native_potential_evaporation_sum*1000,BLOCK_8.0D_R_v1
2025-02-14,1739491200000,5.341563059460549,0.4134582820884984,0.418209197204237,0.4148168435216179,0.4154341384946496,282.67926568562353,9.529265685623574,-0.0040151059541399,-4.015105954139908,4.015105954139908,Razuhuillca_microcatchment,79.59237993166853,UCSB-CHG/CHIRPS/DAILY,ECMWF/ERA5_LAND/DAILY_AGGR,0.07*L1 + 0.21*L2 + 0.72*L3,-1*native_potential_evaporation_sum*1000,BLOCK_8.0D_R_v1
2025-02-15,1739577600000,8.002786725049926,0.4244605268357115,0.4206323495030633,0.4150282431659441,0.4168653653536228,283.3794472571283,10.229447257128308,-0.0038118232364599,-3.811823236459941,3.811823236459941,Razuhuillca_microcatchment,79.59237993166853,UCSB-CHG/CHIRPS/DAILY,ECMWF/ERA5_LAND/DAILY_AGGR,0.07*L1 + 0.21*L2 + 0.72*L3,-1*native_potential_evaporation_sum*1000,BLOCK_8.0D_R_v1
2025-02-16,1739664000000,0.1461559544716562,0.4167624530534983,0.4208470750635988,0.4162657706494046,0.4172626123446719,282.9476824707148,9.797682470714896,-0.0035345010416356,-3.5345010416356124,3.5345010416356124,Razuhuillca_microcatchment,79.59237993166853,UCSB-CHG/CHIRPS/DAILY,ECMWF/ERA5_LAND/DAILY_AGGR,0.07*L1 + 0.21*L2 + 0.72*L3,-1*native_potential_evaporation_sum*1000,BLOCK_8.0D_R_v1
2025-02-17,1739750400000,10.21322571237882,0.424845737758629,0.4259321547197698,0.4197298759210546,0.4213904647974149,282.24172894251825,9.091728942518314,-0.0026196234918743,-2.61962349187432,2.61962349187432,Razuhuillca_microcatchment,79.59237993166853,UCSB-CHG/CHIRPS/DAILY,ECMWF/ERA5_LAND/DAILY_AGGR,0.07*L1 + 0.21*L2 + 0.72*L3,-1*native_potential_evaporation_sum*1000,BLOCK_8.0D_R_v1
2025-02-18,1739836800000,3.727299891057468,0.4231823165981755,0.424123407558669,0.4224293401934967,0.4228378026885104,282.258045104657,9.108045104657078,-0.002576283421475,-2.5762834214750745,2.5762834214750745,Razuhuillca_microcatchment,79.59237993166853,UCSB-CHG/CHIRPS/DAILY,ECMWF/ERA5_LAND/DAILY_AGGR,0.07*L1 + 0.21*L2 + 0.72*L3,-1*native_potential_evaporation_sum*1000,BLOCK_8.0D_R_v1
2025-02-19,1739923200000,1.4389894029923849,0.4150427375455352,0.4196521854584386,0.4217249148153845,0.4208218892415364,282.2436950294039,9.093695029403923,-0.0041479141467568,-4.14791414675685,4.14791414675685,Razuhuillca_microcatchment,79.59237993166853,UCSB-CHG/CHIRPS/DAILY,ECMWF/ERA5_LAND/DAILY_AGGR,0.07*L1 + 0.21*L2 + 0.72*L3,-1*native_potential_evaporation_sum*1000,BLOCK_8.0D_R_v1
2025-02-20,1740009600000,14.445437919525872,0.4194622885055395,0.4168196992378014,0.4202037032169643,0.4194411633515403,282.2186955652255,9.06869556522556,-0.0027988475957357,-2.798847595735781,2.798847595735781,Razuhuillca_microcatchment,79.59237993166853,UCSB-CHG/CHIRPS/DAILY,ECMWF/ERA5_LAND/DAILY_AGGR,0.07*L1 + 0.21*L2 + 0.72*L3,-1*native_potential_evaporation_sum*1000,BLOCK_8.0D_R_v1
2025-02-21,1740096000000,0.0,0.4216007901524302,0.4280543685648482,0.4229145785057935,0.4239019692334596,282.85629204472593,9.706292044725986,-0.0045219726559054,-4.521972655905464,4.521972655905464,Razuhuillca_microcatchment,79.59237993166853,UCSB-CHG/CHIRPS/DAILY,ECMWF/ERA5_LAND/DAILY_AGGR,0.07*L1 + 0.21*L2 + 0.72*L3,-1*native_potential_evaporation_sum*1000,BLOCK_8.0D_R_v1
2025-02-22,1740182400000,0.0,0.4085484727039961,0.4130251265215277,0.4224924517504741,0.4195282349191419,282.94176089556913,9.791760895569212,-0.0036073808552901,-3.6073808552901863,3.6073808552901863,Razuhuillca_microcatchment,79.59237993166853,UCSB-CHG/CHIRPS/DAILY,ECMWF/ERA5_LAND/DAILY_AGGR,0.07*L1 + 0.21*L2 + 0.72*L3,-1*native_potential_evaporation_sum*1000,BLOCK_8.0D_R_v1
2025-02-23,1740268800000,37.29536654551824,0.4242069817691868,0.4261101114497249,0.4236082029250774,0.424175518234341,282.6737560059064,9.523756005906453,-0.0034187213878411,-3.4187213878411087,3.4187213878411087,Razuhuillca_microcatchment,79.59237993166853,UCSB-CHG/CHIRPS/DAILY,ECMWF/ERA5_LAND/DAILY_AGGR,0.07*L1 + 0.21*L2 + 0.72*L3,-1*native_potential_evaporation_sum*1000,BLOCK_8.0D_R_v1
2025-02-24,1740355200000,0.0,0.4068137850605224,0.4153866556568182,0.4239787871667644,0.4209728894022388,283.1562031762448,10.006203176244842,-0.0054029008384384,-5.402900838438486,5.402900838438486,Razuhuillca_microcatchment,79.59237993166853,UCSB-CHG/CHIRPS/DAILY,ECMWF/ERA5_LAND/DAILY_AGGR,0.07*L1 + 0.21*L2 + 0.72*L3,-1*native_potential_evaporation_sum*1000,BLOCK_8.0D_R_v1
2025-02-25,1740441600000,1.2586338676157451,0.385114603648985,0.3982574558441809,0.4209605310693641,0.4136836703526491,282.9842613896423,9.834261389642332,-0.0047746172357845,-4.774617235784586,4.774617235784586,Razuhuillca_microcatchment,79.59237993166853,UCSB-CHG/CHIRPS/DAILY,ECMWF/ERA5_LAND/DAILY_AGGR,0.07*L1 + 0.21*L2 + 0.72*L3,-1*native_potential_evaporation_sum*1000,BLOCK_8.0D_R_v1
2025-02-26,1740528000000,0.224288323694574,0.3756188335675954,0.3849290763252272,0.4172956286597573,0.4075812770130546,283.2625289689139,10.112528968913969,-0.0044037753533076,-4.403775353307669,4.403775353307669,Razuhuillca_microcatchment,79.59237993166853,UCSB-CHG/CHIRPS/DAILY,ECMWF/ERA5_LAND/DAILY_AGGR,0.07*L1 + 0.21*L2 + 0.72*L3,-1*native_potential_evaporation_sum*1000,BLOCK_8.0D_R_v1
2025-02-27,1740614400000,0.2964284959737034,0.3780843775166711,0.3777627191561954,0.4133996945125748,0.403443857498022,283.48782360392954,10.337823603929602,-0.0047406044740208,-4.740604474020831,4.740604474020831,Razuhuillca_microcatchment,79.59237993166853,UCSB-CHG/CHIRPS/DAILY,ECMWF/ERA5_LAND/DAILY_AGGR,0.07*L1 + 0.21*L2 + 0.72*L3,-1*native_potential_evaporation_sum*1000,BLOCK_8.0D_R_v1
2025-02-28,1740700800000,1.2609023377299309,0.394622034649858,0.3786867799556783,0.4097047339055349,0.4021351746281676,283.8327428123165,10.682742812316569,-0.0043745116691368,-4.3745116691368855,4.3745116691368855,Razuhuillca_microcatchment,79.59237993166853,UCSB-CHG/CHIRPS/DAILY,ECMWF/ERA5_LAND/DAILY_AGGR,0.07*L1 + 0.21*L2 + 0.72*L3,-1*native_potential_evaporation_sum*1000,BLOCK_8.0D_R_v1
2025-03-01,1740787200000,13.428561603739148,0.4232563577405749,0.404095074574612,0.4071415623718143,0.4076298356102151,283.01882557143136,9.868825571431392,-0.0031648044382905,-3.164804438290568,3.164804438290568,Razuhuillca_microcatchment,79.59237993166853,UCSB-CHG/CHIRPS/DAILY,ECMWF/ERA5_LAND/DAILY_AGGR,0.07*L1 + 0.21*L2 + 0.72*L3,-1*native_potential_evaporation_sum*1000,BLOCK_8.0D_R_v1
2025-03-02,1740873600000,1.6117920038245974,0.4243384601982572,0.4215408170843399,0.4080991947122622,0.4120586839944181,282.87973729172194,9.729737291721976,-0.0029512183428499,-2.951218342849973,2.951218342849973,Razuhuillca_microcatchment,79.59237993166853,UCSB-CHG/CHIRPS/DAILY,ECMWF/ERA5_LAND/DAILY_AGGR,0.07*L1 + 0.21*L2 + 0.72*L3,-1*native_potential_evaporation_sum*1000,BLOCK_8.0D_R_v1
2025-03-03,1740960000000,0.0,0.4238564338757583,0.4273494691058619,0.4167418838236373,0.4194674952365529,282.6802308775326,9.530230877532691,-0.0035421889641381,-3.5421889641381408,3.5421889641381408,Razuhuillca_microcatchment,79.59237993166853,UCSB-CHG/CHIRPS/DAILY,ECMWF/ERA5_LAND/DAILY_AGGR,0.07*L1 + 0.21*L2 + 0.72*L3,-1*native_potential_evaporation_sum*1000,BLOCK_8.0D_R_v1
2025-03-04,1741046400000,21.52829228696369,0.4196185404165631,0.4211913092287979,0.4189252320511952,0.4194496398440674,282.2620162486111,9.112016248611146,-0.0029533816813733,-2.9533816813733536,2.9533816813733536,Razuhuillca_microcatchment,79.59237993166853,UCSB-CHG/CHIRPS/DAILY,ECMWF/ERA5_LAND/DAILY_AGGR,0.07*L1 + 0.21*L2 + 0.72*L3,-1*native_potential_evaporation_sum*1000,BLOCK_8.0D_R_v1
2025-03-05,1741132800000,15.71288335749081,0.4315413252696367,0.4310398873566203,0.4217308867643793,0.4243725075841179,281.6000888508409,8.450088850840931,-0.0022424595548927,-2.242459554892744,2.242459554892744,Razuhuillca_microcatchment,79.59237993166853,UCSB-CHG/CHIRPS/DAILY,ECMWF/ERA5_LAND/DAILY_AGGR,0.07*L1 + 0.21*L2 + 0.72*L3,-1*native_potential_evaporation_sum*1000,BLOCK_8.0D_R_v1
2025-03-06,1741219200000,0.0,0.4152108745538201,0.4221503233863669,0.4254799587418807,0.4240618994240585,282.0563734161141,8.906373416114185,-0.00343159138295,-3.431591382950028,3.431591382950028,Razuhuillca_microcatchment,79.59237993166853,UCSB-CHG/CHIRPS/DAILY,ECMWF/ERA5_LAND/DAILY_AGGR,0.07*L1 + 0.21*L2 + 0.72*L3,-1*native_potential_evaporation_sum*1000,BLOCK_8.0D_R_v1
2025-03-07,1741305600000,0.0,0.4251855361438669,0.4253837019492205,0.4247262252778216,0.4248964471394386,282.7849974696577,9.634997469657671,-0.0036548855849084,-3.654885584908413,3.654885584908413,Razuhuillca_microcatchment,79.59237993166853,UCSB-CHG/CHIRPS/DAILY,ECMWF/ERA5_LAND/DAILY_AGGR,0.07*L1 + 0.21*L2 + 0.72*L3,-1*native_potential_evaporation_sum*1000,BLOCK_8.0D_R_v1
2025-03-08,1741392000000,15.495282210054851,0.422130037135012,0.4225264312214933,0.4244997175213,0.4239194497713004,282.08465870543023,8.93465870543026,-0.0025531327448828,-2.553132744882837,2.553132744882837,Razuhuillca_microcatchment,79.59237993166853,UCSB-CHG/CHIRPS/DAILY,ECMWF/ERA5_LAND/DAILY_AGGR,0.07*L1 + 0.21*L2 + 0.72*L3,-1*native_potential_evaporation_sum*1000,BLOCK_8.0D_R_v1
2025-03-09,1741478400000,0.0,0.4220861129907743,0.4254167663339016,0.4248641093112599,0.4247857075435807,282.2805840927741,9.130584092774168,-0.0030324957360421,-3.0324957360422,3.0324957360422,Razuhuillca_microcatchment,79.59237993166853,UCSB-CHG/CHIRPS/DAILY,ECMWF/ERA5_LAND/DAILY_AGGR,0.07*L1 + 0.21*L2 + 0.72*L3,-1*native_potential_evaporation_sum*1000,BLOCK_8.0D_R_v1
2025-03-10,1741564800000,14.38782619294666,0.4222824228981326,0.4223508926715005,0.4250072670350414,0.4242586893291142,282.5557732738281,9.40577327382818,-0.0032877203701548,-3.2877203701548487,3.2877203701548487,Razuhuillca_microcatchment,79.59237993166853,UCSB-CHG/CHIRPS/DAILY,ECMWF/ERA5_LAND/DAILY_AGGR,0.07*L1 + 0.21*L2 + 0.72*L3,-1*native_potential_evaporation_sum*1000,BLOCK_8.0D_R_v1
2025-03-11,1741651200000,0.0,0.4171546465629328,0.421030559062039,0.4249439827509239,0.4235769102430987,282.1474702574154,8.997470257415502,-0.0034620272200231,-3.462027220023161,3.462027220023161,Razuhuillca_microcatchment,79.59237993166853,UCSB-CHG/CHIRPS/DAILY,ECMWF/ERA5_LAND/DAILY_AGGR,0.07*L1 + 0.21*L2 + 0.72*L3,-1*native_potential_evaporation_sum*1000,BLOCK_8.0D_R_v1
2025-03-12,1741737600000,12.119515084085013,0.4154583043445742,0.4161005883777302,0.42363575106641,0.4214809456312586,282.55949489689056,9.409494896890598,-0.0032160394109053,-3.216039410905342,3.216039410905342,Razuhuillca_microcatchment,79.59237993166853,UCSB-CHG/CHIRPS/DAILY,ECMWF/ERA5_LAND/DAILY_AGGR,0.07*L1 + 0.21*L2 + 0.72*L3,-1*native_potential_evaporation_sum*1000,BLOCK_8.0D_R_v1
2025-03-13,1741824000000,8.920508918308078,0.4181561736472539,0.4170345938504315,0.4225527849730269,0.4210862020444778,282.54348217591155,9.393482175911592,-0.0027282666953312,-2.728266695331287,2.728266695331287,Razuhuillca_microcatchment,79.59237993166853,UCSB-CHG/CHIRPS/DAILY,ECMWF/ERA5_LAND/DAILY_AGGR,0.07*L1 + 0.21*L2 + 0.72*L3,-1*native_potential_evaporation_sum*1000,BLOCK_8.0D_R_v1
2025-03-14,1741910400000,8.57348172437577,0.4219850786389183,0.4257127655264501,0.4260280109324666,0.4256788041366547,282.0394212322198,8.88942123221984,-0.0027846669444459,-2.784666944445902,2.784666944445902,Razuhuillca_microcatchment,79.59237993166853,UCSB-CHG/CHIRPS/DAILY,ECMWF/ERA5_LAND/DAILY_AGGR,0.07*L1 + 0.21*L2 + 0.72*L3,-1*native_potential_evaporation_sum*1000,BLOCK_8.0D_R_v1
2025-03-15,1741996800000,0.0,0.4135015630997674,0.413930804743243,0.4277228390320647,0.4238310225161512,282.26662134894514,9.11662134894517,-0.0033605851103804,-3.36058511038047,3.36058511038047,Razuhuillca_microcatchment,79.59237993166853,UCSB-CHG/CHIRPS/DAILY,ECMWF/ERA5_LAND/DAILY_AGGR,0.07*L1 + 0.21*L2 + 0.72*L3,-1*native_potential_evaporation_sum*1000,BLOCK_8.0D_R_v1
2025-03-16,1742083200000,2.9591067600108327,0.4151343270303656,0.409664275329237,0.4254109156614095,0.42138475998748,282.45124472175263,9.301244721752614,-0.0027563280366748,-2.7563280366748746,2.7563280366748746,Razuhuillca_microcatchment,79.59237993166853,UCSB-CHG/CHIRPS/DAILY,ECMWF/ERA5_LAND/DAILY_AGGR,0.07*L1 + 0.21*L2 + 0.72*L3,-1*native_potential_evaporation_sum*1000,BLOCK_8.0D_R_v1
2025-03-17,1742169600000,0.0,0.4048276508015245,0.4079769884230773,0.4234201839204468,0.4188756355476747,282.18513681341915,9.035136813419182,-0.003617881048966,-3.6178810489660047,3.6178810489660047,Razuhuillca_microcatchment,79.59237993166853,UCSB-CHG/CHIRPS/DAILY,ECMWF/ERA5_LAND/DAILY_AGGR,0.07*L1 + 0.21*L2 + 0.72*L3,-1*native_potential_evaporation_sum*1000,BLOCK_8.0D_R_v1
2025-03-18,1742256000000,1.4794348418003038,0.3949189085032439,0.3969197245691553,0.4206570568341968,0.4138705466753714,282.7544141155676,9.604414115567662,-0.003788551283365,-3.788551283365039,3.788551283365039,Razuhuillca_microcatchment,79.59237993166853,UCSB-CHG/CHIRPS/DAILY,ECMWF/ERA5_LAND/DAILY_AGGR,0.07*L1 + 0.21*L2 + 0.72*L3,-1*native_potential_evaporation_sum*1000,BLOCK_8.0D_R_v1
2025-03-19,1742342400000,0.0,0.4096319349285265,0.3976782172171825,0.4174297935471139,0.4127361124145272,282.9295219869742,9.779521986974236,-0.0033109814703809,-3.3109814703809044,3.3109814703809044,Razuhuillca_microcatchment,79.59237993166853,UCSB-CHG/CHIRPS/DAILY,ECMWF/ERA5_LAND/DAILY_AGGR,0.07*L1 + 0.21*L2 + 0.72*L3,-1*native_potential_evaporation_sum*1000,BLOCK_8.0D_R_v1
2025-03-20,1742428800000,4.195228533730621,0.4104066639277287,0.406548248320416,0.4149536287164412,0.412870211298066,282.4399633131964,9.289963313196472,-0.0028351622854354,-2.8351622854354064,2.8351622854354064,Razuhuillca_microcatchment,79.59237993166853,UCSB-CHG/CHIRPS/DAILY,ECMWF/ERA5_LAND/DAILY_AGGR,0.07*L1 + 0.21*L2 + 0.72*L3,-1*native_potential_evaporation_sum*1000,BLOCK_8.0D_R_v1
2025-03-21,1742515200000,0.0,0.3951930301497207,0.4043769505671683,0.412707429860139,0.4097320212288858,282.95051700393583,9.800517003935894,-0.004203342848775,-4.203342848775014,4.203342848775014,Razuhuillca_microcatchment,79.59237993166853,UCSB-CHG/CHIRPS/DAILY,ECMWF/ERA5_LAND/DAILY_AGGR,0.07*L1 + 0.21*L2 + 0.72*L3,-1*native_potential_evaporation_sum*1000,BLOCK_8.0D_R_v1
2025-03-22,1742601600000,0.0,0.3850880110194917,0.39421035237395,0.4094426921337326,0.4045390731061813,283.0036951627346,9.853695162734567,-0.003844638263559,-3.844638263559066,3.844638263559066,Razuhuillca_microcatchment,79.59237993166853,UCSB-CHG/CHIRPS/DAILY,ECMWF/ERA5_LAND/DAILY_AGGR,0.07*L1 + 0.21*L2 + 0.72*L3,-1*native_potential_evaporation_sum*1000,BLOCK_8.0D_R_v1
2025-03-23,1742688000000,0.0,0.3800900887432354,0.387653281004213,0.4057284559128601,0.4001379834801705,283.203221609597,10.053221609597042,-0.0045968270456859,-4.596827045685982,4.596827045685982,Razuhuillca_microcatchment,79.59237993166853,UCSB-CHG/CHIRPS/DAILY,ECMWF/ERA5_LAND/DAILY_AGGR,0.07*L1 + 0.21*L2 + 0.72*L3,-1*native_potential_evaporation_sum*1000,BLOCK_8.0D_R_v1
2025-03-24,1742774400000,5.021732268588884,0.3665351169417129,0.3794476724084402,0.4015273386343366,0.3944411532084146,283.57770386183194,10.427703861831954,-0.0048767531968954,-4.876753196895466,4.876753196895466,Razuhuillca_microcatchment,79.59237993166853,UCSB-CHG/CHIRPS/DAILY,ECMWF/ERA5_LAND/DAILY_AGGR,0.07*L1 + 0.21*L2 + 0.72*L3,-1*native_potential_evaporation_sum*1000,BLOCK_8.0D_R_v1
2025-03-25,1742860800000,3.4610190157379424,0.3674627719357293,0.3724689299890301,0.397090614186546,0.3898461115475105,283.68126921754805,10.53126921754813,-0.0041982140499732,-4.19821404997324,4.19821404997324,Razuhuillca_microcatchment,79.59237993166853,UCSB-CHG/CHIRPS/DAILY,ECMWF/ERA5_LAND/DAILY_AGGR,0.07*L1 + 0.21*L2 + 0.72*L3,-1*native_potential_evaporation_sum*1000,BLOCK_8.0D_R_v1
2025-03-26,1742947200000,0.0,0.3644211903243166,0.3676302988864552,0.3926917427077688,0.3854499008384513,283.7193027084732,10.569302708473304,-0.0046521205605799,-4.652120560579907,4.652120560579907,Razuhuillca_microcatchment,79.59237993166853,UCSB-CHG/CHIRPS/DAILY,ECMWF/ERA5_LAND/DAILY_AGGR,0.07*L1 + 0.21*L2 + 0.72*L3,-1*native_potential_evaporation_sum*1000,BLOCK_8.0D_R_v1
2025-03-27,1743033600000,1.5912598224268073,0.3835421214903021,0.3675567685753853,0.3884285281848356,0.3837034101982337,283.05144089494826,9.9014408949483,-0.0035026897757039,-3.50268977570396,3.50268977570396,Razuhuillca_microcatchment,79.59237993166853,UCSB-CHG/CHIRPS/DAILY,ECMWF/ERA5_LAND/DAILY_AGGR,0.07*L1 + 0.21*L2 + 0.72*L3,-1*native_potential_evaporation_sum*1000,BLOCK_8.0D_R_v1
2025-03-28,1743120000000,0.0,0.3874324805934075,0.3754658450970071,0.3848087185839467,0.3830303784923516,283.2967880888481,10.146788088848144,-0.0041899616060229,-4.18996160602294,4.18996160602294,Razuhuillca_microcatchment,79.59237993166853,UCSB-CHG/CHIRPS/DAILY,ECMWF/ERA5_LAND/DAILY_AGGR,0.07*L1 + 0.21*L2 + 0.72*L3,-1*native_potential_evaporation_sum*1000,BLOCK_8.0D_R_v1
2025-03-29,1743206400000,1.0332529355017912,0.3870110520967398,0.3765008003955171,0.3814929969508294,0.3808308995344276,283.0678572792538,9.91785727925386,-0.0039583255100801,-3.95832551008015,3.95832551008015,Razuhuillca_microcatchment,79.59237993166853,UCSB-CHG/CHIRPS/DAILY,ECMWF/ERA5_LAND/DAILY_AGGR,0.07*L1 + 0.21*L2 + 0.72*L3,-1*native_potential_evaporation_sum*1000,BLOCK_8.0D_R_v1
2025-03-30,1743292800000,0.0,0.3919896656837537,0.3810306027215798,0.3785615380788814,0.3800200105861891,283.23963480969616,10.089634809696165,-0.003680322039334,-3.680322039334071,3.680322039334071,Razuhuillca_microcatchment,79.59237993166853,UCSB-CHG/CHIRPS/DAILY,ECMWF/ERA5_LAND/DAILY_AGGR,0.07*L1 + 0.21*L2 + 0.72*L3,-1*native_potential_evaporation_sum*1000,BLOCK_8.0D_R_v1
2025-03-31,1743379200000,7.682603176860583,0.3859783569512339,0.3800612102354193,0.3758237614567339,0.3774244473848728,283.301051299696,10.151051299696054,-0.0037787191440604,-3.778719144060432,3.778719144060432,Razuhuillca_microcatchment,79.59237993166853,UCSB-CHG/CHIRPS/DAILY,ECMWF/ERA5_LAND/DAILY_AGGR,0.07*L1 + 0.21*L2 + 0.72*L3,-1*native_potential_evaporation_sum*1000,BLOCK_8.0D_R_v1
2025-04-01,1743465600000,1.7959444991179874,0.3927953679667272,0.3834766615792276,0.3734215642675499,0.3768893009619446,282.63955278341484,9.489552783414847,-0.0038369318653393,-3.836931865339334,3.836931865339334,Razuhuillca_microcatchment,79.59237993166853,UCSB-CHG/CHIRPS/DAILY,ECMWF/ERA5_LAND/DAILY_AGGR,0.07*L1 + 0.21*L2 + 0.72*L3,-1*native_potential_evaporation_sum*1000,BLOCK_8.0D_R_v1
2025-04-02,1743552000000,20.721513694240937,0.4128029295934187,0.3943192623483882,0.3717645854619197,0.3793737516972829,281.75114458190683,8.60114458190684,-0.0016485449637291,-1.648544963729175,1.648544963729175,Razuhuillca_microcatchment,79.59237993166853,UCSB-CHG/CHIRPS/DAILY,ECMWF/ERA5_LAND/DAILY_AGGR,0.07*L1 + 0.21*L2 + 0.72*L3,-1*native_potential_evaporation_sum*1000,BLOCK_8.0D_R_v1
2025-04-03,1743638400000,0.0,0.4173101781650316,0.4100589678696354,0.3730600243129253,0.3839273132294818,282.0410444520571,8.891044452057205,-0.0028660330555342,-2.8660330555342526,2.8660330555342526,Razuhuillca_microcatchment,79.59237993166853,UCSB-CHG/CHIRPS/DAILY,ECMWF/ERA5_LAND/DAILY_AGGR,0.07*L1 + 0.21*L2 + 0.72*L3,-1*native_potential_evaporation_sum*1000,BLOCK_8.0D_R_v1
2025-04-04,1743724800000,0.0,0.4004420241868564,0.4063009030557092,0.3751669573186679,0.3834743406042198,282.58862448749284,9.438624487492884,-0.0039748572717512,-3.974857271751227,3.974857271751227,Razuhuillca_microcatchment,79.59237993166853,UCSB-CHG/CHIRPS/DAILY,ECMWF/ERA5_LAND/DAILY_AGGR,0.07*L1 + 0.21*L2 + 0.72*L3,-1*native_potential_evaporation_sum*1000,BLOCK_8.0D_R_v1
2025-04-05,1743811200000,6.567680391527357,0.4160963657504101,0.4097234362122641,0.3760123206930583,0.3858975381061061,282.12449521779547,8.97449521779557,-0.0022492655956676,-2.249265595667624,2.249265595667624,Razuhuillca_microcatchment,79.59237993166853,UCSB-CHG/CHIRPS/DAILY,ECMWF/ERA5_LAND/DAILY_AGGR,0.07*L1 + 0.21*L2 + 0.72*L3,-1*native_potential_evaporation_sum*1000,BLOCK_8.0D_R_v1
2025-04-06,1743897600000,0.0,0.4051507608049867,0.4126023492831485,0.3805598036631912,0.3890101052433079,282.2502510791109,9.100251079110992,-0.0037365182803545,-3.736518280354538,3.736518280354538,Razuhuillca_microcatchment,79.59237993166853,UCSB-CHG/CHIRPS/DAILY,ECMWF/ERA5_LAND/DAILY_AGGR,0.07*L1 + 0.21*L2 + 0.72*L3,-1*native_potential_evaporation_sum*1000,BLOCK_8.0D_R_v1
2025-04-07,1743984000000,0.0,0.3979775643762136,0.4020498933589986,0.3812023927251268,0.3867546298738158,282.86880070533823,9.718800705338282,-0.0042187558605491,-4.218755860549176,4.218755860549176,Razuhuillca_microcatchment,79.59237993166853,UCSB-CHG/CHIRPS/DAILY,ECMWF/ERA5_LAND/DAILY_AGGR,0.07*L1 + 0.21*L2 + 0.72*L3,-1*native_potential_evaporation_sum*1000,BLOCK_8.0D_R_v1
2025-04-08,1744070400000,12.818934907515848,0.3932622163511654,0.3962265338052444,0.3803640891132097,0.3845980714051938,282.81527539806325,9.665275398063304,-0.0041966568786284,-4.196656878628483,4.196656878628483,Razuhuillca_microcatchment,79.59237993166853,UCSB-CHG/CHIRPS/DAILY,ECMWF/ERA5_LAND/DAILY_AGGR,0.07*L1 + 0.21*L2 + 0.72*L3,-1*native_potential_evaporation_sum*1000,BLOCK_8.0D_R_v1
2025-04-09,1744156800000,0.0,0.3869441368676334,0.3914201438771507,0.3789784646447683,0.3821488143391691,282.6034724174896,9.453472417489666,-0.0037162279807074,-3.716227980707422,3.716227980707422,Razuhuillca_microcatchment,79.59237993166853,UCSB-CHG/CHIRPS/DAILY,ECMWF/ERA5_LAND/DAILY_AGGR,0.07*L1 + 0.21*L2 + 0.72*L3,-1*native_potential_evaporation_sum*1000,BLOCK_8.0D_R_v1
2025-04-10,1744243200000,7.550576603128797,0.4067468514561883,0.3943290416445576,0.3774714534222964,0.3830608248113437,282.71982516397173,9.569825163971748,-0.0039419999529171,-3.9419999529171537,3.9419999529171537,Razuhuillca_microcatchment,79.59237993166853,UCSB-CHG/CHIRPS/DAILY,ECMWF/ERA5_LAND/DAILY_AGGR,0.07*L1 + 0.21*L2 + 0.72*L3,-1*native_potential_evaporation_sum*1000,BLOCK_8.0D_R_v1
2025-04-11,1744329600000,1.8472164649338945,0.4108593707369472,0.4039126122388307,0.3772459673284336,0.3851989009982129,282.79497402389615,9.644974023896154,-0.0034828714466508,-3.482871446650841,3.482871446650841,Razuhuillca_microcatchment,79.59237993166853,UCSB-CHG/CHIRPS/DAILY,ECMWF/ERA5_LAND/DAILY_AGGR,0.07*L1 + 0.21*L2 + 0.72*L3,-1*native_potential_evaporation_sum*1000,BLOCK_8.0D_R_v1
2025-04-12,1744416000000,0.5243600213101932,0.4023096345522959,0.4026945220712062,0.377714190179902,0.3846817409831434,282.1009746066408,8.9509746066408,-0.0034584619664732,-3.4584619664732426,3.4584619664732426,Razuhuillca_microcatchment,79.59237993166853,UCSB-CHG/CHIRPS/DAILY,ECMWF/ERA5_LAND/DAILY_AGGR,0.07*L1 + 0.21*L2 + 0.72*L3,-1*native_potential_evaporation_sum*1000,BLOCK_8.0D_R_v1
2025-04-13,1744502400000,0.1764002703130245,0.3937923710699945,0.3972190166025032,0.3774778774018921,0.3827655311907876,282.38998086374386,9.239980863743927,-0.0039496802525713,-3.949680252571326,3.949680252571326,Razuhuillca_microcatchment,79.59237993166853,UCSB-CHG/CHIRPS/DAILY,ECMWF/ERA5_LAND/DAILY_AGGR,0.07*L1 + 0.21*L2 + 0.72*L3,-1*native_potential_evaporation_sum*1000,BLOCK_8.0D_R_v1
2025-04-14,1744588800000,0.0,0.3873528497067489,0.3909502709302368,0.3764474313842538,0.3802564069714849,282.47041061342566,9.320410613425672,-0.0034156989500012,-3.41569895000127,3.41569895000127,Razuhuillca_microcatchment,79.59237993166853,UCSB-CHG/CHIRPS/DAILY,ECMWF/ERA5_LAND/DAILY_AGGR,0.07*L1 + 0.21*L2 + 0.72*L3,-1*native_potential_evaporation_sum*1000,BLOCK_8.0D_R_v1
2025-04-15,1744675200000,0.1490945241280964,0.3758718494275631,0.3853219203177215,0.3749484979118685,0.3771915512231962,282.8311563576347,9.681156357634771,-0.0042508292749437,-4.250829274943798,4.250829274943798,Razuhuillca_microcatchment,79.59237993166853,UCSB-CHG/CHIRPS/DAILY,ECMWF/ERA5_LAND/DAILY_AGGR,0.07*L1 + 0.21*L2 + 0.72*L3,-1*native_potential_evaporation_sum*1000,BLOCK_8.0D_R_v1
2025-04-16,1744761600000,0.0,0.3598995649745698,0.3766638878912365,0.3728207126977585,0.3727232991477657,283.34534155932,10.195341559320086,-0.0044380775679742,-4.438077567974267,4.438077567974267,Razuhuillca_microcatchment,79.59237993166853,UCSB-CHG/CHIRPS/DAILY,ECMWF/ERA5_LAND/DAILY_AGGR,0.07*L1 + 0.21*L2 + 0.72*L3,-1*native_potential_evaporation_sum*1000,BLOCK_8.0D_R_v1
2025-04-17,1744848000000,0.0,0.3511975900286194,0.3680087514006334,0.3703244269927802,0.368499256530938,283.29984509095056,10.14984509095062,-0.0038588090955866,-3.858809095586656,3.858809095586656,Razuhuillca_microcatchment,79.59237993166853,UCSB-CHG/CHIRPS/DAILY,ECMWF/ERA5_LAND/DAILY_AGGR,0.07*L1 + 0.21*L2 + 0.72*L3,-1*native_potential_evaporation_sum*1000,BLOCK_8.0D_R_v1
2025-04-18,1744934400000,0.0,0.355094101157951,0.3626184334874383,0.3678358331581071,0.3658482579872557,283.1843866814997,10.034386681499749,-0.0042059222570044,-4.205922257004446,4.205922257004446,Razuhuillca_microcatchment,79.59237993166853,UCSB-CHG/CHIRPS/DAILY,ECMWF/ERA5_LAND/DAILY_AGGR,0.07*L1 + 0.21*L2 + 0.72*L3,-1*native_potential_evaporation_sum*1000,BLOCK_8.0D_R_v1
2025-04-19,1745020800000,0.0,0.3511739705109642,0.357728726602014,0.3653036275580668,0.3627238223639986,283.1201570286686,9.970157028668652,-0.0040190987332018,-4.019098733201881,4.019098733201881,Razuhuillca_microcatchment,79.59237993166853,UCSB-CHG/CHIRPS/DAILY,ECMWF/ERA5_LAND/DAILY_AGGR,0.07*L1 + 0.21*L2 + 0.72*L3,-1*native_potential_evaporation_sum*1000,BLOCK_8.0D_R_v1
2025-04-20,1745107200000,4.345591621029945,0.3701163385644813,0.3576355237721937,0.3629554094377051,0.362339498486822,282.1624232937146,9.012423293714605,-0.0022452177770565,-2.245217777056501,2.245217777056501,Razuhuillca_microcatchment,79.59237993166853,UCSB-CHG/CHIRPS/DAILY,ECMWF/ERA5_LAND/DAILY_AGGR,0.07*L1 + 0.21*L2 + 0.72*L3,-1*native_potential_evaporation_sum*1000,BLOCK_8.0D_R_v1
2025-04-21,1745193600000,0.0,0.3852021689589542,0.3657057436904466,0.361099610668616,0.3637540776835241,281.9343413240877,8.784341324087768,-0.0035739844675698,-3.573984467569803,3.573984467569803,Razuhuillca_microcatchment,79.59237993166853,UCSB-CHG/CHIRPS/DAILY,ECMWF/ERA5_LAND/DAILY_AGGR,0.07*L1 + 0.21*L2 + 0.72*L3,-1*native_potential_evaporation_sum*1000,BLOCK_8.0D_R_v1
2025-04-22,1745280000000,0.0,0.3751653917492699,0.3681825185786782,0.3593724127679432,0.3623280435168903,282.80472930364294,9.654729303642997,-0.0038607064957563,-3.860706495756359,3.860706495756359,Razuhuillca_microcatchment,79.59237993166853,UCSB-CHG/CHIRPS/DAILY,ECMWF/ERA5_LAND/DAILY_AGGR,0.07*L1 + 0.21*L2 + 0.72*L3,-1*native_potential_evaporation_sum*1000,BLOCK_8.0D_R_v1
2025-04-23,1745366400000,0.0,0.3590146507601288,0.364549504539181,0.3575636803070244,0.3591322713274947,282.91940138565093,9.769401385650946,-0.004023382127974,-4.023382127974075,4.023382127974075,Razuhuillca_microcatchment,79.59237993166853,UCSB-CHG/CHIRPS/DAILY,ECMWF/ERA5_LAND/DAILY_AGGR,0.07*L1 + 0.21*L2 + 0.72*L3,-1*native_potential_evaporation_sum*1000,BLOCK_8.0D_R_v1
2025-04-24,1745452800000,0.0,0.3436909493683389,0.3580711416196731,0.355491358880133,0.3552070845896108,283.6808286089888,10.530828608988823,-0.0044171324355064,-4.417132435506479,4.417132435506479,Razuhuillca_microcatchment,79.59237993166853,UCSB-CHG/CHIRPS/DAILY,ECMWF/ERA5_LAND/DAILY_AGGR,0.07*L1 + 0.21*L2 + 0.72*L3,-1*native_potential_evaporation_sum*1000,BLOCK_8.0D_R_v1
2025-04-25,1745539200000,0.0,0.3316132539958623,0.3506282519742932,0.3532287950460621,0.3511695931274766,282.9396661379893,9.789666137989354,-0.0043016287977295,-4.301628797729581,4.301628797729581,Razuhuillca_microcatchment,79.59237993166853,UCSB-CHG/CHIRPS/DAILY,ECMWF/ERA5_LAND/DAILY_AGGR,0.07*L1 + 0.21*L2 + 0.72*L3,-1*native_potential_evaporation_sum*1000,BLOCK_8.0D_R_v1
2025-04-26,1745625600000,0.0,0.3285574830336377,0.3447701632402306,0.3510587431332509,0.3481630531487437,282.83719638684806,9.687196386848148,-0.0033693977260176,-3.369397726017616,3.369397726017616,Razuhuillca_microcatchment,79.59237993166853,UCSB-CHG/CHIRPS/DAILY,ECMWF/ERA5_LAND/DAILY_AGGR,0.07*L1 + 0.21*L2 + 0.72*L3,-1*native_potential_evaporation_sum*1000,BLOCK_8.0D_R_v1
2025-04-27,1745712000000,0.0,0.3268671421646382,0.3402483284128884,0.3489705197843283,0.3455916231629476,282.6743701243906,9.524370124390629,-0.0031305561003657,-3.130556100365744,3.130556100365744,Razuhuillca_microcatchment,79.59237993166853,UCSB-CHG/CHIRPS/DAILY,ECMWF/ERA5_LAND/DAILY_AGGR,0.07*L1 + 0.21*L2 + 0.72*L3,-1*native_potential_evaporation_sum*1000,BLOCK_8.0D_R_v1
2025-04-28,1745798400000,3.0063546888885044,0.3264687010777938,0.3366585218837495,0.3469286534597878,0.3433397291620801,282.7924505979799,9.642450597979908,-0.0036237657586963,-3.6237657586963192,3.6237657586963192,Razuhuillca_microcatchment,79.59237993166853,UCSB-CHG/CHIRPS/DAILY,ECMWF/ERA5_LAND/DAILY_AGGR,0.07*L1 + 0.21*L2 + 0.72*L3,-1*native_potential_evaporation_sum*1000,BLOCK_8.0D_R_v1
2025-04-29,1745884800000,0.0,0.3260878303836535,0.3332113107964253,0.3448645494347133,0.3411029989870986,282.7116141751093,9.561614175109296,-0.0035149681602599,-3.5149681602599308,3.5149681602599308,Razuhuillca_microcatchment,79.59237993166853,UCSB-CHG/CHIRPS/DAILY,ECMWF/ERA5_LAND/DAILY_AGGR,0.07*L1 + 0.21*L2 + 0.72*L3,-1*native_potential_evaporation_sum*1000,BLOCK_8.0D_R_v1
2025-04-30,1745971200000,0.0,0.337055301850012,0.3310264411000158,0.3429067461017469,0.3400022809537619,282.63851750103726,9.488517501037252,-0.0033808250647748,-3.380825064774882,3.380825064774882,Razuhuillca_microcatchment,79.59237993166853,UCSB-CHG/CHIRPS/DAILY,ECMWF/ERA5_LAND/DAILY_AGGR,0.07*L1 + 0.21*L2 + 0.72*L3,-1*native_potential_evaporation_sum*1000,BLOCK_8.0D_R_v1
2025-05-01,1746057600000,6.603367471978778,0.3729345362080773,0.3392030205111053,0.3411602909624691,0.3429734613348753,282.5430912466178,9.39309124661782,-0.0037689110361082,-3.7689110361082703,3.7689110361082703,Razuhuillca_microcatchment,79.59237993166853,UCSB-CHG/CHIRPS/DAILY,ECMWF/ERA5_LAND/DAILY_AGGR,0.07*L1 + 0.21*L2 + 0.72*L3,-1*native_potential_evaporation_sum*1000,BLOCK_8.0D_R_v1
2025-05-02,1746144000000,0.0,0.3664813620506683,0.3468528887210324,0.3396321886536702,0.3430279778056062,282.2355291443753,9.08552914437534,-0.0036023409897192,-3.6023409897192367,3.6023409897192367,Razuhuillca_microcatchment,79.59237993166853,UCSB-CHG/CHIRPS/DAILY,ECMWF/ERA5_LAND/DAILY_AGGR,0.07*L1 + 0.21*L2 + 0.72*L3,-1*native_potential_evaporation_sum*1000,BLOCK_8.0D_R_v1
2025-05-03,1746230400000,14.149433848403753,0.3609392721069571,0.3479020995211739,0.338311164135648,0.3419092281246002,281.8289416612688,8.678941661268796,-0.0022362346163374,-2.236234616337484,2.236234616337484,Razuhuillca_microcatchment,79.59237993166853,UCSB-CHG/CHIRPS/DAILY,ECMWF/ERA5_LAND/DAILY_AGGR,0.07*L1 + 0.21*L2 + 0.72*L3,-1*native_potential_evaporation_sum*1000,BLOCK_8.0D_R_v1
2025-05-04,1746316800000,0.0,0.3587700323792092,0.3493087967007146,0.3372347873989098,0.3412777965009098,281.957589665819,8.807589665818998,-0.002750492423256,-2.7504924232560084,2.7504924232560084,Razuhuillca_microcatchment,79.59237993166853,UCSB-CHG/CHIRPS/DAILY,ECMWF/ERA5_LAND/DAILY_AGGR,0.07*L1 + 0.21*L2 + 0.72*L3,-1*native_potential_evaporation_sum*1000,BLOCK_8.0D_R_v1
2025-05-05,1746403200000,0.0,0.3666198818669842,0.3501950633319127,0.3362397688202315,0.3412969885809573,282.058747657232,8.908747657232011,-0.0025778725484892,-2.577872548489212,2.577872548489212,Razuhuillca_microcatchment,79.59237993166853,UCSB-CHG/CHIRPS/DAILY,ECMWF/ERA5_LAND/DAILY_AGGR,0.07*L1 + 0.21*L2 + 0.72*L3,-1*native_potential_evaporation_sum*1000,BLOCK_8.0D_R_v1
2025-05-06,1746489600000,2.94362674759967,0.3701607845651851,0.3549300434502103,0.3354974463725594,0.34200472543235,281.81338267611176,8.663382676111748,-0.0035658691918229,-3.5658691918229786,3.5658691918229786,Razuhuillca_microcatchment,79.59237993166853,UCSB-CHG/CHIRPS/DAILY,ECMWF/ERA5_LAND/DAILY_AGGR,0.07*L1 + 0.21*L2 + 0.72*L3,-1*native_potential_evaporation_sum*1000,BLOCK_8.0D_R_v1
2025-05-07,1746576000000,0.0770457755286424,0.3587568205905098,0.3542698545952063,0.3347224417449422,0.3405098049626873,281.9557125775111,8.805712577511152,-0.0040047770376839,-4.004777037683938,4.004777037683938,Razuhuillca_microcatchment,79.59237993166853,UCSB-CHG/CHIRPS/DAILY,ECMWF/ERA5_LAND/DAILY_AGGR,0.07*L1 + 0.21*L2 + 0.72*L3,-1*native_potential_evaporation_sum*1000,BLOCK_8.0D_R_v1
2025-05-08,1746662400000,0.0109860940200243,0.3431168117045436,0.3493843335866468,0.3336794748471651,0.3376381087624727,282.31385078136174,9.16385078136173,-0.0036940537177758,-3.694053717775841,3.694053717775841,Razuhuillca_microcatchment,79.59237993166853,UCSB-CHG/CHIRPS/DAILY,ECMWF/ERA5_LAND/DAILY_AGGR,0.07*L1 + 0.21*L2 + 0.72*L3,-1*native_potential_evaporation_sum*1000,BLOCK_8.0D_R_v1
2025-05-09,1746748800000,0.0,0.3346334431672142,0.3443218334102446,0.3325410486416091,0.3351614810598148,282.7342182556328,9.584218255632884,-0.0035982900272215,-3.5982900272215037,3.5982900272215037,Razuhuillca_microcatchment,79.59237993166853,UCSB-CHG/CHIRPS/DAILY,ECMWF/ERA5_LAND/DAILY_AGGR,0.07*L1 + 0.21*L2 + 0.72*L3,-1*native_potential_evaporation_sum*1000,BLOCK_8.0D_R_v1
2025-05-10,1746835200000,0.1911241766065359,0.3268701116014308,0.3390386651246763,0.331280504347961,0.3326009906188141,282.40158694787294,9.251586947872935,-0.0034776053073778,-3.477605307377832,3.477605307377832,Razuhuillca_microcatchment,79.59237993166853,UCSB-CHG/CHIRPS/DAILY,ECMWF/ERA5_LAND/DAILY_AGGR,0.07*L1 + 0.21*L2 + 0.72*L3,-1*native_potential_evaporation_sum*1000,BLOCK_8.0D_R_v1
2025-05-11,1746921600000,1.2694794585307438,0.3430052997978665,0.3362206806337213,0.3301169665562624,0.332300929839441,281.838239122218,8.688239122218041,-0.0028421898625489,-2.84218986254896,2.84218986254896,Razuhuillca_microcatchment,79.59237993166853,UCSB-CHG/CHIRPS/DAILY,ECMWF/ERA5_LAND/DAILY_AGGR,0.07*L1 + 0.21*L2 + 0.72*L3,-1*native_potential_evaporation_sum*1000,BLOCK_8.0D_R_v1
2025-05-12,1747008000000,0.0,0.3586396086882074,0.341356556769281,0.3291620243491465,0.3337863070611089,281.6224474309726,8.472447430972661,-0.0036189775763219,-3.618977576321949,3.618977576321949,Razuhuillca_microcatchment,79.59237993166853,UCSB-CHG/CHIRPS/DAILY,ECMWF/ERA5_LAND/DAILY_AGGR,0.07*L1 + 0.21*L2 + 0.72*L3,-1*native_potential_evaporation_sum*1000,BLOCK_8.0D_R_v1
2025-05-13,1747094400000,0.0,0.3407675572213409,0.3398129898688696,0.3281040853158587,0.3314493983053747,281.9899677835218,8.839967783521837,-0.0040928702478463,-4.092870247846394,4.092870247846394,Razuhuillca_microcatchment,79.59237993166853,UCSB-CHG/CHIRPS/DAILY,ECMWF/ERA5_LAND/DAILY_AGGR,0.07*L1 + 0.21*L2 + 0.72*L3,-1*native_potential_evaporation_sum*1000,BLOCK_8.0D_R_v1
2025-05-14,1747180800000,0.0,0.3259208583648035,0.3352296935799953,0.3269001330484085,0.3285807915321893,282.0404013778892,8.890401377889239,-0.004190042485736,-4.19004248573601,4.19004248573601,Razuhuillca_microcatchment,79.59237993166853,UCSB-CHG/CHIRPS/DAILY,ECMWF/ERA5_LAND/DAILY_AGGR,0.07*L1 + 0.21*L2 + 0.72*L3,-1*native_potential_evaporation_sum*1000,BLOCK_8.0D_R_v1
2025-05-15,1747267200000,0.0,0.315042550853222,0.3297566320165733,0.3255996520349286,0.3257336207483545,282.0373844962588,8.887384496258873,-0.0035693141594098,-3.5693141594098488,3.5693141594098488,Razuhuillca_microcatchment,79.59237993166853,UCSB-CHG/CHIRPS/DAILY,ECMWF/ERA5_LAND/DAILY_AGGR,0.07*L1 + 0.21*L2 + 0.72*L3,-1*native_potential_evaporation_sum*1000,BLOCK_8.0D_R_v1
2025-05-16,1747353600000,0.0257437924544016,0.3151225529194797,0.3257015647226675,0.3244004405762188,0.3240242245110014,282.1601629018324,9.01016290183244,-0.002905783884098,-2.9057838840980748,2.9057838840980748,Razuhuillca_microcatchment,79.59237993166853,UCSB-CHG/CHIRPS/DAILY,ECMWF/ERA5_LAND/DAILY_AGGR,0.07*L1 + 0.21*L2 + 0.72*L3,-1*native_potential_evaporation_sum*1000,BLOCK_8.0D_R_v1
2025-05-17,1747440000000,0.2278557762037962,0.3117467516419515,0.3225717415929069,0.3231871794184279,0.3222571075307151,282.7520211464178,9.602021146417847,-0.0043424776609922,-4.342477660992242,4.342477660992242,Razuhuillca_microcatchment,79.59237993166853,UCSB-CHG/CHIRPS/DAILY,ECMWF/ERA5_LAND/DAILY_AGGR,0.07*L1 + 0.21*L2 + 0.72*L3,-1*native_potential_evaporation_sum*1000,BLOCK_8.0D_R_v1
2025-05-18,1747526400000,0.8985235840082169,0.2956275572436853,0.3168077634249119,0.3216633585376776,0.3188211774734173,283.07743387828674,9.927433878286758,-0.0041461287206308,-4.1461287206308,4.1461287206308,Razuhuillca_microcatchment,79.59237993166853,UCSB-CHG/CHIRPS/DAILY,ECMWF/ERA5_LAND/DAILY_AGGR,0.07*L1 + 0.21*L2 + 0.72*L3,-1*native_potential_evaporation_sum*1000,BLOCK_8.0D_R_v1
2025-05-19,1747612800000,2.7757852164407577,0.2863747113472235,0.3112413557048937,0.3202069269669079,0.315955901908507,282.95010258375106,9.800102583751087,-0.0034441864387148,-3.444186438714838,3.444186438714838,Razuhuillca_microcatchment,79.59237993166853,UCSB-CHG/CHIRPS/DAILY,ECMWF/ERA5_LAND/DAILY_AGGR,0.07*L1 + 0.21*L2 + 0.72*L3,-1*native_potential_evaporation_sum*1000,BLOCK_8.0D_R_v1
2025-05-20,1747699200000,0.334116186214877,0.2857331402729012,0.3072620899001987,0.3189329981574203,0.3141581173714874,282.4080259620798,9.258025962079891,-0.0026708058797555,-2.670805879755516,2.670805879755516,Razuhuillca_microcatchment,79.59237993166853,UCSB-CHG/CHIRPS/DAILY,ECMWF/ERA5_LAND/DAILY_AGGR,0.07*L1 + 0.21*L2 + 0.72*L3,-1*native_potential_evaporation_sum*1000,BLOCK_8.0D_R_v1
2025-05-21,1747785600000,0.0,0.2964703701364741,0.3046819359810596,0.3177945021259991,0.3135481739962951,282.56080684772115,9.410806847721188,-0.0027487756027651,-2.748775602765165,2.748775602765165,Razuhuillca_microcatchment,79.59237993166853,UCSB-CHG/CHIRPS/DAILY,ECMWF/ERA5_LAND/DAILY_AGGR,0.07*L1 + 0.21*L2 + 0.72*L3,-1*native_potential_evaporation_sum*1000,BLOCK_8.0D_R_v1
2025-05-22,1747872000000,0.0,0.3123406169501803,0.3050388821287651,0.3167538688821369,0.3139847940286919,282.4479799215504,9.29797992155043,-0.0029682608784278,-2.968260878427869,2.968260878427869,Razuhuillca_microcatchment,79.59237993166853,UCSB-CHG/CHIRPS/DAILY,ECMWF/ERA5_LAND/DAILY_AGGR,0.07*L1 + 0.21*L2 + 0.72*L3,-1*native_potential_evaporation_sum*1000,BLOCK_8.0D_R_v1
2025-05-23,1747958400000,2.3806767208235606,0.3125145936058205,0.3051335072012076,0.3157006302320888,0.313258511831765,282.46785563356843,9.317855633568447,-0.0026944998457941,-2.6944998457941702,2.6944998457941702,Razuhuillca_microcatchment,79.59237993166853,UCSB-CHG/CHIRPS/DAILY,ECMWF/ERA5_LAND/DAILY_AGGR,0.07*L1 + 0.21*L2 + 0.72*L3,-1*native_potential_evaporation_sum*1000,BLOCK_8.0D_R_v1
2025-05-24,1748044800000,0.0,0.3247061418889804,0.3069373408264277,0.3147504876344419,0.3138066226025767,282.4699878435373,9.319987843537408,-0.0032755710572176,-3.275571057217659,3.275571057217659,Razuhuillca_microcatchment,79.59237993166853,UCSB-CHG/CHIRPS/DAILY,ECMWF/ERA5_LAND/DAILY_AGGR,0.07*L1 + 0.21*L2 + 0.72*L3,-1*native_potential_evaporation_sum*1000,BLOCK_8.0D_R_v1
2025-05-25,1748131200000,0.0,0.3282275925711629,0.3094311201503511,0.3138373270200167,0.3139193421659672,282.3166120010994,9.166612001099349,-0.0033012069546418,-3.301206954641838,3.301206954641838,Razuhuillca_microcatchment,79.59237993166853,UCSB-CHG/CHIRPS/DAILY,ECMWF/ERA5_LAND/DAILY_AGGR,0.07*L1 + 0.21*L2 + 0.72*L3,-1*native_potential_evaporation_sum*1000,BLOCK_8.0D_R_v1
2025-05-26,1748217600000,0.0,0.3263029271237881,0.3109322660001486,0.3129341882547661,0.313449596302128,282.01036297057635,8.86036297057636,-0.0035240303918805,-3.5240303918805425,3.5240303918805425,Razuhuillca_microcatchment,79.59237993166853,UCSB-CHG/CHIRPS/DAILY,ECMWF/ERA5_LAND/DAILY_AGGR,0.07*L1 + 0.21*L2 + 0.72*L3,-1*native_potential_evaporation_sum*1000,BLOCK_8.0D_R_v1
2025-05-27,1748304000000,0.0,0.3109747311513088,0.3090922625767702,0.3119428667718964,0.3112764703974788,281.78220539423774,8.63220539423775,-0.0031818578267373,-3.1818578267373097,3.1818578267373097,Razuhuillca_microcatchment,79.59237993166853,UCSB-CHG/CHIRPS/DAILY,ECMWF/ERA5_LAND/DAILY_AGGR,0.07*L1 + 0.21*L2 + 0.72*L3,-1*native_potential_evaporation_sum*1000,BLOCK_8.0D_R_v1
2025-05-28,1748390400000,0.0,0.3013626128033176,0.3062735136763438,0.3109862450689709,0.3093229172179235,281.4000455382242,8.25004553822427,-0.0032873013718968,-3.287301371896887,3.287301371896887,Razuhuillca_microcatchment,79.59237993166853,UCSB-CHG/CHIRPS/DAILY,ECMWF/ERA5_LAND/DAILY_AGGR,0.07*L1 + 0.21*L2 + 0.72*L3,-1*native_potential_evaporation_sum*1000,BLOCK_8.0D_R_v1
2025-05-29,1748476800000,1.4856203233911878,0.3011875667094265,0.3039095626860455,0.3100718827146556,0.3081558933882815,281.20901205911804,8.059012059118055,-0.0034621489702621,-3.4621489702621635,3.4621489702621635,Razuhuillca_microcatchment,79.59237993166853,UCSB-CHG/CHIRPS/DAILY,ECMWF/ERA5_LAND/DAILY_AGGR,0.07*L1 + 0.21*L2 + 0.72*L3,-1*native_potential_evaporation_sum*1000,BLOCK_8.0D_R_v1
2025-05-30,1748563200000,0.0,0.3069441947863511,0.3018811470281641,0.309147296383661,0.307467187907195,281.2544186873243,8.104418687324308,-0.001994030151753,-1.9940301517530676,1.9940301517530676,Razuhuillca_microcatchment,79.59237993166853,UCSB-CHG/CHIRPS/DAILY,ECMWF/ERA5_LAND/DAILY_AGGR,0.07*L1 + 0.21*L2 + 0.72*L3,-1*native_potential_evaporation_sum*1000,BLOCK_8.0D_R_v1
2025-05-31,1748649600000,0.0,0.3045320345487208,0.301057363521157,0.3083368679921291,0.3065418337121864,281.5278203115297,8.377820311529822,-0.0033609029443966,-3.360902944396686,3.360902944396686,Razuhuillca_microcatchment,79.59237993166853,UCSB-CHG/CHIRPS/DAILY,ECMWF/ERA5_LAND/DAILY_AGGR,0.07*L1 + 0.21*L2 + 0.72*L3,-1*native_potential_evaporation_sum*1000,BLOCK_8.0D_R_v1
2025-06-01,1748736000000,0.0,0.3109215091418669,0.2997111759663546,0.3074520125784166,0.3060693016493251,281.26391901446215,8.11391901446218,-0.0027192568761764,-2.719256876176492,2.719256876176492,Razuhuillca_microcatchment,79.59237993166853,UCSB-CHG/CHIRPS/DAILY,ECMWF/ERA5_LAND/DAILY_AGGR,0.07*L1 + 0.21*L2 + 0.72*L3,-1*native_potential_evaporation_sum*1000,BLOCK_8.0D_R_v1
2025-06-02,1748822400000,0.4967490729121935,0.3219117732406352,0.3013216213454171,0.3067318065547759,0.3066582653288207,281.0588829944589,7.908882994458866,-0.0032670597809587,-3.26705978095876,3.26705978095876,Razuhuillca_microcatchment,79.59237993166853,UCSB-CHG/CHIRPS/DAILY,ECMWF/ERA5_LAND/DAILY_AGGR,0.07*L1 + 0.21*L2 + 0.72*L3,-1*native_potential_evaporation_sum*1000,BLOCK_8.0D_R_v1
2025-06-03,1748908800000,0.0,0.3089661717644546,0.3008762683023148,0.3059114665654353,0.3050679042941113,280.32540515024994,7.175405150249981,-0.0035072586612205,-3.5072586612205283,3.5072586612205283,Razuhuillca_microcatchment,79.59237993166853,UCSB-CHG/CHIRPS/DAILY,ECMWF/ERA5_LAND/DAILY_AGGR,0.07*L1 + 0.21*L2 + 0.72*L3,-1*native_potential_evaporation_sum*1000,BLOCK_8.0D_R_v1
2025-06-04,1748995200000,0.0,0.2922762133941944,0.2978868686624574,0.3049439483524976,0.302575220170508,279.9879484856519,6.837948485651937,-0.003764451497552,-3.764451497552022,3.764451497552022,Razuhuillca_microcatchment,79.59237993166853,UCSB-CHG/CHIRPS/DAILY,ECMWF/ERA5_LAND/DAILY_AGGR,0.07*L1 + 0.21*L2 + 0.72*L3,-1*native_potential_evaporation_sum*1000,BLOCK_8.0D_R_v1
2025-06-05,1749081600000,0.0,0.2779398570860052,0.2938467330785615,0.3039119294153701,0.2999801931215848,280.2624684592892,7.112468459289211,-0.0034710736030099,-3.4710736030099016,3.4710736030099016,Razuhuillca_microcatchment,79.59237993166853,UCSB-CHG/CHIRPS/DAILY,ECMWF/ERA5_LAND/DAILY_AGGR,0.07*L1 + 0.21*L2 + 0.72*L3,-1*native_potential_evaporation_sum*1000,BLOCK_8.0D_R_v1
2025-06-06,1749168000000,0.0,0.2669404862244005,0.2896977757213202,0.3028978924760469,0.2976088495199391,280.74889532541266,7.598895325412673,-0.0033039539794012,-3.3039539794012294,3.3039539794012294,Razuhuillca_microcatchment,79.59237993166853,UCSB-CHG/CHIRPS/DAILY,ECMWF/ERA5_LAND/DAILY_AGGR,0.07*L1 + 0.21*L2 + 0.72*L3,-1*native_potential_evaporation_sum*1000,BLOCK_8.0D_R_v1
2025-06-07,1749254400000,0.0,0.2579525964108505,0.2854972795254922,0.3018775675338128,0.295362959073458,281.0302768075167,7.88027680751677,-0.0034673036522947,-3.4673036522947984,3.4673036522947984,Razuhuillca_microcatchment,79.59237993166853,UCSB-CHG/CHIRPS/DAILY,ECMWF/ERA5_LAND/DAILY_AGGR,0.07*L1 + 0.21*L2 + 0.72*L3,-1*native_potential_evaporation_sum*1000,BLOCK_8.0D_R_v1
2025-06-08,1749340800000,0.0,0.2537396785611132,0.2815690527531911,0.3008839234221647,0.2935277034414066,281.3406778787602,8.19067787876021,-0.0028487005933171,-2.848700593317175,2.848700593317175,Razuhuillca_microcatchment,79.59237993166853,UCSB-CHG/CHIRPS/DAILY,ECMWF/ERA5_LAND/DAILY_AGGR,0.07*L1 + 0.21*L2 + 0.72*L3,-1*native_potential_evaporation_sum*1000,BLOCK_8.0D_R_v1
2025-06-09,1749427200000,0.0,0.2564167140306534,0.2788917379801902,0.3000384534714538,0.2925441214574324,281.76145300745736,8.611453007457364,-0.0033107695810367,-3.310769581036761,3.310769581036761,Razuhuillca_microcatchment,79.59237993166853,UCSB-CHG/CHIRPS/DAILY,ECMWF/ERA5_LAND/DAILY_AGGR,0.07*L1 + 0.21*L2 + 0.72*L3,-1*native_potential_evaporation_sum*1000,BLOCK_8.0D_R_v1
2025-06-10,1749513600000,0.9317046588375456,0.2560123855208615,0.2759795657472114,0.299113466560496,0.2912382717169319,281.9293873369808,8.779387336980873,-0.003034650116642,-3.0346501166420863,3.0346501166420863,Razuhuillca_microcatchment,79.59237993166853,UCSB-CHG/CHIRPS/DAILY,ECMWF/ERA5_LAND/DAILY_AGGR,0.07*L1 + 0.21*L2 + 0.72*L3,-1*native_potential_evaporation_sum*1000,BLOCK_8.0D_R_v1
2025-06-11,1749600000000,5.321159968063944,0.2632912725841838,0.274324961020997,0.2983482155037293,0.2908493460579874,281.54392978175747,8.393929781757574,-0.0023435432183949,-2.3435432183949243,2.3435432183949243,Razuhuillca_microcatchment,79.59237993166853,UCSB-CHG/CHIRPS/DAILY,ECMWF/ERA5_LAND/DAILY_AGGR,0.07*L1 + 0.21*L2 + 0.72*L3,-1*native_potential_evaporation_sum*1000,BLOCK_8.0D_R_v1
2025-06-12,1749686400000,1.8363892755338125,0.2701091729606966,0.2734172247737818,0.2975983334873912,0.2905960594206647,281.4029776769796,8.252977676979617,-0.0035336672656797,-3.5336672656797945,3.5336672656797945,Razuhuillca_microcatchment,79.59237993166853,UCSB-CHG/CHIRPS/DAILY,ECMWF/ERA5_LAND/DAILY_AGGR,0.07*L1 + 0.21*L2 + 0.72*L3,-1*native_potential_evaporation_sum*1000,BLOCK_8.0D_R_v1
2025-06-13,1749772800000,5.254822045564652,0.2576743881137385,0.2708962537879429,0.2966163135447713,0.288489166215665,281.7690829642706,8.619082964270595,-0.0032634131308924,-3.2634131308924945,3.2634131308924945,Razuhuillca_microcatchment,79.59237993166853,UCSB-CHG/CHIRPS/DAILY,ECMWF/ERA5_LAND/DAILY_AGGR,0.07*L1 + 0.21*L2 + 0.72*L3,-1*native_potential_evaporation_sum*1000,BLOCK_8.0D_R_v1
2025-06-14,1749859200000,0.5244019918498539,0.249762533257692,0.2682550426622806,0.2956777546906516,0.2867049196643865,281.4899970001338,8.339997000133854,-0.0033407296145582,-3.3407296145582475,3.3407296145582475,Razuhuillca_microcatchment,79.59237993166853,UCSB-CHG/CHIRPS/DAILY,ECMWF/ERA5_LAND/DAILY_AGGR,0.07*L1 + 0.21*L2 + 0.72*L3,-1*native_potential_evaporation_sum*1000,BLOCK_8.0D_R_v1
2025-06-15,1749945600000,9.052176677045368,0.2472833365144527,0.265855395954698,0.2948123255676387,0.2854043411151981,280.3903615359856,7.240361535985611,-0.001647404895697,-1.6474048956970255,1.6474048956970255,Razuhuillca_microcatchment,79.59237993166853,UCSB-CHG/CHIRPS/DAILY,ECMWF/ERA5_LAND/DAILY_AGGR,0.07*L1 + 0.21*L2 + 0.72*L3,-1*native_potential_evaporation_sum*1000,BLOCK_8.0D_R_v1
2025-06-16,1750032000000,0.0,0.329571615524145,0.2697300699634588,0.2942529836371684,0.2915754759977778,280.5150692890145,7.365069289014555,-0.002363366543213,-2.363366543213067,2.363366543213067,Razuhuillca_microcatchment,79.59237993166853,UCSB-CHG/CHIRPS/DAILY,ECMWF/ERA5_LAND/DAILY_AGGR,0.07*L1 + 0.21*L2 + 0.72*L3,-1*native_potential_evaporation_sum*1000,BLOCK_8.0D_R_v1
2025-06-17,1750118400000,0.0,0.3524678070421163,0.2808243341758302,0.2937467681649562,0.2951435297486409,280.44038811538485,7.290388115384941,-0.0026675674612122,-2.667567461212246,2.667567461212246,Razuhuillca_microcatchment,79.59237993166853,UCSB-CHG/CHIRPS/DAILY,ECMWF/ERA5_LAND/DAILY_AGGR,0.07*L1 + 0.21*L2 + 0.72*L3,-1*native_potential_evaporation_sum*1000,BLOCK_8.0D_R_v1
2025-06-18,1750204800000,0.0,0.357984737624093,0.2946515276252879,0.2934148674525736,0.2981944570008499,280.36711001534,7.217110015339967,-0.0019597591175509,-1.9597591175509328,1.9597591175509328,Razuhuillca_microcatchment,79.59237993166853,UCSB-CHG/CHIRPS/DAILY,ECMWF/ERA5_LAND/DAILY_AGGR,0.07*L1 + 0.21*L2 + 0.72*L3,-1*native_potential_evaporation_sum*1000,BLOCK_8.0D_R_v1
2025-06-19,1750291200000,0.0,0.3478403109805891,0.3047232030673752,0.2932019794148057,0.29944611959145,280.65796407798814,7.507964077988148,-0.0027206084459503,-2.720608445950326,2.720608445950326,Razuhuillca_microcatchment,79.59237993166853,UCSB-CHG/CHIRPS/DAILY,ECMWF/ERA5_LAND/DAILY_AGGR,0.07*L1 + 0.21*L2 + 0.72*L3,-1*native_potential_evaporation_sum*1000,BLOCK_8.0D_R_v1
2025-06-20,1750377600000,0.0,0.3278453841604478,0.3070237264467801,0.292908813682365,0.298318505296358,280.8524457567689,7.702445756768912,-0.003253404718603,-3.253404718603013,3.253404718603013,Razuhuillca_microcatchment,79.59237993166853,UCSB-CHG/CHIRPS/DAILY,ECMWF/ERA5_LAND/DAILY_AGGR,0.07*L1 + 0.21*L2 + 0.72*L3,-1*native_potential_evaporation_sum*1000,BLOCK_8.0D_R_v1
2025-06-21,1750464000000,0.0,0.3080358670626072,0.3045400828984431,0.2924266881336366,0.2960631435592739,280.9031721493642,7.753172149364238,-0.0037646988740546,-3.764698874054616,3.764698874054616,Razuhuillca_microcatchment,79.59237993166853,UCSB-CHG/CHIRPS/DAILY,ECMWF/ERA5_LAND/DAILY_AGGR,0.07*L1 + 0.21*L2 + 0.72*L3,-1*native_potential_evaporation_sum*1000,BLOCK_8.0D_R_v1
2025-06-22,1750550400000,0.0,0.2920492719822995,0.3003397814800285,0.2918300114155734,0.2936324113687798,282.3095813780621,9.159581378062116,-0.0037368973555592,-3.7368973555592446,3.7368973555592446,Razuhuillca_microcatchment,79.59237993166853,UCSB-CHG/CHIRPS/DAILY,ECMWF/ERA5_LAND/DAILY_AGGR,0.07*L1 + 0.21*L2 + 0.72*L3,-1*native_potential_evaporation_sum*1000,BLOCK_8.0D_R_v1
2025-06-23,1750636800000,0.5422546750023252,0.2791948006102574,0.2956813011095933,0.29118421036384,0.2912893407376974,282.5074842192074,9.35748421920749,-0.0034244914533774,-3.424491453377497,3.424491453377497,Razuhuillca_microcatchment,79.59237993166853,UCSB-CHG/CHIRPS/DAILY,ECMWF/ERA5_LAND/DAILY_AGGR,0.07*L1 + 0.21*L2 + 0.72*L3,-1*native_potential_evaporation_sum*1000,BLOCK_8.0D_R_v1
2025-06-24,1750723200000,0.3373933477061135,0.2749779100362964,0.2918082183955492,0.2906349049827267,0.2897853111531693,281.12587630358274,7.975876303582788,-0.0028399042569832,-2.8399042569832997,2.8399042569832997,Razuhuillca_microcatchment,79.59237993166853,UCSB-CHG/CHIRPS/DAILY,ECMWF/ERA5_LAND/DAILY_AGGR,0.07*L1 + 0.21*L2 + 0.72*L3,-1*native_potential_evaporation_sum*1000,BLOCK_8.0D_R_v1
2025-06-25,1750809600000,0.0,0.2783755998850328,0.2893347988238913,0.2901884972015557,0.2891823177300895,281.25803136733686,8.108031367336865,-0.0033891206617989,-3.3891206617989287,3.3891206617989287,Razuhuillca_microcatchment,79.59237993166853,UCSB-CHG/CHIRPS/DAILY,ECMWF/ERA5_LAND/DAILY_AGGR,0.07*L1 + 0.21*L2 + 0.72*L3,-1*native_potential_evaporation_sum*1000,BLOCK_8.0D_R_v1
2025-06-26,1750896000000,0.0,0.2745824494113812,0.2865894075073947,0.2896536273993049,0.2879551587628491,280.8964375365447,7.746437536544675,-0.0030485170683419,-3.0485170683419773,3.0485170683419773,Razuhuillca_microcatchment,79.59237993166853,UCSB-CHG/CHIRPS/DAILY,ECMWF/ERA5_LAND/DAILY_AGGR,0.07*L1 + 0.21*L2 + 0.72*L3,-1*native_potential_evaporation_sum*1000,BLOCK_8.0D_R_v1
2025-06-27,1750982400000,0.0,0.2827116868858851,0.2845719287850263,0.2891953198206907,0.2877705533977648,280.25362757129705,7.103627571297093,-0.0027151244740954,-2.715124474095472,2.715124474095472,Razuhuillca_microcatchment,79.59237993166853,UCSB-CHG/CHIRPS/DAILY,ECMWF/ERA5_LAND/DAILY_AGGR,0.07*L1 + 0.21*L2 + 0.72*L3,-1*native_potential_evaporation_sum*1000,BLOCK_8.0D_R_v1
2025-06-28,1751068800000,0.0,0.3002233670626072,0.2851063833071316,0.288851636912322,0.288861154765752,280.44814055779074,7.298140557790806,-0.0029641843341678,-2.9641843341678547,2.9641843341678547,Razuhuillca_microcatchment,79.59237993166853,UCSB-CHG/CHIRPS/DAILY,ECMWF/ERA5_LAND/DAILY_AGGR,0.07*L1 + 0.21*L2 + 0.72*L3,-1*native_potential_evaporation_sum*1000,BLOCK_8.0D_R_v1
2025-06-29,1751155200000,0.0,0.2933867790795475,0.2844707253810757,0.288385552937355,0.2879135249804898,281.09848661918863,7.948486619188615,-0.0027995631098747,-2.799563109874725,2.799563109874725,Razuhuillca_microcatchment,79.59237993166853,UCSB-CHG/CHIRPS/DAILY,ECMWF/ERA5_LAND/DAILY_AGGR,0.07*L1 + 0.21*L2 + 0.72*L3,-1*native_potential_evaporation_sum*1000,BLOCK_8.0D_R_v1
2025-06-30,1751241600000,0.0,0.295017080729637,0.2841713010460884,0.2880102131867454,0.2876945223652098,280.3435641970478,7.193564197047853,-0.0026766765927303,-2.6766765927303733,2.6766765927303733,Razuhuillca_microcatchment,79.59237993166853,UCSB-CHG/CHIRPS/DAILY,ECMWF/ERA5_LAND/DAILY_AGGR,0.07*L1 + 0.21*L2 + 0.72*L3,-1*native_potential_evaporation_sum*1000,BLOCK_8.0D_R_v1
2025-07-01,1751328000000,1.800026917031833,0.2937281944848209,0.2840255083146582,0.2876297687978872,0.2872997638944944,280.99809074034346,7.848090740343514,-0.0028782848677883,-2.878284867788325,2.878284867788325,Razuhuillca_microcatchment,79.59237993166853,UCSB-CHG/CHIRPS/DAILY,ECMWF/ERA5_LAND/DAILY_AGGR,0.07*L1 + 0.21*L2 + 0.72*L3,-1*native_potential_evaporation_sum*1000,BLOCK_8.0D_R_v1
2025-07-02,1751414400000,0.0411517897107495,0.2852621243868259,0.2828577772960037,0.2871795058939498,0.2861377261828824,281.18424102842,8.034241028420052,-0.0027441410832322,-2.74414108323224,2.74414108323224,Razuhuillca_microcatchment,79.59237993166853,UCSB-CHG/CHIRPS/DAILY,ECMWF/ERA5_LAND/DAILY_AGGR,0.07*L1 + 0.21*L2 + 0.72*L3,-1*native_potential_evaporation_sum*1000,BLOCK_8.0D_R_v1
2025-07-03,1751500800000,0.6045527733596309,0.2809041818901752,0.281508256474901,0.2867615172399032,0.2852483190047717,280.34999547160885,7.199995471608902,-0.0028384646153174,-2.838464615317438,2.838464615317438,Razuhuillca_microcatchment,79.59237993166853,UCSB-CHG/CHIRPS/DAILY,ECMWF/ERA5_LAND/DAILY_AGGR,0.07*L1 + 0.21*L2 + 0.72*L3,-1*native_potential_evaporation_sum*1000,BLOCK_8.0D_R_v1
2025-07-04,1751587200000,0.0,0.2746091633173771,0.2795658883331828,0.2862737762215968,0.2840485968617345,280.03456024214023,6.884560242140245,-0.0038158356109795,-3.8158356109795535,3.8158356109795535,Razuhuillca_microcatchment,79.59237993166853,UCSB-CHG/CHIRPS/DAILY,ECMWF/ERA5_LAND/DAILY_AGGR,0.07*L1 + 0.21*L2 + 0.72*L3,-1*native_potential_evaporation_sum*1000,BLOCK_8.0D_R_v1
2025-07-05,1751673600000,0.0,0.2604182469362469,0.2760723937223872,0.2855874982183379,0.2818274786844419,279.5061177564264,6.35611775642646,-0.0040095611717659,-4.009561171765961,4.009561171765961,Razuhuillca_microcatchment,79.59237993166853,UCSB-CHG/CHIRPS/DAILY,ECMWF/ERA5_LAND/DAILY_AGGR,0.07*L1 + 0.21*L2 + 0.72*L3,-1*native_potential_evaporation_sum*1000,BLOCK_8.0D_R_v1
2025-07-06,1751760000000,0.0,0.2474387946156407,0.2719288901327203,0.2848337537291422,0.2795060852359484,279.8235665947945,6.673566594794549,-0.0039312706861881,-3.9312706861881854,3.9312706861881854,Razuhuillca_microcatchment,79.59237993166853,UCSB-CHG/CHIRPS/DAILY,ECMWF/ERA5_LAND/DAILY_AGGR,0.07*L1 + 0.21*L2 + 0.72*L3,-1*native_potential_evaporation_sum*1000,BLOCK_8.0D_R_v1
2025-07-07,1751846400000,0.0,0.236314751509297,0.2675881909497212,0.2840595061609051,0.2772583971409439,279.3030484664418,6.153048466441755,-0.0041260635318783,-4.126063531878367,4.126063531878367,Razuhuillca_microcatchment,79.59237993166853,UCSB-CHG/CHIRPS/DAILY,ECMWF/ERA5_LAND/DAILY_AGGR,0.07*L1 + 0.21*L2 + 0.72*L3,-1*native_potential_evaporation_sum*1000,BLOCK_8.0D_R_v1
2025-07-08,1751932800000,0.0,0.2263041112234597,0.2631097878105148,0.2832508234160024,0.275034936085372,279.94458263963173,6.794582639631761,-0.0039807023168299,-3.980702316829924,3.980702316829924,Razuhuillca_microcatchment,79.59237993166853,UCSB-CHG/CHIRPS/DAILY,ECMWF/ERA5_LAND/DAILY_AGGR,0.07*L1 + 0.21*L2 + 0.72*L3,-1*native_potential_evaporation_sum*1000,BLOCK_8.0D_R_v1
2025-07-09,1752019200000,0.0,0.2184391866988988,0.2587477954136842,0.2824416298397703,0.2729857535904312,280.08068484194246,6.930684841942487,-0.0040528498633059,-4.052849863305946,4.052849863305946,Razuhuillca_microcatchment,79.59237993166853,UCSB-CHG/CHIRPS/DAILY,ECMWF/ERA5_LAND/DAILY_AGGR,0.07*L1 + 0.21*L2 + 0.72*L3,-1*native_potential_evaporation_sum*1000,BLOCK_8.0D_R_v1
2025-07-10,1752105600000,0.0,0.2108888460721583,0.2544359159377728,0.2816075304799456,0.2709511835175442,280.1172913016612,6.967291301661177,-0.0040966690964781,-4.0966690964781485,4.0966690964781485,Razuhuillca_microcatchment,79.59237993166853,UCSB-CHG/CHIRPS/DAILY,ECMWF/ERA5_LAND/DAILY_AGGR,0.07*L1 + 0.21*L2 + 0.72*L3,-1*native_potential_evaporation_sum*1000,BLOCK_8.0D_R_v1
2025-07-11,1752192000000,0.0,0.2034460740282356,0.2501678613798697,0.2807461733073857,0.2689137208530668,280.109267909173,6.959267909173109,-0.004098314253581,-4.098314253581052,4.098314253581052,Razuhuillca_microcatchment,79.59237993166853,UCSB-CHG/CHIRPS/DAILY,ECMWF/ERA5_LAND/DAILY_AGGR,0.07*L1 + 0.21*L2 + 0.72*L3,-1*native_potential_evaporation_sum*1000,BLOCK_8.0D_R_v1
2025-07-12,1752278400000,0.0,0.1969946014169094,0.2461414226906836,0.2798997184444714,0.2670071181442466,279.7830862401767,6.633086240176771,-0.0037939114377677,-3.7939114377677785,3.7939114377677785,Razuhuillca_microcatchment,79.59237993166853,UCSB-CHG/CHIRPS/DAILY,ECMWF/ERA5_LAND/DAILY_AGGR,0.07*L1 + 0.21*L2 + 0.72*L3,-1*native_potential_evaporation_sum*1000,BLOCK_8.0D_R_v1
2025-07-13,1752364800000,0.0,0.1917963854839347,0.2424080468326634,0.2790736012835493,0.2652644297428903,279.89092912104314,6.740929121043203,-0.0040673623023005,-4.067362302300558,4.067362302300558,Razuhuillca_microcatchment,79.59237993166853,UCSB-CHG/CHIRPS/DAILY,ECMWF/ERA5_LAND/DAILY_AGGR,0.07*L1 + 0.21*L2 + 0.72*L3,-1*native_potential_evaporation_sum*1000,BLOCK_8.0D_R_v1
2025-07-14,1752451200000,0.0,0.1875351995861369,0.2386907345986779,0.2782076429539792,0.263562021163617,280.2997369343605,7.149736934360517,-0.0039790601313458,-3.9790601313458698,3.9790601313458698,Razuhuillca_microcatchment,79.59237993166853,UCSB-CHG/CHIRPS/DAILY,ECMWF/ERA5_LAND/DAILY_AGGR,0.07*L1 + 0.21*L2 + 0.72*L3,-1*native_potential_evaporation_sum*1000,BLOCK_8.0D_R_v1
2025-07-15,1752537600000,0.0,0.1828559478583363,0.2351328678902862,0.2773315120983674,0.2618565073178682,280.05433934456124,6.90433934456124,-0.0041904355576961,-4.190435557696172,4.190435557696172,Razuhuillca_microcatchment,79.59237993166853,UCSB-CHG/CHIRPS/DAILY,ECMWF/ERA5_LAND/DAILY_AGGR,0.07*L1 + 0.21*L2 + 0.72*L3,-1*native_potential_evaporation_sum*1000,BLOCK_8.0D_R_v1
2025-07-16,1752624000000,0.0,0.1782677858091733,0.2315851626827997,0.2764154518730148,0.2601307545186008,280.24744399480505,7.097443994805095,-0.0041623317954168,-4.162331795416814,4.162331795416814,Razuhuillca_microcatchment,79.59237993166853,UCSB-CHG/CHIRPS/DAILY,ECMWF/ERA5_LAND/DAILY_AGGR,0.07*L1 + 0.21*L2 + 0.72*L3,-1*native_potential_evaporation_sum*1000,BLOCK_8.0D_R_v1
2025-07-17,1752710400000,0.0,0.1773405938708942,0.2286102721227156,0.2755975484388641,0.2588522335927151,280.0170654230724,6.867065423072443,-0.0035549947895066,-3.5549947895066585,3.5549947895066585,Razuhuillca_microcatchment,79.59237993166853,UCSB-CHG/CHIRPS/DAILY,ECMWF/ERA5_LAND/DAILY_AGGR,0.07*L1 + 0.21*L2 + 0.72*L3,-1*native_potential_evaporation_sum*1000,BLOCK_8.0D_R_v1
2025-07-18,1752796800000,0.0,0.1878479275859619,0.2269345505848555,0.2750423960603041,0.258836135717256,279.3824050550516,6.232405055051605,-0.0024916713551289,-2.491671355128977,2.491671355128977,Razuhuillca_microcatchment,79.59237993166853,UCSB-CHG/CHIRPS/DAILY,ECMWF/ERA5_LAND/DAILY_AGGR,0.07*L1 + 0.21*L2 + 0.72*L3,-1*native_potential_evaporation_sum*1000,BLOCK_8.0D_R_v1
2025-07-19,1752883200000,0.4403153583407402,0.2341835632030215,0.2266627331919293,0.2746499305975,0.2617399734247166,279.959394616658,6.809394616658068,-0.0031137487533464,-3.11374875334646,3.11374875334646,Razuhuillca_microcatchment,79.59237993166853,UCSB-CHG/CHIRPS/DAILY,ECMWF/ERA5_LAND/DAILY_AGGR,0.07*L1 + 0.21*L2 + 0.72*L3,-1*native_potential_evaporation_sum*1000,BLOCK_8.0D_R_v1
2025-07-20,1752969600000,0.0,0.2607827747028917,0.2283540699982689,0.2741766141329197,0.2636163111045411,280.9162455946493,7.766245594649427,-0.0039425545689687,-3.942554568968757,3.942554568968757,Razuhuillca_microcatchment,79.59237993166853,UCSB-CHG/CHIRPS/DAILY,ECMWF/ERA5_LAND/DAILY_AGGR,0.07*L1 + 0.21*L2 + 0.72*L3,-1*native_potential_evaporation_sum*1000,BLOCK_8.0D_R_v1
2025-07-21,1753056000000,0.0,0.2477007886118512,0.228783363092382,0.273515987947497,0.2623150727744276,280.7206648016252,7.57066480162518,-0.004217428106793,-4.217428106793088,4.217428106793088,Razuhuillca_microcatchment,79.59237993166853,UCSB-CHG/CHIRPS/DAILY,ECMWF/ERA5_LAND/DAILY_AGGR,0.07*L1 + 0.21*L2 + 0.72*L3,-1*native_potential_evaporation_sum*1000,BLOCK_8.0D_R_v1
2025-07-22,1753142400000,0.0,0.2309588797979042,0.2275766508657349,0.2727379477322675,0.2603295406348903,281.0715303035141,7.921530303514102,-0.0043514696504339,-4.351469650433931,4.351469650433931,Razuhuillca_microcatchment,79.59237993166853,UCSB-CHG/CHIRPS/DAILY,ECMWF/ERA5_LAND/DAILY_AGGR,0.07*L1 + 0.21*L2 + 0.72*L3,-1*native_potential_evaporation_sum*1000,BLOCK_8.0D_R_v1
2025-07-23,1753228800000,0.0,0.2164965796792208,0.2256370573833958,0.2719291473859077,0.2583275287459121,280.5684604828528,7.418460482852802,-0.0038707234783668,-3.870723478366874,3.870723478366874,Razuhuillca_microcatchment,79.59237993166853,UCSB-CHG/CHIRPS/DAILY,ECMWF/ERA5_LAND/DAILY_AGGR,0.07*L1 + 0.21*L2 + 0.72*L3,-1*native_potential_evaporation_sum*1000,BLOCK_8.0D_R_v1
2025-07-24,1753315200000,0.0,0.2060526956253198,0.2237130093436709,0.2711839106271262,0.2566558363074742,280.7442120605351,7.594212060535133,-0.0039033209743527,-3.9033209743527313,3.9033209743527313,Razuhuillca_microcatchment,79.59237993166853,UCSB-CHG/CHIRPS/DAILY,ECMWF/ERA5_LAND/DAILY_AGGR,0.07*L1 + 0.21*L2 + 0.72*L3,-1*native_potential_evaporation_sum*1000,BLOCK_8.0D_R_v1
2025-07-25,1753401600000,0.0,0.1982628963815913,0.2217283377527961,0.2704531020971162,0.2551675871847222,280.55167091237325,7.401670912373283,-0.0037438227348244,-3.743822734824495,3.743822734824495,Razuhuillca_microcatchment,79.59237993166853,UCSB-CHG/CHIRPS/DAILY,ECMWF/ERA5_LAND/DAILY_AGGR,0.07*L1 + 0.21*L2 + 0.72*L3,-1*native_potential_evaporation_sum*1000,BLOCK_8.0D_R_v1
2025-07-26,1753488000000,0.0,0.1936464107564878,0.2200141237879993,0.2698061838315401,0.2540186671071429,280.4818307917012,7.331830791701275,-0.0029826908442326,-2.982690844232636,2.982690844232636,Razuhuillca_microcatchment,79.59237993166853,UCSB-CHG/CHIRPS/DAILY,ECMWF/ERA5_LAND/DAILY_AGGR,0.07*L1 + 0.21*L2 + 0.72*L3,-1*native_potential_evaporation_sum*1000,BLOCK_8.0D_R_v1
2025-07-27,1753574400000,0.0,0.1983697520055752,0.2190262421477506,0.2693363035345353,0.2538035320362833,281.0604252199676,7.9104252199676575,-0.0033251377027158,-3.325137702715879,3.325137702715879,Razuhuillca_microcatchment,79.59237993166853,UCSB-CHG/CHIRPS/DAILY,ECMWF/ERA5_LAND/DAILY_AGGR,0.07*L1 + 0.21*L2 + 0.72*L3,-1*native_potential_evaporation_sum*1000,BLOCK_8.0D_R_v1
2025-07-28,1753660800000,0.0,0.2027672159419124,0.218171525782473,0.2688792895719494,0.2536028140220568,281.1821295273327,8.03212952733273,-0.0031655345090551,-3.1655345090551874,3.1655345090551874,Razuhuillca_microcatchment,79.59237993166853,UCSB-CHG/CHIRPS/DAILY,ECMWF/ERA5_LAND/DAILY_AGGR,0.07*L1 + 0.21*L2 + 0.72*L3,-1*native_potential_evaporation_sum*1000,BLOCK_8.0D_R_v1
2025-07-29,1753747200000,0.0,0.2114354539698488,0.2176638035415914,0.2684832152144297,0.253817795476013,281.31542539872186,8.165425398721895,-0.0032855863171505,-3.2855863171505786,3.2855863171505786,Razuhuillca_microcatchment,79.59237993166853,UCSB-CHG/CHIRPS/DAILY,ECMWF/ERA5_LAND/DAILY_AGGR,0.07*L1 + 0.21*L2 + 0.72*L3,-1*native_potential_evaporation_sum*1000,BLOCK_8.0D_R_v1
2025-07-30,1753833600000,3.320503591071992,0.2232921945796077,0.2175241775365693,0.2681160891905915,0.2543541151204779,281.1516427203639,8.001642720363975,-0.002866418504646,-2.866418504646058,2.866418504646058,Razuhuillca_microcatchment,79.59237993166853,UCSB-CHG/CHIRPS/DAILY,ECMWF/ERA5_LAND/DAILY_AGGR,0.07*L1 + 0.21*L2 + 0.72*L3,-1*native_potential_evaporation_sum*1000,BLOCK_8.0D_R_v1
2025-07-31,1753920000000,3.106985075842767,0.2351986512053679,0.2175153794775579,0.2677103641634961,0.2548935974723801,281.1252448021332,7.975244802133222,-0.0034514319345441,-3.451431934544116,3.451431934544116,Razuhuillca_microcatchment,79.59237993166853,UCSB-CHG/CHIRPS/DAILY,ECMWF/ERA5_LAND/DAILY_AGGR,0.07*L1 + 0.21*L2 + 0.72*L3,-1*native_potential_evaporation_sum*1000,BLOCK_8.0D_R_v1
2025-08-01,1754006400000,0.6444520478447279,0.23022237862236,0.2171510391382353,0.2671916829368282,0.2540952964371109,280.8195843485279,7.669584348527921,-0.003711545829139,-3.711545829139004,3.711545829139004,Razuhuillca_microcatchment,79.59237993166853,UCSB-CHG/CHIRPS/DAILY,ECMWF/ERA5_LAND/DAILY_AGGR,0.07*L1 + 0.21*L2 + 0.72*L3,-1*native_potential_evaporation_sum*1000,BLOCK_8.0D_R_v1
2025-08-02,1754092800000,0.0,0.2233338806211144,0.2163517498097208,0.2666060975061904,0.2530236293079765,280.5395620489396,7.38956204893964,-0.00394364299974,-3.943642999740005,3.943642999740005,Razuhuillca_microcatchment,79.59237993166853,UCSB-CHG/CHIRPS/DAILY,ECMWF/ERA5_LAND/DAILY_AGGR,0.07*L1 + 0.21*L2 + 0.72*L3,-1*native_potential_evaporation_sum*1000,BLOCK_8.0D_R_v1
2025-08-03,1754179200000,0.0,0.2128649437817994,0.2151004225302753,0.2659523326307822,0.2515573142902469,281.13689704483414,7.986897044834169,-0.0040416782129706,-4.041678212970667,4.041678212970667,Razuhuillca_microcatchment,79.59237993166853,UCSB-CHG/CHIRPS/DAILY,ECMWF/ERA5_LAND/DAILY_AGGR,0.07*L1 + 0.21*L2 + 0.72*L3,-1*native_potential_evaporation_sum*1000,BLOCK_8.0D_R_v1
2025-08-04,1754265600000,0.0,0.204568341058573,0.2137021154796916,0.2653118897954393,0.2502217887775516,280.65907674212445,7.509076742124473,-0.003939786312208,-3.9397863122080095,3.9397863122080095,Razuhuillca_microcatchment,79.59237993166853,UCSB-CHG/CHIRPS/DAILY,ECMWF/ERA5_LAND/DAILY_AGGR,0.07*L1 + 0.21*L2 + 0.72*L3,-1*native_potential_evaporation_sum*1000,BLOCK_8.0D_R_v1
2025-08-05,1754352000000,5.951037994452886,0.1970055677527867,0.2122418067358821,0.2646826631990701,0.2489326866605607,280.2471953081487,7.097195308148777,-0.0034329296450394,-3.4329296450394424,3.4329296450394424,Razuhuillca_microcatchment,79.59237993166853,UCSB-CHG/CHIRPS/DAILY,ECMWF/ERA5_LAND/DAILY_AGGR,0.07*L1 + 0.21*L2 + 0.72*L3,-1*native_potential_evaporation_sum*1000,BLOCK_8.0D_R_v1
2025-08-06,1754438400000,0.0,0.1954504391591213,0.2110632453580352,0.2641361765778822,0.2481828594024011,281.3265392987025,8.176539298702561,-0.0041921829557143,-4.19218295571432,4.19218295571432,Razuhuillca_microcatchment,79.59237993166853,UCSB-CHG/CHIRPS/DAILY,ECMWF/ERA5_LAND/DAILY_AGGR,0.07*L1 + 0.21*L2 + 0.72*L3,-1*native_potential_evaporation_sum*1000,BLOCK_8.0D_R_v1
2025-08-07,1754524800000,0.0,0.1903542976158891,0.2094899289640158,0.2634798465206903,0.2470231754104525,282.357105901935,9.207105901934977,-0.004446217219609,-4.446217219609056,4.446217219609056,Razuhuillca_microcatchment,79.59237993166853,UCSB-CHG/CHIRPS/DAILY,ECMWF/ERA5_LAND/DAILY_AGGR,0.07*L1 + 0.21*L2 + 0.72*L3,-1*native_potential_evaporation_sum*1000,BLOCK_8.0D_R_v1
2025-08-08,1754611200000,0.0,0.1842152149001986,0.2075466567610959,0.2627162639345967,0.2456355729957536,281.8588282046749,8.708828204675005,-0.0038094157945213,-3.8094157945213976,3.8094157945213976,Razuhuillca_microcatchment,79.59237993166853,UCSB-CHG/CHIRPS/DAILY,ECMWF/ERA5_LAND/DAILY_AGGR,0.07*L1 + 0.21*L2 + 0.72*L3,-1*native_potential_evaporation_sum*1000,BLOCK_8.0D_R_v1
2025-08-09,1754697600000,0.0,0.2191438840303806,0.2069295541399476,0.2622730313927681,0.2476318608543086,281.0913432016538,7.941343201653821,-0.0022628465398198,-2.2628465398198605,2.2628465398198605,Razuhuillca_microcatchment,79.59237993166853,UCSB-CHG/CHIRPS/DAILY,ECMWF/ERA5_LAND/DAILY_AGGR,0.07*L1 + 0.21*L2 + 0.72*L3,-1*native_potential_evaporation_sum*1000,BLOCK_8.0D_R_v1
2025-08-10,1754784000000,0.0,0.2575834344117856,0.2091304580600275,0.2620634692712096,0.2506339344767017,281.50395104513007,8.353951045130037,-0.0032079784856366,-3.2079784856366285,3.2079784856366285,Razuhuillca_microcatchment,79.59237993166853,UCSB-CHG/CHIRPS/DAILY,ECMWF/ERA5_LAND/DAILY_AGGR,0.07*L1 + 0.21*L2 + 0.72*L3,-1*native_potential_evaporation_sum*1000,BLOCK_8.0D_R_v1
2025-08-11,1754870400000,0.0,0.2518020622532721,0.2111085696946219,0.2617329246506295,0.250406649742053,281.6086860428885,8.458686042888555,-0.003891550908888,-3.891550908888006,3.891550908888006,Razuhuillca_microcatchment,79.59237993166853,UCSB-CHG/CHIRPS/DAILY,ECMWF/ERA5_LAND/DAILY_AGGR,0.07*L1 + 0.21*L2 + 0.72*L3,-1*native_potential_evaporation_sum*1000,BLOCK_8.0D_R_v1
2025-08-12,1754956800000,0.0,0.2405811118712085,0.2117117218429182,0.2612774395069864,0.2494198958630276,281.3681800673233,8.218180067323328,-0.0040529067978004,-4.05290679780045,4.05290679780045,Razuhuillca_microcatchment,79.59237993166853,UCSB-CHG/CHIRPS/DAILY,ECMWF/ERA5_LAND/DAILY_AGGR,0.07*L1 + 0.21*L2 + 0.72*L3,-1*native_potential_evaporation_sum*1000,BLOCK_8.0D_R_v1
2025-08-13,1755043200000,0.0,0.2285797141190897,0.2112391183371718,0.2607449658344246,0.2480971702399281,281.6503638927188,8.5003638927188,-0.0038519020628377,-3.8519020628377874,3.8519020628377874,Razuhuillca_microcatchment,79.59237993166853,UCSB-CHG/CHIRPS/DAILY,ECMWF/ERA5_LAND/DAILY_AGGR,0.07*L1 + 0.21*L2 + 0.72*L3,-1*native_potential_evaporation_sum*1000,BLOCK_8.0D_R_v1
2025-08-14,1755129600000,0.0,0.2308630235852073,0.2109595392480751,0.2603383698215374,0.2479055411645672,281.12871267065145,7.978712670651493,-0.0031171270533104,-3.117127053310416,3.117127053310416,Razuhuillca_microcatchment,79.59237993166853,UCSB-CHG/CHIRPS/DAILY,ECMWF/ERA5_LAND/DAILY_AGGR,0.07*L1 + 0.21*L2 + 0.72*L3,-1*native_potential_evaporation_sum*1000,BLOCK_8.0D_R_v1
2025-08-15,1755216000000,0.0,0.2421996092750387,0.2115275616360996,0.2600801758224105,0.2486324871849692,280.92397222353543,7.77397222353546,-0.0031626988094666,-3.16269880946661,3.16269880946661,Razuhuillca_microcatchment,79.59237993166853,UCSB-CHG/CHIRPS/DAILY,ECMWF/ERA5_LAND/DAILY_AGGR,0.07*L1 + 0.21*L2 + 0.72*L3,-1*native_potential_evaporation_sum*1000,BLOCK_8.0D_R_v1
2025-08-16,1755302400000,3.865083997803075,0.2560601684629112,0.21365023486187,0.2598971879551176,0.2499167364410811,280.82093794129946,7.670937941299503,-0.0032034004268618,-3.2034004268618674,3.2034004268618674,Razuhuillca_microcatchment,79.59237993166853,UCSB-CHG/CHIRPS/DAILY,ECMWF/ERA5_LAND/DAILY_AGGR,0.07*L1 + 0.21*L2 + 0.72*L3,-1*native_potential_evaporation_sum*1000,BLOCK_8.0D_R_v1
2025-08-17,1755388800000,0.0,0.2495445773321309,0.2150477628028002,0.2595755332696874,0.2495225345560121,280.5595452266392,7.409545226639187,-0.0041748761183264,-4.174876118326462,4.174876118326462,Razuhuillca_microcatchment,79.59237993166853,UCSB-CHG/CHIRPS/DAILY,ECMWF/ERA5_LAND/DAILY_AGGR,0.07*L1 + 0.21*L2 + 0.72*L3,-1*native_potential_evaporation_sum*1000,BLOCK_8.0D_R_v1
2025-08-18,1755475200000,0.0,0.2423458907875252,0.2149864961186815,0.259116112152276,0.2486749772896886,281.4325185088523,8.282518508852345,-0.0036375395135383,-3.637539513538339,3.637539513538339,Razuhuillca_microcatchment,79.59237993166853,UCSB-CHG/CHIRPS/DAILY,ECMWF/ERA5_LAND/DAILY_AGGR,0.07*L1 + 0.21*L2 + 0.72*L3,-1*native_potential_evaporation_sum*1000,BLOCK_8.0D_R_v1
2025-08-19,1755561600000,0.6959153562784195,0.2346464388632361,0.214790425089283,0.258729372410416,0.2478163881246754,281.47695438848064,8.326954388480683,-0.0042350608747818,-4.235060874781856,4.235060874781856,Razuhuillca_microcatchment,79.59237993166853,UCSB-CHG/CHIRPS/DAILY,ECMWF/ERA5_LAND/DAILY_AGGR,0.07*L1 + 0.21*L2 + 0.72*L3,-1*native_potential_evaporation_sum*1000,BLOCK_8.0D_R_v1
2025-08-20,1755648000000,0.0,0.2296368519924509,0.2140324616478128,0.258283390934527,0.2469854380583717,281.62915778481664,8.479157784816653,-0.0036839297999536,-3.683929799953637,3.683929799953637,Razuhuillca_microcatchment,79.59237993166853,UCSB-CHG/CHIRPS/DAILY,ECMWF/ERA5_LAND/DAILY_AGGR,0.07*L1 + 0.21*L2 + 0.72*L3,-1*native_potential_evaporation_sum*1000,BLOCK_8.0D_R_v1
2025-08-21,1755734400000,1.3092371807211922,0.2512889376954536,0.2142113775646525,0.2579263639358197,0.248281596961049,281.87727476131016,8.727274761310229,-0.0040253225089497,-4.025322508949765,4.025322508949765,Razuhuillca_microcatchment,79.59237993166853,UCSB-CHG/CHIRPS/DAILY,ECMWF/ERA5_LAND/DAILY_AGGR,0.07*L1 + 0.21*L2 + 0.72*L3,-1*native_potential_evaporation_sum*1000,BLOCK_8.0D_R_v1
2025-08-22,1755820800000,0.0,0.2547924321051508,0.2150055769551006,0.2575820048190725,0.2484456848776638,281.94901558613265,8.799015586132745,-0.0038235897273686,-3.823589727368657,3.823589727368657,Razuhuillca_microcatchment,79.59237993166853,UCSB-CHG/CHIRPS/DAILY,ECMWF/ERA5_LAND/DAILY_AGGR,0.07*L1 + 0.21*L2 + 0.72*L3,-1*native_potential_evaporation_sum*1000,BLOCK_8.0D_R_v1
2025-08-23,1755907200000,0.0,0.2680337130449181,0.2162901744217771,0.2572892470166862,0.2494315543937315,281.91665353205394,8.766653532053962,-0.003887012385564,-3.8870123855640433,3.8870123855640433,Razuhuillca_microcatchment,79.59237993166853,UCSB-CHG/CHIRPS/DAILY,ECMWF/ERA5_LAND/DAILY_AGGR,0.07*L1 + 0.21*L2 + 0.72*L3,-1*native_potential_evaporation_sum*1000,BLOCK_8.0D_R_v1
2025-08-24,1755993600000,0.0,0.3131429786167622,0.2212727129574225,0.2570809454357463,0.2534855589379695,281.8675530935298,8.717553093529883,-0.0037203681779045,-3.720368177904559,3.720368177904559,Razuhuillca_microcatchment,79.59237993166853,UCSB-CHG/CHIRPS/DAILY,ECMWF/ERA5_LAND/DAILY_AGGR,0.07*L1 + 0.21*L2 + 0.72*L3,-1*native_potential_evaporation_sum*1000,BLOCK_8.0D_R_v1
2025-08-25,1756080000000,0.0,0.3360101335999593,0.2333135402730893,0.2570114466496285,0.2575647943970784,281.5949945357953,8.444994535795328,-0.0034727810779747,-3.4727810779747936,3.4727810779747936,Razuhuillca_microcatchment,79.59237993166853,UCSB-CHG/CHIRPS/DAILY,ECMWF/ERA5_LAND/DAILY_AGGR,0.07*L1 + 0.21*L2 + 0.72*L3,-1*native_potential_evaporation_sum*1000,BLOCK_8.0D_R_v1
2025-08-26,1756166400000,3.6386265314760657,0.3598851808463448,0.2528685972180669,0.2570292118197461,0.2633554005852553,281.2277087724277,8.077708772427798,-0.0030892158433192,-3.089215843319203,3.089215843319203,Razuhuillca_microcatchment,79.59237993166853,UCSB-CHG/CHIRPS/DAILY,ECMWF/ERA5_LAND/DAILY_AGGR,0.07*L1 + 0.21*L2 + 0.72*L3,-1*native_potential_evaporation_sum*1000,BLOCK_8.0D_R_v1
2025-08-27,1756252800000,0.0,0.3383032260372918,0.2711310891976475,0.2571004856528574,0.2657311042241737,280.53487600572765,7.384876005727698,-0.0038435492298506,-3.8435492298506593,3.8435492298506593,Razuhuillca_microcatchment,79.59237993166853,UCSB-CHG/CHIRPS/DAILY,ECMWF/ERA5_LAND/DAILY_AGGR,0.07*L1 + 0.21*L2 + 0.72*L3,-1*native_potential_evaporation_sum*1000,BLOCK_8.0D_R_v1
2025-08-28,1756339200000,0.0,0.3128469794242138,0.2740293918087762,0.2571094895144189,0.2645642932899196,280.5777086136658,7.427708613665836,-0.0035754523180812,-3.5754523180812763,3.5754523180812763,Razuhuillca_microcatchment,79.59237993166853,UCSB-CHG/CHIRPS/DAILY,ECMWF/ERA5_LAND/DAILY_AGGR,0.07*L1 + 0.21*L2 + 0.72*L3,-1*native_potential_evaporation_sum*1000,BLOCK_8.0D_R_v1
2025-08-29,1756425600000,0.0,0.3018689826274424,0.2743852648431855,0.2571433734342542,0.2638949632736529,280.85901877783624,7.70901877783627,-0.0043050555480008,-4.305055548000887,4.305055548000887,Razuhuillca_microcatchment,79.59237993166853,UCSB-CHG/CHIRPS/DAILY,ECMWF/ERA5_LAND/DAILY_AGGR,0.07*L1 + 0.21*L2 + 0.72*L3,-1*native_potential_evaporation_sum*1000,BLOCK_8.0D_R_v1
2025-08-30,1756512000000,0.0,0.2879200459445372,0.2726076085673132,0.2570653154670847,0.2624890281515543,281.18201926494146,8.03201926494151,-0.0044507739171816,-4.450773917181643,4.450773917181643,Razuhuillca_microcatchment,79.59237993166853,UCSB-CHG/CHIRPS/DAILY,ECMWF/ERA5_LAND/DAILY_AGGR,0.07*L1 + 0.21*L2 + 0.72*L3,-1*native_potential_evaporation_sum*1000,BLOCK_8.0D_R_v1
2025-08-31,1756598400000,0.0,0.2786876443263882,0.2703901044665504,0.2569806203676786,0.2613161037055513,280.94409177849974,7.794091778499782,-0.0040799728190967,-4.07997281909678,4.07997281909678,Razuhuillca_microcatchment,79.59237993166853,UCSB-CHG/CHIRPS/DAILY,ECMWF/ERA5_LAND/DAILY_AGGR,0.07*L1 + 0.21*L2 + 0.72*L3,-1*native_potential_evaporation_sum*1000,BLOCK_8.0D_R_v1
2025-09-01,1756684800000,0.0,0.2709351100443874,0.2679357106056286,0.2568773038125452,0.2601836156753216,281.4342647398138,8.284264739813855,-0.0044216557562006,-4.421655756200669,4.421655756200669,Razuhuillca_microcatchment,79.59237993166853,UCSB-CHG/CHIRPS/DAILY,ECMWF/ERA5_LAND/DAILY_AGGR,0.07*L1 + 0.21*L2 + 0.72*L3,-1*native_potential_evaporation_sum*1000,BLOCK_8.0D_R_v1
2025-09-02,1756771200000,0.0,0.2659000845084071,0.2654186167928294,0.256758081660335,0.2592167342375239,281.55054226546383,8.400542265463892,-0.0041569696599348,-4.156969659934842,4.156969659934842,Razuhuillca_microcatchment,79.59237993166853,UCSB-CHG/CHIRPS/DAILY,ECMWF/ERA5_LAND/DAILY_AGGR,0.07*L1 + 0.21*L2 + 0.72*L3,-1*native_potential_evaporation_sum*1000,BLOCK_8.0D_R_v1
2025-09-03,1756857600000,0.0,0.2695939756771962,0.2633478205098352,0.2566637983671272,0.2589725554288008,281.15776909109707,8.007769091097172,-0.0037213996741813,-3.721399674181304,3.721399674181304,Razuhuillca_microcatchment,79.59237993166853,UCSB-CHG/CHIRPS/DAILY,ECMWF/ERA5_LAND/DAILY_AGGR,0.07*L1 + 0.21*L2 + 0.72*L3,-1*native_potential_evaporation_sum*1000,BLOCK_8.0D_R_v1
2025-09-04,1756944000000,0.0,0.2914389057196174,0.2632425598556136,0.2566067543103285,0.2604385240734886,281.004362253325,7.854362253325068,-0.0044406588280821,-4.440658828082111,4.440658828082111,Razuhuillca_microcatchment,79.59237993166853,UCSB-CHG/CHIRPS/DAILY,ECMWF/ERA5_LAND/DAILY_AGGR,0.07*L1 + 0.21*L2 + 0.72*L3,-1*native_potential_evaporation_sum*1000,BLOCK_8.0D_R_v1
2025-09-05,1757030400000,0.0,0.2927049662566139,0.2637194411143631,0.2565347160677459,0.2605754258407563,280.8864800080169,7.736480008016928,-0.0039348454144648,-3.934845414464873,3.934845414464873,Razuhuillca_microcatchment,79.59237993166853,UCSB-CHG/CHIRPS/DAILY,ECMWF/ERA5_LAND/DAILY_AGGR,0.07*L1 + 0.21*L2 + 0.72*L3,-1*native_potential_evaporation_sum*1000,BLOCK_8.0D_R_v1
2025-09-06,1757116800000,0.0,0.2991946262660973,0.2645533897973209,0.2565108539970853,0.2611876505739656,280.73113560171254,7.581135601712567,-0.0032952870161547,-3.2952870161547136,3.2952870161547136,Razuhuillca_microcatchment,79.59237993166853,UCSB-CHG/CHIRPS/DAILY,ECMWF/ERA5_LAND/DAILY_AGGR,0.07*L1 + 0.21*L2 + 0.72*L3,-1*native_potential_evaporation_sum*1000,BLOCK_8.0D_R_v1
2025-09-07,1757203200000,0.0,0.3242287350987193,0.2690164532964629,0.256602314855322,0.2639431333449994,280.9245892857311,7.77458928573111,-0.0036359214024736,-3.635921402473671,3.635921402473671,Razuhuillca_microcatchment,79.59237993166853,UCSB-CHG/CHIRPS/DAILY,ECMWF/ERA5_LAND/DAILY_AGGR,0.07*L1 + 0.21*L2 + 0.72*L3,-1*native_potential_evaporation_sum*1000,BLOCK_8.0D_R_v1
2025-09-08,1757289600000,0.0,0.3396748816576536,0.2804516220827782,0.2567608893951239,0.2675399227179085,282.14475379605744,8.994753796057458,-0.0042229260323364,-4.222926032336461,4.222926032336461,Razuhuillca_microcatchment,79.59237993166853,UCSB-CHG/CHIRPS/DAILY,ECMWF/ERA5_LAND/DAILY_AGGR,0.07*L1 + 0.21*L2 + 0.72*L3,-1*native_potential_evaporation_sum*1000,BLOCK_8.0D_R_v1
2025-09-09,1757376000000,0.0,0.3098990747234954,0.282674274922336,0.2568096719495593,0.2659574967680179,281.7091521739041,8.559152173904115,-0.0044046268728427,-4.404626872842711,4.404626872842711,Razuhuillca_microcatchment,79.59237993166853,UCSB-CHG/CHIRPS/DAILY,ECMWF/ERA5_LAND/DAILY_AGGR,0.07*L1 + 0.21*L2 + 0.72*L3,-1*native_potential_evaporation_sum*1000,BLOCK_8.0D_R_v1
2025-09-10,1757462400000,0.0,0.3037996126737209,0.2815183187495766,0.2569004345491442,0.2653531326999553,281.3417019044732,8.191701904473295,-0.0037641854299975,-3.7641854299975273,3.7641854299975273,Razuhuillca_microcatchment,79.59237993166853,UCSB-CHG/CHIRPS/DAILY,ECMWF/ERA5_LAND/DAILY_AGGR,0.07*L1 + 0.21*L2 + 0.72*L3,-1*native_potential_evaporation_sum*1000,BLOCK_8.0D_R_v1
2025-09-11,1757548800000,0.0,0.3094969953415711,0.2821927520810753,0.2570784427297368,0.2660217463763463,281.737037463914,8.587037463914024,-0.0043578922662431,-4.357892266243178,4.357892266243178,Razuhuillca_microcatchment,79.59237993166853,UCSB-CHG/CHIRPS/DAILY,ECMWF/ERA5_LAND/DAILY_AGGR,0.07*L1 + 0.21*L2 + 0.72*L3,-1*native_potential_evaporation_sum*1000,BLOCK_8.0D_R_v1
2025-09-12,1757635200000,0.0,0.2983171503438195,0.2813958993077508,0.2571570225533722,0.265128395617123,281.4137854015666,8.263785401566649,-0.0046268012912976,-4.626801291297625,4.626801291297625,Razuhuillca_microcatchment,79.59237993166853,UCSB-CHG/CHIRPS/DAILY,ECMWF/ERA5_LAND/DAILY_AGGR,0.07*L1 + 0.21*L2 + 0.72*L3,-1*native_potential_evaporation_sum*1000,BLOCK_8.0D_R_v1
2025-09-13,1757721600000,0.0,0.2886541326151647,0.279270793201836,0.2571784113183876,0.2640211120046861,281.36750587286974,8.217505872869804,-0.0043658529316758,-4.3658529316758825,4.3658529316758825,Razuhuillca_microcatchment,79.59237993166853,UCSB-CHG/CHIRPS/DAILY,ECMWF/ERA5_LAND/DAILY_AGGR,0.07*L1 + 0.21*L2 + 0.72*L3,-1*native_potential_evaporation_sum*1000,BLOCK_8.0D_R_v1
2025-09-14,1757808000000,0.0,0.289008961936642,0.2775080135102906,0.257224331012351,0.2637088285016186,281.74524259842894,8.59524259842891,-0.004281032981211,-4.28103298121105,4.28103298121105,Razuhuillca_microcatchment,79.59237993166853,UCSB-CHG/CHIRPS/DAILY,ECMWF/ERA5_LAND/DAILY_AGGR,0.07*L1 + 0.21*L2 + 0.72*L3,-1*native_potential_evaporation_sum*1000,BLOCK_8.0D_R_v1
2025-09-15,1757894400000,0.0,0.3017773343418834,0.2774842800662236,0.2572793096935588,0.2646372151972012,281.9141003198936,8.764100319893629,-0.0043457792587362,-4.345779258736296,4.345779258736296,Razuhuillca_microcatchment,79.59237993166853,UCSB-CHG/CHIRPS/DAILY,ECMWF/ERA5_LAND/DAILY_AGGR,0.07*L1 + 0.21*L2 + 0.72*L3,-1*native_potential_evaporation_sum*1000,BLOCK_8.0D_R_v1
2025-09-16,1757980800000,0.0,0.3084736458368614,0.2786468476459011,0.2573990426770983,0.2654363039417303,282.4431481333826,9.293148133382664,-0.0039417195010047,-3.9417195010047417,3.9417195010047417,Razuhuillca_microcatchment,79.59237993166853,UCSB-CHG/CHIRPS/DAILY,ECMWF/ERA5_LAND/DAILY_AGGR,0.07*L1 + 0.21*L2 + 0.72*L3,-1*native_potential_evaporation_sum*1000,BLOCK_8.0D_R_v1
2025-09-17,1758067200000,0.0,0.3138268494651956,0.2812367588109364,0.2575838129414758,0.2664879441307229,282.24972453328684,9.099724533286894,-0.0039203336214743,-3.92033362147436,3.92033362147436,Razuhuillca_microcatchment,79.59237993166853,UCSB-CHG/CHIRPS/DAILY,ECMWF/ERA5_LAND/DAILY_AGGR,0.07*L1 + 0.21*L2 + 0.72*L3,-1*native_potential_evaporation_sum*1000,BLOCK_8.0D_R_v1
2025-09-18,1758153600000,0.0,0.3063006061120299,0.2824801185916614,0.2577469739381059,0.2663396885675271,282.84069929692555,9.69069929692558,-0.004650360070212,-4.650360070212039,4.650360070212039,Razuhuillca_microcatchment,79.59237993166853,UCSB-CHG/CHIRPS/DAILY,ECMWF/ERA5_LAND/DAILY_AGGR,0.07*L1 + 0.21*L2 + 0.72*L3,-1*native_potential_evaporation_sum*1000,BLOCK_8.0D_R_v1
2025-09-19,1758240000000,0.0,0.2918157779642153,0.2809805971119904,0.2578041870469991,0.2650520445248525,282.7667287484758,9.616728748475891,-0.004884973900511,-4.884973900511086,4.884973900511086,Razuhuillca_microcatchment,79.59237993166853,UCSB-CHG/CHIRPS/DAILY,ECMWF/ERA5_LAND/DAILY_AGGR,0.07*L1 + 0.21*L2 + 0.72*L3,-1*native_potential_evaporation_sum*1000,BLOCK_8.0D_R_v1
2025-09-20,1758326400000,0.0,0.2744092812657586,0.2770218601116556,0.2576891103461528,0.2629193997612807,283.0957599816295,9.945759981629498,-0.0051661101896638,-5.166110189663882,5.166110189663882,Razuhuillca_microcatchment,79.59237993166853,UCSB-CHG/CHIRPS/DAILY,ECMWF/ERA5_LAND/DAILY_AGGR,0.07*L1 + 0.21*L2 + 0.72*L3,-1*native_potential_evaporation_sum*1000,BLOCK_8.0D_R_v1
2025-09-21,1758412800000,45.53612453596932,0.2641238026995649,0.2727394875763468,0.2575095953968908,0.2611708672657637,283.71211066273594,10.56211066273598,-0.005098064123206,-5.098064123206055,5.098064123206055,Razuhuillca_microcatchment,79.59237993166853,UCSB-CHG/CHIRPS/DAILY,ECMWF/ERA5_LAND/DAILY_AGGR,0.07*L1 + 0.21*L2 + 0.72*L3,-1*native_potential_evaporation_sum*1000,BLOCK_8.0D_R_v1
2025-09-22,1758499200000,0.0,0.2512537013588612,0.26807625904708,0.2572406188141633,0.2590970190412047,283.7256047096326,10.575604709632604,-0.0050018748451519,-5.001874845151957,5.001874845151957,Razuhuillca_microcatchment,79.59237993166853,UCSB-CHG/CHIRPS/DAILY,ECMWF/ERA5_LAND/DAILY_AGGR,0.07*L1 + 0.21*L2 + 0.72*L3,-1*native_potential_evaporation_sum*1000,BLOCK_8.0D_R_v1
2025-09-23,1758585600000,0.0,0.2480694140542678,0.2640057051112886,0.2570045302139311,0.2578493188111997,282.956360171985,9.806360171985087,-0.0046290097639739,-4.629009763973985,4.629009763973985,Razuhuillca_microcatchment,79.59237993166853,UCSB-CHG/CHIRPS/DAILY,ECMWF/ERA5_LAND/DAILY_AGGR,0.07*L1 + 0.21*L2 + 0.72*L3,-1*native_potential_evaporation_sum*1000,BLOCK_8.0D_R_v1
2025-09-24,1758672000000,0.0,0.2600734394639443,0.2618717017201329,0.2568715045906904,0.2581456814290011,282.29177355536603,9.141773555366072,-0.0047456641503841,-4.74566415038412,4.74566415038412,Razuhuillca_microcatchment,79.59237993166853,UCSB-CHG/CHIRPS/DAILY,ECMWF/ERA5_LAND/DAILY_AGGR,0.07*L1 + 0.21*L2 + 0.72*L3,-1*native_potential_evaporation_sum*1000,BLOCK_8.0D_R_v1
2025-09-25,1758758400000,0.0,0.2744782655455014,0.2611297798524243,0.256739860784571,0.2589034321220853,282.26353906620443,9.113539066204458,-0.0045357922770384,-4.535792277038442,4.535792277038442,Razuhuillca_microcatchment,79.59237993166853,UCSB-CHG/CHIRPS/DAILY,ECMWF/ERA5_LAND/DAILY_AGGR,0.07*L1 + 0.21*L2 + 0.72*L3,-1*native_potential_evaporation_sum*1000,BLOCK_8.0D_R_v1
2025-09-26,1758844800000,0.0,0.2992231850449519,0.2627851930886564,0.2567452741266445,0.2609871108729485,282.01816285782,8.868162857820085,-0.0037655979825582,-3.765597982558211,3.765597982558211,Razuhuillca_microcatchment,79.59237993166853,UCSB-CHG/CHIRPS/DAILY,ECMWF/ERA5_LAND/DAILY_AGGR,0.07*L1 + 0.21*L2 + 0.72*L3,-1*native_potential_evaporation_sum*1000,BLOCK_8.0D_R_v1
2025-09-27,1758931200000,0.0,0.3196070566342745,0.2722353558549532,0.256893896643137,0.2645055242769979,281.9108102096528,8.760810209652862,-0.0047904715544915,-4.790471554491561,4.790471554491561,Razuhuillca_microcatchment,79.59237993166853,UCSB-CHG/CHIRPS/DAILY,ECMWF/ERA5_LAND/DAILY_AGGR,0.07*L1 + 0.21*L2 + 0.72*L3,-1*native_potential_evaporation_sum*1000,BLOCK_8.0D_R_v1
2025-09-28,1759017600000,0.0,0.3018990959505584,0.2735224927780945,0.2569804182401741,0.2635985613328643,282.3814550704809,9.23145507048094,-0.0044051096963055,-4.405109696305555,4.405109696305555,Razuhuillca_microcatchment,79.59237993166853,UCSB-CHG/CHIRPS/DAILY,ECMWF/ERA5_LAND/DAILY_AGGR,0.07*L1 + 0.21*L2 + 0.72*L3,-1*native_potential_evaporation_sum*1000,BLOCK_8.0D_R_v1
2025-09-29,1759104000000,0.0,0.3093843074203226,0.2747774436524378,0.2571595950852469,0.2645150731478123,282.3831435076763,9.233143507676338,-0.004076795598675,-4.076795598675061,4.076795598675061,Razuhuillca_microcatchment,79.59237993166853,UCSB-CHG/CHIRPS/DAILY,ECMWF/ERA5_LAND/DAILY_AGGR,0.07*L1 + 0.21*L2 + 0.72*L3,-1*native_potential_evaporation_sum*1000,BLOCK_8.0D_R_v1
2025-09-30,1759190400000,0.0,0.3183012468047684,0.2785255601181001,0.2574376490304465,0.2661265622030563,282.5333252908637,9.38332529086369,-0.0044309684220766,-4.430968422076605,4.430968422076605,Razuhuillca_microcatchment,79.59237993166853,UCSB-CHG/CHIRPS/DAILY,ECMWF/ERA5_LAND/DAILY_AGGR,0.07*L1 + 0.21*L2 + 0.72*L3,-1*native_potential_evaporation_sum*1000,BLOCK_8.0D_R_v1
2025-10-01,1759276800000,0.0,0.3237435849875154,0.2815437904901817,0.2577684913297149,0.267379560709459,282.2183506805773,9.068350680577304,-0.0035021998892629,-3.502199889262976,3.502199889262976,Razuhuillca_microcatchment,79.59237993166853,UCSB-CHG/CHIRPS/DAILY,ECMWF/ERA5_LAND/DAILY_AGGR,0.07*L1 + 0.21*L2 + 0.72*L3,-1*native_potential_evaporation_sum*1000,BLOCK_8.0D_R_v1
2025-10-02,1759363200000,0.0,0.3494884549767525,0.2906142255014996,0.2583496226051639,0.2715049074794056,282.13399479154907,8.983994791549087,-0.0040201209700865,-4.0201209700865554,4.0201209700865554,Razuhuillca_microcatchment,79.59237993166853,UCSB-CHG/CHIRPS/DAILY,ECMWF/ERA5_LAND/DAILY_AGGR,0.07*L1 + 0.21*L2 + 0.72*L3,-1*native_potential_evaporation_sum*1000,BLOCK_8.0D_R_v1
2025-10-03,1759449600000,0.0,0.3665540654764928,0.3038356428201488,0.2595717626729683,0.2763559387001228,282.1018230313281,8.951823031328123,-0.0035540559732845,-3.5540559732845063,3.5540559732845063,Razuhuillca_microcatchment,79.59237993166853,UCSB-CHG/CHIRPS/DAILY,ECMWF/ERA5_LAND/DAILY_AGGR,0.07*L1 + 0.21*L2 + 0.72*L3,-1*native_potential_evaporation_sum*1000,BLOCK_8.0D_R_v1
2025-10-04,1759536000000,0.0,0.3582489880982621,0.3151442944888664,0.2616347384590633,0.2796347427000659,282.2815665316719,9.13156653167196,-0.0049382157925236,-4.938215792523643,4.938215792523643,Razuhuillca_microcatchment,79.59237993166853,UCSB-CHG/CHIRPS/DAILY,ECMWF/ERA5_LAND/DAILY_AGGR,0.07*L1 + 0.21*L2 + 0.72*L3,-1*native_potential_evaporation_sum*1000,BLOCK_8.0D_R_v1
2025-10-05,1759622400000,0.0,0.3390489515771296,0.3136267211855262,0.2630201313996361,0.2789695326670975,282.8255405389275,9.675540538927503,-0.0049657332845505,-4.965733284550594,4.965733284550594,Razuhuillca_microcatchment,79.59237993166853,UCSB-CHG/CHIRPS/DAILY,ECMWF/ERA5_LAND/DAILY_AGGR,0.07*L1 + 0.21*L2 + 0.72*L3,-1*native_potential_evaporation_sum*1000,BLOCK_8.0D_R_v1
2025-10-06,1759708800000,0.161864272296606,0.3345096529334037,0.3111979313668487,0.263971791791089,0.2788269313819606,283.04478183738985,9.894781837389884,-0.0047632578135914,-4.763257813591488,4.763257813591488,Razuhuillca_microcatchment,79.59237993166853,UCSB-CHG/CHIRPS/DAILY,ECMWF/ERA5_LAND/DAILY_AGGR,0.07*L1 + 0.21*L2 + 0.72*L3,-1*native_potential_evaporation_sum*1000,BLOCK_8.0D_R_v1
2025-10-07,1759795200000,0.2992177343084699,0.3340817269562296,0.3105788772965212,0.2647806766634961,0.2792493723169227,282.73661502110474,9.586615021104793,-0.0049647666040183,-4.964766604018349,4.964766604018349,Razuhuillca_microcatchment,79.59237993166853,UCSB-CHG/CHIRPS/DAILY,ECMWF/ERA5_LAND/DAILY_AGGR,0.07*L1 + 0.21*L2 + 0.72*L3,-1*native_potential_evaporation_sum*1000,BLOCK_8.0D_R_v1
2025-10-08,1759881600000,3.6164326068191297,0.3411623122375135,0.3101345422410321,0.2655306027803807,0.2801916497291168,282.38804545246336,9.238045452463393,-0.0045147847405747,-4.514784740574787,4.514784740574787,Razuhuillca_microcatchment,79.59237993166853,UCSB-CHG/CHIRPS/DAILY,ECMWF/ERA5_LAND/DAILY_AGGR,0.07*L1 + 0.21*L2 + 0.72*L3,-1*native_potential_evaporation_sum*1000,BLOCK_8.0D_R_v1
2025-10-09,1759968000000,2.519529234795343,0.3508090274641738,0.3142452607494788,0.266493450010443,0.2824234206874017,281.9125947309137,8.76259473091378,-0.0039339315340009,-3.9339315340009033,3.9339315340009033,Razuhuillca_microcatchment,79.59237993166853,UCSB-CHG/CHIRPS/DAILY,ECMWF/ERA5_LAND/DAILY_AGGR,0.07*L1 + 0.21*L2 + 0.72*L3,-1*native_potential_evaporation_sum*1000,BLOCK_8.0D_R_v1
2025-10-10,1760054400000,10.265790248201004,0.3602100916221192,0.3203528519999774,0.2677628621889676,0.2852780661096002,282.1797490570127,9.02974905701273,-0.0036520608243225,-3.6520608243225614,3.6520608243225614,Razuhuillca_microcatchment,79.59237993166853,UCSB-CHG/CHIRPS/DAILY,ECMWF/ERA5_LAND/DAILY_AGGR,0.07*L1 + 0.21*L2 + 0.72*L3,-1*native_potential_evaporation_sum*1000,BLOCK_8.0D_R_v1
2025-10-11,1760140800000,0.0,0.3563027170581854,0.3259013291728289,0.2694067468073556,0.2873533270216631,282.59164504784377,9.44164504784381,-0.0045763517304652,-4.5763517304652,4.5763517304652,Razuhuillca_microcatchment,79.59237993166853,UCSB-CHG/CHIRPS/DAILY,ECMWF/ERA5_LAND/DAILY_AGGR,0.07*L1 + 0.21*L2 + 0.72*L3,-1*native_potential_evaporation_sum*1000,BLOCK_8.0D_R_v1
2025-10-12,1760227200000,0.0,0.3471585569583841,0.3247728917410378,0.2707719747730762,0.2874592280893197,282.6453337549933,9.49533375499338,-0.0048674096089567,-4.867409608956706,4.867409608956706,Razuhuillca_microcatchment,79.59237993166853,UCSB-CHG/CHIRPS/DAILY,ECMWF/ERA5_LAND/DAILY_AGGR,0.07*L1 + 0.21*L2 + 0.72*L3,-1*native_potential_evaporation_sum*1000,BLOCK_8.0D_R_v1
2025-10-13,1760313600000,0.0,0.3576064137365087,0.325157345604575,0.2719208160576793,0.2890984791000453,283.0413501276446,9.891350127644651,-0.0049933038350474,-4.993303835047462,4.993303835047462,Razuhuillca_microcatchment,79.59237993166853,UCSB-CHG/CHIRPS/DAILY,ECMWF/ERA5_LAND/DAILY_AGGR,0.07*L1 + 0.21*L2 + 0.72*L3,-1*native_potential_evaporation_sum*1000,BLOCK_8.0D_R_v1
2025-10-14,1760400000000,0.305345024381365,0.356771064861202,0.3270995667444717,0.2731374068067253,0.2903238164574654,282.4284387673027,9.278438767302712,-0.004351710911431,-4.351710911431065,4.351710911431065,Razuhuillca_microcatchment,79.59237993166853,UCSB-CHG/CHIRPS/DAILY,ECMWF/ERA5_LAND/DAILY_AGGR,0.07*L1 + 0.21*L2 + 0.72*L3,-1*native_potential_evaporation_sum*1000,BLOCK_8.0D_R_v1
2025-10-15,1760486400000,0.297829806804657,0.3642707119098288,0.3287465384011094,0.2744168922850621,0.2921158853431657,282.2594830029732,9.109483002973224,-0.0035266765538667,-3.526676553866767,3.526676553866767,Razuhuillca_microcatchment,79.59237993166853,UCSB-CHG/CHIRPS/DAILY,ECMWF/ERA5_LAND/DAILY_AGGR,0.07*L1 + 0.21*L2 + 0.72*L3,-1*native_potential_evaporation_sum*1000,BLOCK_8.0D_R_v1
2025-10-16,1760572800000,0.0,0.3649149767925284,0.3337101541272937,0.2758852052780474,0.2942605285424028,282.10072401631083,8.95072401631089,-0.0039791873941531,-3.979187394153176,3.979187394153176,Razuhuillca_microcatchment,79.59237993166853,UCSB-CHG/CHIRPS/DAILY,ECMWF/ERA5_LAND/DAILY_AGGR,0.07*L1 + 0.21*L2 + 0.72*L3,-1*native_potential_evaporation_sum*1000,BLOCK_8.0D_R_v1
2025-10-17,1760659200000,0.0,0.3554403124976479,0.333856997921747,0.2772652400022297,0.2946217642400076,282.2052411683952,9.0552411683952,-0.0045845803583977,-4.584580358397754,4.584580358397754,Razuhuillca_microcatchment,79.59237993166853,UCSB-CHG/CHIRPS/DAILY,ECMWF/ERA5_LAND/DAILY_AGGR,0.07*L1 + 0.21*L2 + 0.72*L3,-1*native_potential_evaporation_sum*1000,BLOCK_8.0D_R_v1
2025-10-18,1760745600000,10.049639295964012,0.3529056997427821,0.332845393862568,0.2784086605946682,0.2950551673212951,282.2300108650516,9.080010865051657,-0.0040060497949578,-4.006049794957817,4.006049794957817,Razuhuillca_microcatchment,79.59237993166853,UCSB-CHG/CHIRPS/DAILY,ECMWF/ERA5_LAND/DAILY_AGGR,0.07*L1 + 0.21*L2 + 0.72*L3,-1*native_potential_evaporation_sum*1000,BLOCK_8.0D_R_v1
2025-10-19,1760832000000,0.0,0.3714307112500846,0.3378673178612152,0.2797043934493165,0.2983394498218691,282.1706680415453,9.020668041545338,-0.0038736391101958,-3.8736391101958434,3.8736391101958434,Razuhuillca_microcatchment,79.59237993166853,UCSB-CHG/CHIRPS/DAILY,ECMWF/ERA5_LAND/DAILY_AGGR,0.07*L1 + 0.21*L2 + 0.72*L3,-1*native_potential_evaporation_sum*1000,BLOCK_8.0D_R_v1
2025-10-20,1760918400000,9.737194026509922,0.3712039425653299,0.3415025038526237,0.2813674765055808,0.3002843848726422,282.6132371200532,9.463237120053236,-0.004141601523912,-4.141601523912022,4.141601523912022,Razuhuillca_microcatchment,79.59237993166853,UCSB-CHG/CHIRPS/DAILY,ECMWF/ERA5_LAND/DAILY_AGGR,0.07*L1 + 0.21*L2 + 0.72*L3,-1*native_potential_evaporation_sum*1000,BLOCK_8.0D_R_v1
2025-10-21,1761004800000,0.0,0.3615999093175163,0.3423415534987845,0.2829136637134589,0.3009015577606613,283.121200039667,9.97120003966698,-0.0048359804759824,-4.83598047598249,4.83598047598249,Razuhuillca_microcatchment,79.59237993166853,UCSB-CHG/CHIRPS/DAILY,ECMWF/ERA5_LAND/DAILY_AGGR,0.07*L1 + 0.21*L2 + 0.72*L3,-1*native_potential_evaporation_sum*1000,BLOCK_8.0D_R_v1
2025-10-22,1761091200000,0.0,0.3449437687162719,0.3383029540839223,0.2840822252924042,0.2997288863782937,283.1524177507169,10.002417750716935,-0.0051093774207065,-5.109377420706555,5.109377420706555,Razuhuillca_microcatchment,79.59237993166853,UCSB-CHG/CHIRPS/DAILY,ECMWF/ERA5_LAND/DAILY_AGGR,0.07*L1 + 0.21*L2 + 0.72*L3,-1*native_potential_evaporation_sum*1000,BLOCK_8.0D_R_v1
2025-10-23,1761177600000,0.0,0.3411070248524807,0.333420222434924,0.2848883244802956,0.2990153320768205,282.92947845238484,9.779478452384852,-0.0037732590743572,-3.773259074357203,3.773259074357203,Razuhuillca_microcatchment,79.59237993166853,UCSB-CHG/CHIRPS/DAILY,ECMWF/ERA5_LAND/DAILY_AGGR,0.07*L1 + 0.21*L2 + 0.72*L3,-1*native_potential_evaporation_sum*1000,BLOCK_8.0D_R_v1
2025-10-24,1761264000000,0.0,0.3428712598620581,0.3325441467049952,0.285660830076949,0.2995110566537963,283.2018564698324,10.051856469832437,-0.0055036653759162,-5.503665375916254,5.503665375916254,Razuhuillca_microcatchment,79.59237993166853,UCSB-CHG/CHIRPS/DAILY,ECMWF/ERA5_LAND/DAILY_AGGR,0.07*L1 + 0.21*L2 + 0.72*L3,-1*native_potential_evaporation_sum*1000,BLOCK_8.0D_R_v1
2025-10-25,1761350400000,5.378588875134787,0.3262718215383776,0.3270241511350422,0.2860480512497741,0.2974686961458826,283.4849800411217,10.33498004112174,-0.0049947310734346,-4.994731073434642,4.994731073434642,Razuhuillca_microcatchment,79.59237993166853,UCSB-CHG/CHIRPS/DAILY,ECMWF/ERA5_LAND/DAILY_AGGR,0.07*L1 + 0.21*L2 + 0.72*L3,-1*native_potential_evaporation_sum*1000,BLOCK_8.0D_R_v1
2025-10-26,1761436800000,0.2066457931484495,0.3409398543811717,0.3240652102725813,0.2864001904379196,0.2981276210792262,283.59311732621086,10.443117326210936,-0.0038919672369956,-3.891967236995697,3.891967236995697,Razuhuillca_microcatchment,79.59237993166853,UCSB-CHG/CHIRPS/DAILY,ECMWF/ERA5_LAND/DAILY_AGGR,0.07*L1 + 0.21*L2 + 0.72*L3,-1*native_potential_evaporation_sum*1000,BLOCK_8.0D_R_v1
2025-10-27,1761523200000,8.636687665468171,0.3568543671183503,0.3283938810315435,0.2869211060922729,0.3005257171013452,283.168542670836,10.018542670836116,-0.0050092923072721,-5.009292307272122,5.009292307272122,Razuhuillca_microcatchment,79.59237993166853,UCSB-CHG/CHIRPS/DAILY,ECMWF/ERA5_LAND/DAILY_AGGR,0.07*L1 + 0.21*L2 + 0.72*L3,-1*native_potential_evaporation_sum*1000,BLOCK_8.0D_R_v1
2025-10-28,1761609600000,5.382191224467187,0.354975999894629,0.3288652680972178,0.2873972707171431,0.3008360612093828,283.3374525779474,10.187452577947443,-0.0047789238436373,-4.778923843637367,4.778923843637367,Razuhuillca_microcatchment,79.59237993166853,UCSB-CHG/CHIRPS/DAILY,ECMWF/ERA5_LAND/DAILY_AGGR,0.07*L1 + 0.21*L2 + 0.72*L3,-1*native_potential_evaporation_sum*1000,BLOCK_8.0D_R_v1
2025-10-29,1761696000000,0.0,0.3485991968584888,0.3284766026314972,0.2878566109835527,0.3006387902408666,282.9273684801164,9.777368480116436,-0.0045249226982193,-4.524922698219387,4.524922698219387,Razuhuillca_microcatchment,79.59237993166853,UCSB-CHG/CHIRPS/DAILY,ECMWF/ERA5_LAND/DAILY_AGGR,0.07*L1 + 0.21*L2 + 0.72*L3,-1*native_potential_evaporation_sum*1000,BLOCK_8.0D_R_v1
2025-10-30,1761782400000,2.025245388348897,0.3916523810296618,0.339053424107546,0.2886112815842233,0.3064170084753018,282.52535912250966,9.375359122509709,-0.0034033774985054,-3.403377498505432,3.403377498505432,Razuhuillca_microcatchment,79.59237993166853,UCSB-CHG/CHIRPS/DAILY,ECMWF/ERA5_LAND/DAILY_AGGR,0.07*L1 + 0.21*L2 + 0.72*L3,-1*native_potential_evaporation_sum*1000,BLOCK_8.0D_R_v1
2025-10-31,1761868800000,0.0,0.3881061495154349,0.3558813253119731,0.2905505847379651,0.3110989297929297,282.5070922462007,9.357092246200802,-0.0039161233112991,-3.91612331129912,3.91612331129912,Razuhuillca_microcatchment,79.59237993166853,UCSB-CHG/CHIRPS/DAILY,ECMWF/ERA5_LAND/DAILY_AGGR,0.07*L1 + 0.21*L2 + 0.72*L3,-1*native_potential_evaporation_sum*1000,BLOCK_8.0D_R_v1
2025-11-01,1761955200000,3.9081836470535833,0.3812355195855819,0.3579711215803848,0.2925274725823962,0.3124802021621968,282.4658901420402,9.31589014204022,-0.0040192944293766,-4.019294429376636,4.019294429376636,Razuhuillca_microcatchment,79.59237993166853,UCSB-CHG/CHIRPS/DAILY,ECMWF/ERA5_LAND/DAILY_AGGR,0.07*L1 + 0.21*L2 + 0.72*L3,-1*native_potential_evaporation_sum*1000,BLOCK_8.0D_R_v1
2025-11-02,1762041600000,3.9081836470535833,0.36763808998299,0.3566755761530588,0.2942452880918175,0.3124931447170602,283.55989644339087,10.409896443390926,-0.0050150235264287,-5.015023526428752,5.015023526428752,Razuhuillca_microcatchment,79.59237993166853,UCSB-CHG/CHIRPS/DAILY,ECMWF/ERA5_LAND/DAILY_AGGR,0.07*L1 + 0.21*L2 + 0.72*L3,-1*native_potential_evaporation_sum*1000,BLOCK_8.0D_R_v1
2025-11-03,1762128000000,0.0,0.3516749306680609,0.3501993521100523,0.2953645085094062,0.3108215552166477,283.863391093436,10.713391093436032,-0.0045276382841126,-4.527638284112676,4.527638284112676,Razuhuillca_microcatchment,79.59237993166853,UCSB-CHG/CHIRPS/DAILY,ECMWF/ERA5_LAND/DAILY_AGGR,0.07*L1 + 0.21*L2 + 0.72*L3,-1*native_potential_evaporation_sum*1000,BLOCK_8.0D_R_v1
2025-11-04,1762214400000,1.8228334536155064,0.3637473045746026,0.3467838970911984,0.296155444459419,0.3115188497201555,283.7759724618842,10.6259724618842,-0.0041033620434689,-4.103362043468938,4.103362043468938,Razuhuillca_microcatchment,79.59237993166853,UCSB-CHG/CHIRPS/DAILY,ECMWF/ERA5_LAND/DAILY_AGGR,0.07*L1 + 0.21*L2 + 0.72*L3,-1*native_potential_evaporation_sum*1000,BLOCK_8.0D_R_v1
2025-11-05,1762300800000,0.0,0.3805101831983739,0.3554200299213387,0.2973734023254042,0.3153827687816583,283.78950535401214,10.639505354012146,-0.0043725072476216,-4.372507247621613,4.372507247621613,Razuhuillca_microcatchment,79.59237993166853,UCSB-CHG/CHIRPS/DAILY,ECMWF/ERA5_LAND/DAILY_AGGR,0.07*L1 + 0.21*L2 + 0.72*L3,-1*native_potential_evaporation_sum*1000,BLOCK_8.0D_R_v1
2025-11-06,1762387200000,0.8385771736502646,0.372554323347088,0.3573729895442896,0.2988888000017874,0.3163270664398839,283.57570577632487,10.425705776324884,-0.0051833892058085,-5.183389205808584,5.183389205808584,Razuhuillca_microcatchment,79.59237993166853,UCSB-CHG/CHIRPS/DAILY,ECMWF/ERA5_LAND/DAILY_AGGR,0.07*L1 + 0.21*L2 + 0.72*L3,-1*native_potential_evaporation_sum*1000,BLOCK_8.0D_R_v1
2025-11-07,1762473600000,0.0,0.3761194372452752,0.3563165462545347,0.3002097657190811,0.3173058666383599,283.6264906793201,10.476490679320143,-0.0044557128769124,-4.455712876912486,4.455712876912486,Razuhuillca_microcatchment,79.59237993166853,UCSB-CHG/CHIRPS/DAILY,ECMWF/ERA5_LAND/DAILY_AGGR,0.07*L1 + 0.21*L2 + 0.72*L3,-1*native_potential_evaporation_sum*1000,BLOCK_8.0D_R_v1
2025-11-08,1762560000000,1.2639656231871672,0.3687977065011026,0.3563149218844081,0.3015285264090536,0.3177425120653215,283.6826063461156,10.53260634611568,-0.0050883065327743,-5.088306532774356,5.088306532774356,Razuhuillca_microcatchment,79.59237993166853,UCSB-CHG/CHIRPS/DAILY,ECMWF/ERA5_LAND/DAILY_AGGR,0.07*L1 + 0.21*L2 + 0.72*L3,-1*native_potential_evaporation_sum*1000,BLOCK_8.0D_R_v1
2025-11-09,1762646400000,4.00655322557404,0.3749470425938365,0.3544856973695847,0.3026129772208329,0.3185696330281811,283.3645735981377,10.214573598137736,-0.0041031408947327,-4.103140894732722,4.103140894732722,Razuhuillca_microcatchment,79.59237993166853,UCSB-CHG/CHIRPS/DAILY,ECMWF/ERA5_LAND/DAILY_AGGR,0.07*L1 + 0.21*L2 + 0.72*L3,-1*native_potential_evaporation_sum*1000,BLOCK_8.0D_R_v1
2025-11-10,1762732800000,0.4418127394857861,0.3814203119002325,0.3597877333389311,0.3039692270503107,0.3211126893104155,282.8563556781394,9.706355678139415,-0.0046571720111576,-4.657172011157681,4.657172011157681,Razuhuillca_microcatchment,79.59237993166853,UCSB-CHG/CHIRPS/DAILY,ECMWF/ERA5_LAND/DAILY_AGGR,0.07*L1 + 0.21*L2 + 0.72*L3,-1*native_potential_evaporation_sum*1000,BLOCK_8.0D_R_v1
2025-11-11,1762819200000,0.0,0.3725619159911638,0.3598763203115592,0.3053891102932321,0.321533520795936,283.5196064451067,10.369606445106708,-0.0051693602362809,-5.169360236280915,5.169360236280915,Razuhuillca_microcatchment,79.59237993166853,UCSB-CHG/CHIRPS/DAILY,ECMWF/ERA5_LAND/DAILY_AGGR,0.07*L1 + 0.21*L2 + 0.72*L3,-1*native_potential_evaporation_sum*1000,BLOCK_8.0D_R_v1
2025-11-12,1762905600000,3.4387167332073054,0.3639119502896289,0.3555761421806321,0.306437898463137,0.3207801132716655,283.40402869222714,10.254028692227116,-0.0047954610317428,-4.795461031742867,4.795461031742867,Razuhuillca_microcatchment,79.59237993166853,UCSB-CHG/CHIRPS/DAILY,ECMWF/ERA5_LAND/DAILY_AGGR,0.07*L1 + 0.21*L2 + 0.72*L3,-1*native_potential_evaporation_sum*1000,BLOCK_8.0D_R_v1
2025-11-13,1762992000000,0.0,0.3577375136358889,0.3509162395675747,0.3070902410959232,0.3198390098527677,283.77980715507255,10.629807155072612,-0.0049551529863666,-4.955152986366624,4.955152986366624,Razuhuillca_microcatchment,79.59237993166853,UCSB-CHG/CHIRPS/DAILY,ECMWF/ERA5_LAND/DAILY_AGGR,0.07*L1 + 0.21*L2 + 0.72*L3,-1*native_potential_evaporation_sum*1000,BLOCK_8.0D_R_v1
2025-11-14,1763078400000,0.0,0.3665078591289777,0.3496904906050547,0.3074831181638273,0.3204783982440455,283.4673001394106,10.317300139410657,-0.0067167437145475,-6.716743714547569,6.716743714547569,Razuhuillca_microcatchment,79.59237993166853,UCSB-CHG/CHIRPS/DAILY,ECMWF/ERA5_LAND/DAILY_AGGR,0.07*L1 + 0.21*L2 + 0.72*L3,-1*native_potential_evaporation_sum*1000,BLOCK_8.0D_R_v1
2025-11-15,1763164800000,0.2569273275633653,0.3373645128312598,0.3425852457682291,0.3074808763860507,0.3169446485074729,283.5752364913852,10.425236491385228,-0.0044852773405912,-4.485277340591297,4.485277340591297,Razuhuillca_microcatchment,79.59237993166853,UCSB-CHG/CHIRPS/DAILY,ECMWF/ERA5_LAND/DAILY_AGGR,0.07*L1 + 0.21*L2 + 0.72*L3,-1*native_potential_evaporation_sum*1000,BLOCK_8.0D_R_v1
2025-11-16,1763251200000,0.0,0.3357325059600418,0.3373639321740651,0.3074842500778521,0.3157363612298102,283.93899033019073,10.788990330190824,-0.0053780697329195,-5.3780697329195934,5.3780697329195934,Razuhuillca_microcatchment,79.59237993166853,UCSB-CHG/CHIRPS/DAILY,ECMWF/ERA5_LAND/DAILY_AGGR,0.07*L1 + 0.21*L2 + 0.72*L3,-1*native_potential_evaporation_sum*1000,BLOCK_8.0D_R_v1
2025-11-17,1763337600000,1.9410808904185175,0.3311147561192742,0.3324163469965058,0.3073098177165654,0.3142485345535425,284.2111571133711,11.061157113371118,-0.0048145829253114,-4.814582925311403,4.814582925311403,Razuhuillca_microcatchment,79.59237993166853,UCSB-CHG/CHIRPS/DAILY,ECMWF/ERA5_LAND/DAILY_AGGR,0.07*L1 + 0.21*L2 + 0.72*L3,-1*native_potential_evaporation_sum*1000,BLOCK_8.0D_R_v1
2025-11-18,1763424000000,0.1766709277317638,0.340975976403738,0.3305448851833453,0.3072365115832731,0.3144930325767208,283.2326807194821,10.082680719482196,-0.0036844885934984,-3.684488593498406,3.684488593498406,Razuhuillca_microcatchment,79.59237993166853,UCSB-CHG/CHIRPS/DAILY,ECMWF/ERA5_LAND/DAILY_AGGR,0.07*L1 + 0.21*L2 + 0.72*L3,-1*native_potential_evaporation_sum*1000,BLOCK_8.0D_R_v1
2025-11-19,1763510400000,0.0,0.3365924702903438,0.3303463334982105,0.307111001428152,0.3140541239832177,283.50579742843246,10.355797428432476,-0.0063082049950698,-6.3082049950698895,6.3082049950698895,Razuhuillca_microcatchment,79.59237993166853,UCSB-CHG/CHIRPS/DAILY,ECMWF/ERA5_LAND/DAILY_AGGR,0.07*L1 + 0.21*L2 + 0.72*L3,-1*native_potential_evaporation_sum*1000,BLOCK_8.0D_R_v1
2025-11-20,1763596800000,0.0,0.309075261816124,0.3232065285331711,0.3064903450379712,0.3101816877464338,284.2172035849393,11.067203584939332,-0.0061805598394719,-6.180559839471917,6.180559839471917,Razuhuillca_microcatchment,79.59237993166853,UCSB-CHG/CHIRPS/DAILY,ECMWF/ERA5_LAND/DAILY_AGGR,0.07*L1 + 0.21*L2 + 0.72*L3,-1*native_potential_evaporation_sum*1000,BLOCK_8.0D_R_v1
2025-11-21,1763683200000,0.0051178076987742,0.2916718264305982,0.3153567084457602,0.305815408225234,0.3068290305459201,284.1681350605107,11.018135060510662,-0.0056352598991008,-5.635259899100816,5.635259899100816,Razuhuillca_microcatchment,79.59237993166853,UCSB-CHG/CHIRPS/DAILY,ECMWF/ERA5_LAND/DAILY_AGGR,0.07*L1 + 0.21*L2 + 0.72*L3,-1*native_potential_evaporation_sum*1000,BLOCK_8.0D_R_v1
2025-11-22,1763769600000,0.0875287138346937,0.2834529656206252,0.3087845032385088,0.3051893017425243,0.3044227505281481,283.83610922385265,10.686109223852736,-0.0053494226811938,-5.34942268119382,5.34942268119382,Razuhuillca_microcatchment,79.59237993166853,UCSB-CHG/CHIRPS/DAILY,ECMWF/ERA5_LAND/DAILY_AGGR,0.07*L1 + 0.21*L2 + 0.72*L3,-1*native_potential_evaporation_sum*1000,BLOCK_8.0D_R_v1
2025-11-23,1763856000000,0.1877897381117301,0.2762232837419748,0.3026462878335647,0.3044899001516588,0.3021240784161812,284.1523860901996,11.002386090199632,-0.0056537019379566,-5.653701937956616,5.653701937956616,Razuhuillca_microcatchment,79.59237993166853,UCSB-CHG/CHIRPS/DAILY,ECMWF/ERA5_LAND/DAILY_AGGR,0.07*L1 + 0.21*L2 + 0.72*L3,-1*native_potential_evaporation_sum*1000,BLOCK_8.0D_R_v1
2025-11-24,1763942400000,0.2725291039040756,0.297690062623952,0.2990506967827534,0.3038944986743964,0.3024429897536202,283.3074518288261,10.15745182882616,-0.0039931146826358,-3.99311468263582,3.99311468263582,Razuhuillca_microcatchment,79.59237993166853,UCSB-CHG/CHIRPS/DAILY,ECMWF/ERA5_LAND/DAILY_AGGR,0.07*L1 + 0.21*L2 + 0.72*L3,-1*native_potential_evaporation_sum*1000,BLOCK_8.0D_R_v1
2025-11-25,1764028800000,0.3156282141405558,0.3263714189474292,0.3033785480065611,0.3036099766490546,0.3051546775950172,283.5417907509041,10.391790750904155,-0.004846697167165,-4.846697167165017,4.846697167165017,Razuhuillca_microcatchment,79.59237993166853,UCSB-CHG/CHIRPS/DAILY,ECMWF/ERA5_LAND/DAILY_AGGR,0.07*L1 + 0.21*L2 + 0.72*L3,-1*native_potential_evaporation_sum*1000,BLOCK_8.0D_R_v1
2025-11-26,1764115200000,1.9274017626330968,0.3232921203436879,0.304703236544982,0.3032311345800499,0.3049445449961403,283.5331630743537,10.383163074353778,-0.0047933802525432,-4.793380252543211,4.793380252543211,Razuhuillca_microcatchment,79.59237993166853,UCSB-CHG/CHIRPS/DAILY,ECMWF/ERA5_LAND/DAILY_AGGR,0.07*L1 + 0.21*L2 + 0.72*L3,-1*native_potential_evaporation_sum*1000,BLOCK_8.0D_R_v1
2025-11-27,1764201600000,0.4707437515524881,0.3508500556725297,0.3092185738918179,0.3029171497146518,0.3075957522089081,283.0903159161753,9.940315916175356,-0.0041342012455008,-4.134201245500862,4.134201245500862,Razuhuillca_microcatchment,79.59237993166853,UCSB-CHG/CHIRPS/DAILY,ECMWF/ERA5_LAND/DAILY_AGGR,0.07*L1 + 0.21*L2 + 0.72*L3,-1*native_potential_evaporation_sum*1000,BLOCK_8.0D_R_v1
2025-11-28,1764288000000,0.5091158918415507,0.3419055056709774,0.3140811405659641,0.3027581010939758,0.3078762577034834,283.4186854132798,10.26868541327978,-0.0051258941950825,-5.125894195082559,5.125894195082559,Razuhuillca_microcatchment,79.59237993166853,UCSB-CHG/CHIRPS/DAILY,ECMWF/ERA5_LAND/DAILY_AGGR,0.07*L1 + 0.21*L2 + 0.72*L3,-1*native_potential_evaporation_sum*1000,BLOCK_8.0D_R_v1
2025-11-29,1764374400000,0.7302527244069746,0.3340797167063218,0.3141430062825051,0.3025488660514699,0.3071907950458269,283.7583506736682,10.608350673668197,-0.0049592137250597,-4.959213725059708,4.959213725059708,Razuhuillca_microcatchment,79.59237993166853,UCSB-CHG/CHIRPS/DAILY,ECMWF/ERA5_LAND/DAILY_AGGR,0.07*L1 + 0.21*L2 + 0.72*L3,-1*native_potential_evaporation_sum*1000,BLOCK_8.0D_R_v1
2025-11-30,1764460800000,1.6617899547730173,0.3449164998784,0.3153330632027862,0.3023150045288321,0.3080309015248322,283.8183878235275,10.66838782352753,-0.0052848725735796,-5.284872573579667,5.284872573579667,Razuhuillca_microcatchment,79.59237993166853,UCSB-CHG/CHIRPS/DAILY,ECMWF/ERA5_LAND/DAILY_AGGR,0.07*L1 + 0.21*L2 + 0.72*L3,-1*native_potential_evaporation_sum*1000,BLOCK_8.0D_R_v1
2025-12-01,1764547200000,0.0,0.3449195501661943,0.3150343702018605,0.3019549198922393,0.3077091285764366,284.0662977259054,10.916297725905368,-0.0054878977509592,-5.48789775095923,5.48789775095923,Razuhuillca_microcatchment,79.59237993166853,UCSB-CHG/CHIRPS/DAILY,ECMWF/ERA5_LAND/DAILY_AGGR,0.07*L1 + 0.21*L2 + 0.72*L3,-1*native_potential_evaporation_sum*1000,BLOCK_8.0D_R_v1
2025-12-02,1764633600000,0.0,0.3445187864505715,0.3156416457512475,0.3015239693525898,0.3074983185931666,284.61931929101377,11.469319291013749,-0.0061556010404763,-6.15560104047632,6.15560104047632,Razuhuillca_microcatchment,79.59237993166853,UCSB-CHG/CHIRPS/DAILY,ECMWF/ERA5_LAND/DAILY_AGGR,0.07*L1 + 0.21*L2 + 0.72*L3,-1*native_potential_evaporation_sum*1000,BLOCK_8.0D_R_v1
2025-12-03,1764720000000,7.486531112165678,0.3776051185034603,0.3222302416615862,0.3011834286081538,0.3109527776420461,283.2997578527197,10.149757852719729,-0.0039329515888511,-3.932951588851179,3.932951588851179,Razuhuillca_microcatchment,79.59237993166853,UCSB-CHG/CHIRPS/DAILY,ECMWF/ERA5_LAND/DAILY_AGGR,0.07*L1 + 0.21*L2 + 0.72*L3,-1*native_potential_evaporation_sum*1000,BLOCK_8.0D_R_v1
2025-12-04,1764806400000,0.0,0.3735435904795035,0.3374211857084594,0.3016631102516012,0.3142039397134946,283.64918042883016,10.499180428830208,-0.0056722733929667,-5.672273392966717,5.672273392966717,Razuhuillca_microcatchment,79.59237993166853,UCSB-CHG/CHIRPS/DAILY,ECMWF/ERA5_LAND/DAILY_AGGR,0.07*L1 + 0.21*L2 + 0.72*L3,-1*native_potential_evaporation_sum*1000,BLOCK_8.0D_R_v1
2025-12-05,1764892800000,0.0,0.3375577945010969,0.3340649650735432,0.301891451855845,0.3111445336167293,284.2200427891431,11.070042789143182,-0.0059588907684893,-5.958890768489395,5.958890768489395,Razuhuillca_microcatchment,79.59237993166853,UCSB-CHG/CHIRPS/DAILY,ECMWF/ERA5_LAND/DAILY_AGGR,0.07*L1 + 0.21*L2 + 0.72*L3,-1*native_potential_evaporation_sum*1000,BLOCK_8.0D_R_v1
2025-12-06,1764979200000,1.958912609411137,0.3141499631437033,0.3262846474472957,0.3016897322814588,0.3077268806266416,284.2982762029865,11.1482762029865,-0.005582195744349,-5.582195744349088,5.582195744349088,Razuhuillca_microcatchment,79.59237993166853,UCSB-CHG/CHIRPS/DAILY,ECMWF/ERA5_LAND/DAILY_AGGR,0.07*L1 + 0.21*L2 + 0.72*L3,-1*native_potential_evaporation_sum*1000,BLOCK_8.0D_R_v1
2025-12-07,1765065600000,0.0,0.2968563087184075,0.3185486729204769,0.3012761941075554,0.3045940226810286,284.72782966672565,11.577829666725714,-0.0064419251732054,-6.441925173205447,6.441925173205447,Razuhuillca_microcatchment,79.59237993166853,UCSB-CHG/CHIRPS/DAILY,ECMWF/ERA5_LAND/DAILY_AGGR,0.07*L1 + 0.21*L2 + 0.72*L3,-1*native_potential_evaporation_sum*1000,BLOCK_8.0D_R_v1
2025-12-08,1765152000000,2.80587187409401,0.2821017542785762,0.3096975315512948,0.3005661385596831,0.3011912241882441,284.3623023942716,11.212302394271616,-0.0057337335337793,-5.73373353377932,5.73373353377932,Razuhuillca_microcatchment,79.59237993166853,UCSB-CHG/CHIRPS/DAILY,ECMWF/ERA5_LAND/DAILY_AGGR,0.07*L1 + 0.21*L2 + 0.72*L3,-1*native_potential_evaporation_sum*1000,BLOCK_8.0D_R_v1
2025-12-09,1765238400000,0.0,0.309205398853574,0.3049147942162662,0.300074244739922,0.3017299409179099,283.5597486073341,10.409748607334151,-0.0040320279453531,-4.032027945353116,4.032027945353116,Razuhuillca_microcatchment,79.59237993166853,UCSB-CHG/CHIRPS/DAILY,ECMWF/ERA5_LAND/DAILY_AGGR,0.07*L1 + 0.21*L2 + 0.72*L3,-1*native_potential_evaporation_sum*1000,BLOCK_8.0D_R_v1
2025-12-10,1765324800000,0.0543633380106517,0.3558598042453185,0.3104356423967836,0.299932546009218,0.3060531043271338,283.31766739700106,10.167667397001132,-0.0043924870776992,-4.392487077699231,4.392487077699231,Razuhuillca_microcatchment,79.59237993166853,UCSB-CHG/CHIRPS/DAILY,ECMWF/ERA5_LAND/DAILY_AGGR,0.07*L1 + 0.21*L2 + 0.72*L3,-1*native_potential_evaporation_sum*1000,BLOCK_8.0D_R_v1
2025-12-11,1765411200000,1.5277408454567192,0.3575838122064667,0.3196471219807001,0.2999295471720612,0.3081060364342838,283.5349853162821,10.384985316282094,-0.0040138473658892,-4.013847365889245,4.013847365889245,Razuhuillca_microcatchment,79.59237993166853,UCSB-CHG/CHIRPS/DAILY,ECMWF/ERA5_LAND/DAILY_AGGR,0.07*L1 + 0.21*L2 + 0.72*L3,-1*native_potential_evaporation_sum*1000,BLOCK_8.0D_R_v1
2025-12-12,1765497600000,1.2158996802532958,0.3719993106202583,0.3284091875961979,0.3001099735326161,0.3110850620821032,283.8889329171594,10.738932917159438,-0.005119329932108,-5.119329932108091,5.119329932108091,Razuhuillca_microcatchment,79.59237993166853,UCSB-CHG/CHIRPS/DAILY,ECMWF/ERA5_LAND/DAILY_AGGR,0.07*L1 + 0.21*L2 + 0.72*L3,-1*native_potential_evaporation_sum*1000,BLOCK_8.0D_R_v1
2025-12-13,1765584000000,2.0038509305034364,0.3514666254120754,0.330057555770139,0.3002769455514661,0.31011415128763,284.0393407964981,10.889340796498216,-0.0050981544776458,-5.098154477645895,5.098154477645895,Razuhuillca_microcatchment,79.59237993166853,UCSB-CHG/CHIRPS/DAILY,ECMWF/ERA5_LAND/DAILY_AGGR,0.07*L1 + 0.21*L2 + 0.72*L3,-1*native_potential_evaporation_sum*1000,BLOCK_8.0D_R_v1
2025-12-14,1765670400000,1.0074855155710662,0.3279871269916982,0.3260659785629007,0.3002583608461942,0.3076189741968878,284.9286379951962,11.77863799519625,-0.0057531851909064,-5.7531851909064144,5.7531851909064144,Razuhuillca_microcatchment,79.59237993166853,UCSB-CHG/CHIRPS/DAILY,ECMWF/ERA5_LAND/DAILY_AGGR,0.07*L1 + 0.21*L2 + 0.72*L3,-1*native_potential_evaporation_sum*1000,BLOCK_8.0D_R_v1
2025-12-15,1765756800000,0.378653836392221,0.3173824155950822,0.3201109347775263,0.2999836916179326,0.3054283233598477,284.71776145317654,11.567761453176528,-0.0048060273331713,-4.8060273331713805,4.8060273331713805,Razuhuillca_microcatchment,79.59237993166853,UCSB-CHG/CHIRPS/DAILY,ECMWF/ERA5_LAND/DAILY_AGGR,0.07*L1 + 0.21*L2 + 0.72*L3,-1*native_potential_evaporation_sum*1000,BLOCK_8.0D_R_v1
2025-12-16,1765843200000,0.1597687756376607,0.3410736921894756,0.318380205158094,0.2997951728071091,0.3065875259575816,284.2280497247773,11.078049724777332,-0.0047899896785013,-4.789989678501394,4.789989678501394,Razuhuillca_microcatchment,79.59237993166853,UCSB-CHG/CHIRPS/DAILY,ECMWF/ERA5_LAND/DAILY_AGGR,0.07*L1 + 0.21*L2 + 0.72*L3,-1*native_potential_evaporation_sum*1000,BLOCK_8.0D_R_v1
2025-12-17,1765929600000,2.974530024187906,0.352360955093178,0.3231095808319503,0.2998163153440736,0.308386025878965,283.423177138459,10.27317713845904,-0.0041753188895352,-4.175318889535231,4.175318889535231,Razuhuillca_microcatchment,79.59237993166853,UCSB-CHG/CHIRPS/DAILY,ECMWF/ERA5_LAND/DAILY_AGGR,0.07*L1 + 0.21*L2 + 0.72*L3,-1*native_potential_evaporation_sum*1000,BLOCK_8.0D_R_v1
2025-12-18,1766016000000,0.0,0.3773118829451544,0.3333034846134958,0.3002469571798982,0.3125833727445216,283.1266242010745,9.976624201074513,-0.0047648499122244,-4.764849912224477,4.764849912224477,Razuhuillca_microcatchment,79.59237993166853,UCSB-CHG/CHIRPS/DAILY,ECMWF/ERA5_LAND/DAILY_AGGR,0.07*L1 + 0.21*L2 + 0.72*L3,-1*native_potential_evaporation_sum*1000,BLOCK_8.0D_R_v1
2025-12-19,1766102400000,0.0,0.395696246784776,0.3501000303294158,0.301339842221181,0.3181844300433619,283.4406379927559,10.290637992755991,-0.004744664394442,-4.744664394442056,4.744664394442056,Razuhuillca_microcatchment,79.59237993166853,UCSB-CHG/CHIRPS/DAILY,ECMWF/ERA5_LAND/DAILY_AGGR,0.07*L1 + 0.21*L2 + 0.72*L3,-1*native_potential_evaporation_sum*1000,BLOCK_8.0D_R_v1
2025-12-20,1766188800000,0.0,0.380045245837614,0.3608938632443231,0.3033206954397447,0.320781779206557,284.0412562412563,10.891256241256356,-0.0059097284784895,-5.909728478489583,5.909728478489583,Razuhuillca_microcatchment,79.59237993166853,UCSB-CHG/CHIRPS/DAILY,ECMWF/ERA5_LAND/DAILY_AGGR,0.07*L1 + 0.21*L2 + 0.72*L3,-1*native_potential_evaporation_sum*1000,BLOCK_8.0D_R_v1
2025-12-21,1766275200000,0.0,0.3452662319117198,0.3519455683713703,0.3042733664687199,0.3171540294492864,284.84461288599147,11.694612885991516,-0.0058947610372752,-5.8947610372752814,5.8947610372752814,Razuhuillca_microcatchment,79.59237993166853,UCSB-CHG/CHIRPS/DAILY,ECMWF/ERA5_LAND/DAILY_AGGR,0.07*L1 + 0.21*L2 + 0.72*L3,-1*native_potential_evaporation_sum*1000,BLOCK_8.0D_R_v1
2025-12-22,1766361600000,0.0,0.3248936684375093,0.341715840245947,0.3043996226580845,0.3136706115560954,285.512524297931,12.362524297931074,-0.0062378489040914,-6.237848904091497,6.237848904091497,Razuhuillca_microcatchment,79.59237993166853,UCSB-CHG/CHIRPS/DAILY,ECMWF/ERA5_LAND/DAILY_AGGR,0.07*L1 + 0.21*L2 + 0.72*L3,-1*native_potential_evaporation_sum*1000,BLOCK_8.0D_R_v1
2025-12-23,1766448000000,0.0,0.3078063384186555,0.3318095381779019,0.3041174269365667,0.3101909941009932,284.83025919816856,11.680259198168589,-0.0062245456555675,-6.224545655567521,6.224545655567521,Razuhuillca_microcatchment,79.59237993166853,UCSB-CHG/CHIRPS/DAILY,ECMWF/ERA5_LAND/DAILY_AGGR,0.07*L1 + 0.21*L2 + 0.72*L3,-1*native_potential_evaporation_sum*1000,BLOCK_8.0D_R_v1
2025-12-24,1766534400000,3.586551716639882,0.3001756245460583,0.3235177130138713,0.3037084053936262,0.3076210653345479,284.74612816680144,11.59612816680147,-0.0062538540001549,-6.253854000154948,6.253854000154948,Razuhuillca_microcatchment,79.59237993166853,UCSB-CHG/CHIRPS/DAILY,ECMWF/ERA5_LAND/DAILY_AGGR,0.07*L1 + 0.21*L2 + 0.72*L3,-1*native_potential_evaporation_sum*1000,BLOCK_8.0D_R_v1
2025-12-25,1766620800000,0.101511572088514,0.3014863479114451,0.3160582342129452,0.3031541129757214,0.305747234881039,283.7677579817285,10.617757981728506,-0.0046666449291168,-4.666644929116861,4.666644929116861,Razuhuillca_microcatchment,79.59237993166853,UCSB-CHG/CHIRPS/DAILY,ECMWF/ERA5_LAND/DAILY_AGGR,0.07*L1 + 0.21*L2 + 0.72*L3,-1*native_potential_evaporation_sum*1000,BLOCK_8.0D_R_v1
2025-12-26,1766707200000,0.0,0.3102764798496959,0.3128164030453603,0.3027737935384114,0.3054079295766606,283.35440773127857,10.20440773127858,-0.0055251124966351,-5.525112496635129,5.525112496635129,Razuhuillca_microcatchment,79.59237993166853,UCSB-CHG/CHIRPS/DAILY,ECMWF/ERA5_LAND/DAILY_AGGR,0.07*L1 + 0.21*L2 + 0.72*L3,-1*native_potential_evaporation_sum*1000,BLOCK_8.0D_R_v1
2025-12-27,1766793600000,0.0,0.3117404011632665,0.3094896709758192,0.302311138380929,0.3044786786206195,283.0048702475193,9.854870247519342,-0.0044217870242333,-4.421787024233383,4.421787024233383,Razuhuillca_microcatchment,79.59237993166853,UCSB-CHG/CHIRPS/DAILY,ECMWF/ERA5_LAND/DAILY_AGGR,0.07*L1 + 0.21*L2 + 0.72*L3,-1*native_potential_evaporation_sum*1000,BLOCK_8.0D_R_v1
2025-12-28,1766880000000,0.0,0.3142336733309059,0.3086105412830506,0.3019913285683575,0.3042383273718214,282.71176374578744,9.561763745787523,-0.0053170424148526,-5.31704241485265,5.31704241485265,Razuhuillca_microcatchment,79.59237993166853,UCSB-CHG/CHIRPS/DAILY,ECMWF/ERA5_LAND/DAILY_AGGR,0.07*L1 + 0.21*L2 + 0.72*L3,-1*native_potential_evaporation_sum*1000,BLOCK_8.0D_R_v1
2025-12-29,1766966400000,0.0,0.304852645521219,0.305539074201345,0.3014568372957968,0.3025518136217414,283.1519836065627,10.001983606562714,-0.006167422657068,-6.167422657068065,6.167422657068065,Razuhuillca_microcatchment,79.59237993166853,UCSB-CHG/CHIRPS/DAILY,ECMWF/ERA5_LAND/DAILY_AGGR,0.07*L1 + 0.21*L2 + 0.72*L3,-1*native_potential_evaporation_sum*1000,BLOCK_8.0D_R_v1
2025-12-30,1767052800000,0.0,0.2855393073462337,0.3000634254058661,0.3007176827373761,0.299517802420379,283.6074779084193,10.457477908419296,-0.0058969727399721,-5.896972739972131,5.896972739972131,Razuhuillca_microcatchment,79.59237993166853,UCSB-CHG/CHIRPS/DAILY,ECMWF/ERA5_LAND/DAILY_AGGR,0.07*L1 + 0.21*L2 + 0.72*L3,-1*native_potential_evaporation_sum*1000,BLOCK_8.0D_R_v1
2025-12-31,1767139200000,9.252658999391963,0.2753529374080356,0.2951473831441361,0.3000718853606883,0.2973074135385267,283.31995334514994,10.169953345149963,-0.004931749722172,-4.93174972217207,4.93174972217207,Razuhuillca_microcatchment,79.59237993166853,UCSB-CHG/CHIRPS/DAILY,ECMWF/ERA5_LAND/DAILY_AGGR,0.07*L1 + 0.21*L2 + 0.72*L3,-1*native_potential_evaporation_sum*1000,BLOCK_8.0D_R_v1
2026-01-01,1767225600000,0.0,0.2653524145225568,0.29031863056396,0.2993970587993174,0.2951074637705191,283.8652369548819,10.715236954881975,-0.0056918316838369,-5.69183168383692,5.69183168383692,Razuhuillca_microcatchment,79.59237993166853,UCSB-CHG/CHIRPS/DAILY,ECMWF/ERA5_LAND/DAILY_AGGR,0.07*L1 + 0.21*L2 + 0.72*L3,-1*native_potential_evaporation_sum*1000,BLOCK_8.0D_R_v1
2026-01-02,1767312000000,11.12750774338132,0.2680918632904229,0.2856198275939117,0.2986721156419816,0.2937905174872778,283.69404256964003,10.54404256964008,-0.0048045882083087,-4.804588208308799,4.804588208308799,Razuhuillca_microcatchment,79.59237993166853,UCSB-CHG/CHIRPS/DAILY,ECMWF/ERA5_LAND/DAILY_AGGR,0.07*L1 + 0.21*L2 + 0.72*L3,-1*native_potential_evaporation_sum*1000,BLOCK_8.0D_R_v1
2026-01-03,1767398400000,0.0,0.2899678327674351,0.2835367052081922,0.2980667658164551,0.2944485277752885,283.3500139460628,10.200013946062832,-0.0048734326927648,-4.873432692764812,4.873432692764812,Razuhuillca_microcatchment,79.59237993166853,UCSB-CHG/CHIRPS/DAILY,ECMWF/ERA5_LAND/DAILY_AGGR,0.07*L1 + 0.21*L2 + 0.72*L3,-1*native_potential_evaporation_sum*1000,BLOCK_8.0D_R_v1
2026-01-04,1767484800000,0.0,0.2965210931149521,0.2827151230534607,0.2974440587508655,0.2942863746598966,283.5597986210288,10.409798621028854,-0.0050879227632732,-5.087922763273205,5.087922763273205,Razuhuillca_microcatchment,79.59237993166853,UCSB-CHG/CHIRPS/DAILY,ECMWF/ERA5_LAND/DAILY_AGGR,0.07*L1 + 0.21*L2 + 0.72*L3,-1*native_potential_evaporation_sum*1000,BLOCK_8.0D_R_v1
2026-01-05,1767571200000,9.07676503133206,0.3111616733675976,0.2839805367824429,0.2969785150075923,0.2952417606655114,282.6481860497094,9.498186049709442,-0.0034246882262257,-3.424688226225748,3.424688226225748,Razuhuillca_microcatchment,79.59237993166853,UCSB-CHG/CHIRPS/DAILY,ECMWF/ERA5_LAND/DAILY_AGGR,0.07*L1 + 0.21*L2 + 0.72*L3,-1*native_potential_evaporation_sum*1000,BLOCK_8.0D_R_v1
2026-01-06,1767657600000,0.0,0.3109605418004971,0.2879638083867714,0.2966647506449264,0.2958382581516037,283.62580429474053,10.47580429474057,-0.0052592879688808,-5.2592879688808685,5.2592879688808685,Razuhuillca_microcatchment,79.59237993166853,UCSB-CHG/CHIRPS/DAILY,ECMWF/ERA5_LAND/DAILY_AGGR,0.07*L1 + 0.21*L2 + 0.72*L3,-1*native_potential_evaporation_sum*1000,BLOCK_8.0D_R_v1
2026-01-07,1767744000000,3.038144555475031,0.2922916485854426,0.2864234240757937,0.2960743435545463,0.293782861816171,284.2404166499084,11.090416649908468,-0.0056973539422013,-5.697353942201317,5.697353942201317,Razuhuillca_microcatchment,79.59237993166853,UCSB-CHG/CHIRPS/DAILY,ECMWF/ERA5_LAND/DAILY_AGGR,0.07*L1 + 0.21*L2 + 0.72*L3,-1*native_potential_evaporation_sum*1000,BLOCK_8.0D_R_v1
2026-01-08,1767830400000,3.345673013301123,0.2911778966356104,0.2837011524707595,0.2954514306864068,0.2926847248775651,284.042234395051,10.89223439505107,-0.0042941815763539,-4.2941815763539655,4.2941815763539655,Razuhuillca_microcatchment,79.59237993166853,UCSB-CHG/CHIRPS/DAILY,ECMWF/ERA5_LAND/DAILY_AGGR,0.07*L1 + 0.21*L2 + 0.72*L3,-1*native_potential_evaporation_sum*1000,BLOCK_8.0D_R_v1
2026-01-09,1767916800000,7.238397212965148,0.3336186271182374,0.2903573030681279,0.2952332138326126,0.2968962515020646,283.72117680161904,10.571176801619051,-0.0037573928691748,-3.757392869174825,3.757392869174825,Razuhuillca_microcatchment,79.59237993166853,UCSB-CHG/CHIRPS/DAILY,ECMWF/ERA5_LAND/DAILY_AGGR,0.07*L1 + 0.21*L2 + 0.72*L3,-1*native_potential_evaporation_sum*1000,BLOCK_8.0D_R_v1
2026-01-10,1768003200000,4.825598132752237,0.3505205180144263,0.302446233054806,0.2954849360765519,0.3007992991776365,283.59882345181205,10.448823451812109,-0.0047203105998177,-4.720310599817705,4.720310599817705,Razuhuillca_microcatchment,79.59237993166853,UCSB-CHG/CHIRPS/DAILY,ECMWF/ERA5_LAND/DAILY_AGGR,0.07*L1 + 0.21*L2 + 0.72*L3,-1*native_potential_evaporation_sum*1000,BLOCK_8.0D_R_v1
2026-01-11,1768089600000,0.6585800988333566,0.3512915682930477,0.3083827105101363,0.2958237091240855,0.3023438495569835,283.21683042449064,10.066830424490716,-0.0041369676934501,-4.136967693450134,4.136967693450134,Razuhuillca_microcatchment,79.59237993166853,UCSB-CHG/CHIRPS/DAILY,ECMWF/ERA5_LAND/DAILY_AGGR,0.07*L1 + 0.21*L2 + 0.72*L3,-1*native_potential_evaporation_sum*1000,BLOCK_8.0D_R_v1
2026-01-12,1768176000000,5.704962559044361,0.3702572030598487,0.3208852007209909,0.2968466984743327,0.3070335192671171,282.519056287115,9.369056287115043,-0.0033943646215979,-3.394364621597907,3.394364621597907,Razuhuillca_microcatchment,79.59237993166853,UCSB-CHG/CHIRPS/DAILY,ECMWF/ERA5_LAND/DAILY_AGGR,0.07*L1 + 0.21*L2 + 0.72*L3,-1*native_potential_evaporation_sum*1000,BLOCK_8.0D_R_v1
2026-01-13,1768262400000,17.809666593869526,0.3939200825773911,0.3386398859336426,0.2988129764623035,0.3138341248793408,281.4643883346822,8.314388334682256,-0.0019885819685252,-1.9885819685252413,1.9885819685252413,Razuhuillca_microcatchment,79.59237993166853,UCSB-CHG/CHIRPS/DAILY,ECMWF/ERA5_LAND/DAILY_AGGR,0.07*L1 + 0.21*L2 + 0.72*L3,-1*native_potential_evaporation_sum*1000,BLOCK_8.0D_R_v1
2026-01-14,1768348800000,0.0,0.4077733578250127,0.3639734632017984,0.3025077239167024,0.3227841235401542,281.4345607390064,8.28456073900642,-0.0026889516611319,-2.6889516611319744,2.6889516611319744,Razuhuillca_microcatchment,79.59237993166853,UCSB-CHG/CHIRPS/DAILY,ECMWF/ERA5_LAND/DAILY_AGGR,0.07*L1 + 0.21*L2 + 0.72*L3,-1*native_potential_evaporation_sum*1000,BLOCK_8.0D_R_v1
2026-01-15,1768435200000,9.811884810527166,0.4110973666858121,0.3811359993524863,0.3071041511432743,0.3299303643551864,281.9207820671831,8.770782067183147,-0.0032091666163736,-3.2091666163736683,3.2091666163736683,Razuhuillca_microcatchment,79.59237993166853,UCSB-CHG/CHIRPS/DAILY,ECMWF/ERA5_LAND/DAILY_AGGR,0.07*L1 + 0.21*L2 + 0.72*L3,-1*native_potential_evaporation_sum*1000,BLOCK_8.0D_R_v1
2026-01-16,1768521600000,4.611614753093039,0.4082428595923274,0.3948466166825193,0.3140674510213451,0.3376233544101605,282.5007576657628,9.35075766576279,-0.0044974074456733,-4.497407445673309,4.497407445673309,Razuhuillca_microcatchment,79.59237993166853,UCSB-CHG/CHIRPS/DAILY,ECMWF/ERA5_LAND/DAILY_AGGR,0.07*L1 + 0.21*L2 + 0.72*L3,-1*native_potential_evaporation_sum*1000,BLOCK_8.0D_R_v1
2026-01-17,1768608000000,7.015279143339113,0.3910275938882993,0.3867224948714005,0.3185836887543371,0.3379639113982978,282.58754997767926,9.437549977679277,-0.0040667630688992,-4.066763068899253,4.066763068899253,Razuhuillca_microcatchment,79.59237993166853,UCSB-CHG/CHIRPS/DAILY,ECMWF/ERA5_LAND/DAILY_AGGR,0.07*L1 + 0.21*L2 + 0.72*L3,-1*native_potential_evaporation_sum*1000,BLOCK_8.0D_R_v1
2026-01-18,1768694400000,1.3750784397125246,0.410665320982593,0.3921025153070056,0.3213797956992206,0.3424815535866915,282.524053625059,9.374053625059046,-0.0029840669190952,-2.9840669190952545,2.9840669190952545,Razuhuillca_microcatchment,79.59237993166853,UCSB-CHG/CHIRPS/DAILY,ECMWF/ERA5_LAND/DAILY_AGGR,0.07*L1 + 0.21*L2 + 0.72*L3,-1*native_potential_evaporation_sum*1000,BLOCK_8.0D_R_v1
2026-01-19,1768780800000,0.6398673852284749,0.4135402392789808,0.3996037205749393,0.326034446672208,0.3476093996742557,282.82579654627455,9.675796546274562,-0.0045185099016724,-4.518509901672429,4.518509901672429,Razuhuillca_microcatchment,79.59237993166853,UCSB-CHG/CHIRPS/DAILY,ECMWF/ERA5_LAND/DAILY_AGGR,0.07*L1 + 0.21*L2 + 0.72*L3,-1*native_potential_evaporation_sum*1000,BLOCK_8.0D_R_v1
2026-01-20,1768867200000,22.937168051799137,0.4195779348384438,0.4119297571494629,0.3334756237463684,0.3559781535374636,282.9266882255128,9.776688225512814,-0.0037238894170419,-3.723889417041933,3.723889417041933,Razuhuillca_microcatchment,79.59237993166853,UCSB-CHG/CHIRPS/DAILY,ECMWF/ERA5_LAND/DAILY_AGGR,0.07*L1 + 0.21*L2 + 0.72*L3,-1*native_potential_evaporation_sum*1000,BLOCK_8.0D_R_v1
2026-01-21,1768953600000,8.35995628791196,0.4132261845877175,0.4082012213264127,0.340715790529931,0.3599634585812372,283.0927478591831,9.942747859183095,-0.0043420230894419,-4.34202308944195,4.34202308944195,Razuhuillca_microcatchment,79.59237993166853,UCSB-CHG/CHIRPS/DAILY,ECMWF/ERA5_LAND/DAILY_AGGR,0.07*L1 + 0.21*L2 + 0.72*L3,-1*native_potential_evaporation_sum*1000,BLOCK_8.0D_R_v1
2026-01-22,1769040000000,0.0,0.4215917421903224,0.4114884246061762,0.3455352783203125,0.3647093915112445,283.097132295083,9.947132295083014,-0.0038812998574593,-3.8812998574593154,3.8812998574593154,Razuhuillca_microcatchment,79.59237993166853,UCSB-CHG/CHIRPS/DAILY,ECMWF/ERA5_LAND/DAILY_AGGR,0.07*L1 + 0.21*L2 + 0.72*L3,-1*native_potential_evaporation_sum*1000,BLOCK_8.0D_R_v1
2026-01-23,1769126400000,9.053829187438602,0.4136513101801936,0.4092571280595194,0.3509329389744871,0.3675713046667433,282.66872952852634,9.518729528526366,-0.002934904930564,-2.93490493056402,2.93490493056402,Razuhuillca_microcatchment,79.59237993166853,UCSB-CHG/CHIRPS/DAILY,ECMWF/ERA5_LAND/DAILY_AGGR,0.07*L1 + 0.21*L2 + 0.72*L3,-1*native_potential_evaporation_sum*1000,BLOCK_8.0D_R_v1
2026-01-24,1769212800000,5.168487432457152,0.4138089586085207,0.4092564408260045,0.3552163588977732,0.3706662580824541,282.9296321868896,9.77963218688966,-0.0041184562737542,-4.118456273754208,4.118456273754208,Razuhuillca_microcatchment,79.59237993166853,UCSB-CHG/CHIRPS/DAILY,ECMWF/ERA5_LAND/DAILY_AGGR,0.07*L1 + 0.21*L2 + 0.72*L3,-1*native_potential_evaporation_sum*1000,BLOCK_8.0D_R_v1
2026-01-25,1769299200000,12.660732575825282,0.4220266691292411,0.4138733307061167,0.3593096723905647,0.375158230408538,283.15103217402407,10.001032174024084,-0.0028960957606403,-2.896095760640381,2.896095760640381,Razuhuillca_microcatchment,79.59237993166853,UCSB-CHG/CHIRPS/DAILY,ECMWF/ERA5_LAND/DAILY_AGGR,0.07*L1 + 0.21*L2 + 0.72*L3,-1*native_potential_evaporation_sum*1000,BLOCK_8.0D_R_v1
2026-01-26,1769385600000,8.805372172877902,0.4125537210806257,0.413629836889131,0.3653047447719096,0.3787604424581362,284.02658834071514,10.876588340715193,-0.0044522159275291,-4.452215927529196,4.452215927529196,Razuhuillca_microcatchment,79.59237993166853,UCSB-CHG/CHIRPS/DAILY,ECMWF/ERA5_LAND/DAILY_AGGR,0.07*L1 + 0.21*L2 + 0.72*L3,-1*native_potential_evaporation_sum*1000,BLOCK_8.0D_R_v1
2026-01-27,1769472000000,13.034026185671491,0.4085767264540714,0.4054762118124548,0.3680569863732839,0.378751405521165,283.65243271550224,10.502432715502335,-0.0042356031306217,-4.235603130621717,4.235603130621717,Razuhuillca_microcatchment,79.59237993166853,UCSB-CHG/CHIRPS/DAILY,ECMWF/ERA5_LAND/DAILY_AGGR,0.07*L1 + 0.21*L2 + 0.72*L3,-1*native_potential_evaporation_sum*1000,BLOCK_8.0D_R_v1
2026-01-28,1769558400000,5.743496795495352,0.420984154262065,0.4129613718315814,0.3709336686915285,0.3832630203408771,282.7189903884035,9.568990388403536,-0.0036746875485243,-3.674687548524383,3.674687548524383,Razuhuillca_microcatchment,79.59237993166853,UCSB-CHG/CHIRPS/DAILY,ECMWF/ERA5_LAND/DAILY_AGGR,0.07*L1 + 0.21*L2 + 0.72*L3,-1*native_potential_evaporation_sum*1000,BLOCK_8.0D_R_v1
2026-01-29,1769644800000,0.1740322772945676,0.4222475797914127,0.4191766125158996,0.376586928762682,0.3887270079228689,281.8838804131069,8.733880413106908,-0.0028523841948178,-2.852384194817846,2.852384194817846,Razuhuillca_microcatchment,79.59237993166853,UCSB-CHG/CHIRPS/DAILY,ECMWF/ERA5_LAND/DAILY_AGGR,0.07*L1 + 0.21*L2 + 0.72*L3,-1*native_potential_evaporation_sum*1000,BLOCK_8.0D_R_v1
2026-01-30,1769731200000,0.0,0.4130608736894492,0.4149089879383241,0.3834072987697946,0.3920984037395615,283.02804381677413,9.878043816774143,-0.0043211702494262,-4.321170249426296,4.321170249426296,Razuhuillca_microcatchment,79.59237993166853,UCSB-CHG/CHIRPS/DAILY,ECMWF/ERA5_LAND/DAILY_AGGR,0.07*L1 + 0.21*L2 + 0.72*L3,-1*native_potential_evaporation_sum*1000,BLOCK_8.0D_R_v1
2026-01-31,1769817600000,7.604693412071183,0.4020303751921607,0.4059079010362569,0.3851242028679232,0.39067221154597,283.4726265960576,10.3226265960576,-0.0044762511990662,-4.476251199066294,4.476251199066294,Razuhuillca_microcatchment,79.59237993166853,UCSB-CHG/CHIRPS/DAILY,ECMWF/ERA5_LAND/DAILY_AGGR,0.07*L1 + 0.21*L2 + 0.72*L3,-1*native_potential_evaporation_sum*1000,BLOCK_8.0D_R_v1
2026-02-01,1769904000000,29.200565602098187,0.4146436680259042,0.4065285611014834,0.3858013373578904,0.3921730174908058,283.0702065668124,9.920206566812466,-0.0030289192420209,-3.028919242020976,3.028919242020976,Razuhuillca_microcatchment,79.59237993166853,UCSB-CHG/CHIRPS/DAILY,ECMWF/ERA5_LAND/DAILY_AGGR,0.07*L1 + 0.21*L2 + 0.72*L3,-1*native_potential_evaporation_sum*1000,BLOCK_8.0D_R_v1
2026-02-02,1769990400000,9.191988412822996,0.4243433957844111,0.4230853394965905,0.3904685275862442,0.3996892988612885,282.1889627342738,9.038962734273884,-0.0032126693797938,-3.2126693797938395,3.2126693797938395,Razuhuillca_microcatchment,79.59237993166853,UCSB-CHG/CHIRPS/DAILY,ECMWF/ERA5_LAND/DAILY_AGGR,0.07*L1 + 0.21*L2 + 0.72*L3,-1*native_potential_evaporation_sum*1000,BLOCK_8.0D_R_v1
2026-02-03,1770076800000,11.28931819399198,0.4259158375175931,0.4233644077543578,0.3978206619821302,0.4051515108817804,282.2970627764516,9.14706277645166,-0.0030952826831382,-3.0952826831382128,3.0952826831382128,Razuhuillca_microcatchment,79.59237993166853,UCSB-CHG/CHIRPS/DAILY,ECMWF/ERA5_LAND/DAILY_AGGR,0.07*L1 + 0.21*L2 + 0.72*L3,-1*native_potential_evaporation_sum*1000,BLOCK_8.0D_R_v1
2026-02-04,1770163200000,0.0,0.415352161679424,0.4179973198039913,0.4011296693070545,0.4056674503774771,282.1844920193299,9.034492019329944,-0.0036676547172441,-3.667654717244164,3.667654717244164,Razuhuillca_microcatchment,79.59237993166853,UCSB-CHG/CHIRPS/DAILY,ECMWF/ERA5_LAND/DAILY_AGGR,0.07*L1 + 0.21*L2 + 0.72*L3,-1*native_potential_evaporation_sum*1000,BLOCK_8.0D_R_v1
2026-02-05,1770249600000,0.241702948297773,0.4162758365991257,0.4168165203234134,0.4023981149486034,0.4063974205928501,282.5262186752349,9.376218675234895,-0.0034130132525642,-3.413013252564248,3.413013252564248,Razuhuillca_microcatchment,79.59237993166853,UCSB-CHG/CHIRPS/DAILY,ECMWF/ERA5_LAND/DAILY_AGGR,0.07*L1 + 0.21*L2 + 0.72*L3,-1*native_potential_evaporation_sum*1000,BLOCK_8.0D_R_v1
2026-02-06,1770336000000,0.3760570851819856,0.4119479706751358,0.4138144491265504,0.4032477891514066,0.4060758004528478,283.2781475045088,10.128147504508863,-0.0042642811044103,-4.264281104410315,4.264281104410315,Razuhuillca_microcatchment,79.59237993166853,UCSB-CHG/CHIRPS/DAILY,ECMWF/ERA5_LAND/DAILY_AGGR,0.07*L1 + 0.21*L2 + 0.72*L3,-1*native_potential_evaporation_sum*1000,BLOCK_8.0D_R_v1
2026-02-07,1770422400000,0.6979523393369856,0.3944254564641757,0.4042044880302884,0.4027676922278137,0.4024854628428788,283.12047716556026,9.970477165560297,-0.0045220944492114,-4.522094449211407,4.522094449211407,Razuhuillca_microcatchment,79.59237993166853,UCSB-CHG/CHIRPS/DAILY,ECMWF/ERA5_LAND/DAILY_AGGR,0.07*L1 + 0.21*L2 + 0.72*L3,-1*native_potential_evaporation_sum*1000,BLOCK_8.0D_R_v1
2026-02-08,1770508800000,2.5360929824057084,0.3786470453633509,0.3922430821236847,0.4011542553616855,0.3977074042818219,283.256269848186,10.10626984818595,-0.0052145995156613,-5.214599515661338,5.214599515661338,Razuhuillca_microcatchment,79.59237993166853,UCSB-CHG/CHIRPS/DAILY,ECMWF/ERA5_LAND/DAILY_AGGR,0.07*L1 + 0.21*L2 + 0.72*L3,-1*native_potential_evaporation_sum*1000,BLOCK_8.0D_R_v1
2026-02-09,1770595200000,0.0,0.3729294572951476,0.3825299918996116,0.3990406153978409,0.3937456033960243,283.56670755595826,10.416707555958316,-0.005410653189083,-5.410653189083056,5.410653189083056,Razuhuillca_microcatchment,79.59237993166853,UCSB-CHG/CHIRPS/DAILY,ECMWF/ERA5_LAND/DAILY_AGGR,0.07*L1 + 0.21*L2 + 0.72*L3,-1*native_potential_evaporation_sum*1000,BLOCK_8.0D_R_v1
2026-02-10,1770681600000,7.107070287068686,0.3690832575391942,0.3745663409517909,0.3966870978618174,0.3901094700881281,283.928460420671,10.778460420671031,-0.0049852388184194,-4.985238818419462,4.985238818419462,Razuhuillca_microcatchment,79.59237993166853,UCSB-CHG/CHIRPS/DAILY,ECMWF/ERA5_LAND/DAILY_AGGR,0.07*L1 + 0.21*L2 + 0.72*L3,-1*native_potential_evaporation_sum*1000,BLOCK_8.0D_R_v1
2026-02-11,1770768000000,20.563898586091543,0.4025256390286779,0.3817784597878281,0.3946937053878872,0.3925297391667301,283.5082356667932,10.35823566679324,-0.003777495483098,-3.7774954830980016,3.7774954830980016,Razuhuillca_microcatchment,79.59237993166853,UCSB-CHG/CHIRPS/DAILY,ECMWF/ERA5_LAND/DAILY_AGGR,0.07*L1 + 0.21*L2 + 0.72*L3,-1*native_potential_evaporation_sum*1000,BLOCK_8.0D_R_v1
2026-02-12,1770854400000,0.0,0.3982136419513092,0.3954003100680017,0.3937615227377713,0.3944173164220673,282.81437580571696,9.664375805716992,-0.004672588468287,-4.672588468287032,4.672588468287032,Razuhuillca_microcatchment,79.59237993166853,UCSB-CHG/CHIRPS/DAILY,ECMWF/ERA5_LAND/DAILY_AGGR,0.07*L1 + 0.21*L2 + 0.72*L3,-1*native_potential_evaporation_sum*1000,BLOCK_8.0D_R_v1
2026-02-13,1770940800000,1.0817659323414166,0.3893767818090772,0.3918236859271981,0.3929084968934399,0.3924334665346237,282.4221785881616,9.2721785881616,-0.0043582295234492,-4.358229523449275,4.358229523449275,Razuhuillca_microcatchment,79.59237993166853,UCSB-CHG/CHIRPS/DAILY,ECMWF/ERA5_LAND/DAILY_AGGR,0.07*L1 + 0.21*L2 + 0.72*L3,-1*native_potential_evaporation_sum*1000,BLOCK_8.0D_R_v1
2026-02-14,1771027200000,1.2497232464097794,0.3960123705266757,0.3927914760935054,0.3921311549368621,0.3925415074710441,282.6287967409932,9.478796740993172,-0.0043075595890855,-4.307559589085551,4.307559589085551,Razuhuillca_microcatchment,79.59237993166853,UCSB-CHG/CHIRPS/DAILY,ECMWF/ERA5_LAND/DAILY_AGGR,0.07*L1 + 0.21*L2 + 0.72*L3,-1*native_potential_evaporation_sum*1000,BLOCK_8.0D_R_v1
2026-02-15,1771113600000,4.096491367689201,0.4165649965319331,0.4045150551033387,0.3924194365337863,0.3966497056332627,282.05399762412713,8.903997624127182,-0.0035341860069704,-3.534186006970488,3.534186006970488,Razuhuillca_microcatchment,79.59237993166853,UCSB-CHG/CHIRPS/DAILY,ECMWF/ERA5_LAND/DAILY_AGGR,0.07*L1 + 0.21*L2 + 0.72*L3,-1*native_potential_evaporation_sum*1000,BLOCK_8.0D_R_v1
2026-02-16,1771200000000,6.869376310280391,0.405735107745279,0.4086207424744475,0.3946024723824738,0.3983255935771846,281.9512946729715,8.801294672971554,-0.0034585772136043,-3.4585772136043254,3.4585772136043254,Razuhuillca_microcatchment,79.59237993166853,UCSB-CHG/CHIRPS/DAILY,ECMWF/ERA5_LAND/DAILY_AGGR,0.07*L1 + 0.21*L2 + 0.72*L3,-1*native_potential_evaporation_sum*1000,BLOCK_8.0D_R_v1
2026-02-17,1771286400000,0.0,0.4071052345466981,0.405031953932922,0.3953933201313937,0.3982372672387859,282.1449183057958,8.994918305795801,-0.0035804353783585,-3.580435378358543,3.580435378358543,Razuhuillca_microcatchment,79.59237993166853,UCSB-CHG/CHIRPS/DAILY,ECMWF/ERA5_LAND/DAILY_AGGR,0.07*L1 + 0.21*L2 + 0.72*L3,-1*native_potential_evaporation_sum*1000,BLOCK_8.0D_R_v1
2026-02-18,1771372800000,0.4944825314340138,0.4196402121600847,0.4117952394577349,0.3963911648200885,0.4012534538077941,282.06799058785555,8.917990587855586,-0.0033777763991686,-3.377776399168665,3.377776399168665,Razuhuillca_microcatchment,79.59237993166853,UCSB-CHG/CHIRPS/DAILY,ECMWF/ERA5_LAND/DAILY_AGGR,0.07*L1 + 0.21*L2 + 0.72*L3,-1*native_potential_evaporation_sum*1000,BLOCK_8.0D_R_v1
2026-02-19,1771459200000,0.0,0.4088764999183845,0.4133243119785551,0.3991204484120039,0.4027861833664263,282.1145750571308,8.964575057130814,-0.003962667131355,-3.9626671313550426,3.9626671313550426,Razuhuillca_microcatchment,79.59237993166853,UCSB-CHG/CHIRPS/DAILY,ECMWF/ERA5_LAND/DAILY_AGGR,0.07*L1 + 0.21*L2 + 0.72*L3,-1*native_potential_evaporation_sum*1000,BLOCK_8.0D_R_v1
2026-02-20,1771545600000,0.0,0.3979095062079457,0.4059364561400661,0.3997413730805089,0.4009141098419365,282.508172217132,9.35817221713206,-0.0044900772802402,-4.490077280240252,4.490077280240252,Razuhuillca_microcatchment,79.59237993166853,UCSB-CHG/CHIRPS/DAILY,ECMWF/ERA5_LAND/DAILY_AGGR,0.07*L1 + 0.21*L2 + 0.72*L3,-1*native_potential_evaporation_sum*1000,BLOCK_8.0D_R_v1
2026-02-21,1771632000000,1.072342997860341,0.3890557151309327,0.3974169104544873,0.3990238939406555,0.3979886548918795,282.6715691700606,9.521569170060658,-0.0041283120137418,-4.128312013741862,4.128312013741862,Razuhuillca_microcatchment,79.59237993166853,UCSB-CHG/CHIRPS/DAILY,ECMWF/ERA5_LAND/DAILY_AGGR,0.07*L1 + 0.21*L2 + 0.72*L3,-1*native_potential_evaporation_sum*1000,BLOCK_8.0D_R_v1
2026-02-22,1771718400000,1.2417743690311909,0.3818614717163791,0.3905632996605081,0.3978580812957704,0.395206414481808,282.96376779221845,9.813767792218474,-0.0043364963090488,-4.336496309048868,4.336496309048868,Razuhuillca_microcatchment,79.59237993166853,UCSB-CHG/CHIRPS/DAILY,ECMWF/ERA5_LAND/DAILY_AGGR,0.07*L1 + 0.21*L2 + 0.72*L3,-1*native_potential_evaporation_sum*1000,BLOCK_8.0D_R_v1
2026-02-23,1771804800000,3.8224978464699935,0.4090542471707441,0.3938873305715807,0.3966432545685813,0.3969332800113626,283.04625475521493,9.896254755214953,-0.0035154131278826,-3.515413127882632,3.515413127882632,Razuhuillca_microcatchment,79.59237993166853,UCSB-CHG/CHIRPS/DAILY,ECMWF/ERA5_LAND/DAILY_AGGR,0.07*L1 + 0.21*L2 + 0.72*L3,-1*native_potential_evaporation_sum*1000,BLOCK_8.0D_R_v1
2026-02-24,1771891200000,6.166747653058597,0.4185710127872769,0.4127859729333191,0.3972743297128548,0.4020225426043617,282.7931543030491,9.6431543030491,-0.0044429750973089,-4.442975097308958,4.442975097308958,Razuhuillca_microcatchment,79.59237993166853,UCSB-CHG/CHIRPS/DAILY,ECMWF/ERA5_LAND/DAILY_AGGR,0.07*L1 + 0.21*L2 + 0.72*L3,-1*native_potential_evaporation_sum*1000,BLOCK_8.0D_R_v1
2026-02-25,1771977600000,4.805550743426596,0.4045757117298986,0.4114973476167359,0.3991497569001478,0.4021225677887138,283.0537297096326,9.903729709632616,-0.0047544531222712,-4.754453122271278,4.754453122271278,Razuhuillca_microcatchment,79.59237993166853,UCSB-CHG/CHIRPS/DAILY,ECMWF/ERA5_LAND/DAILY_AGGR,0.07*L1 + 0.21*L2 + 0.72*L3,-1*native_potential_evaporation_sum*1000,BLOCK_8.0D_R_v1
2026-02-26,1772064000000,3.854881846479007,0.3894327527525797,0.4002337850816906,0.3991055902029048,0.3986654125059271,282.8262302751486,9.676230275148637,-0.0044847232413429,-4.484723241342974,4.484723241342974,Razuhuillca_microcatchment,79.59237993166853,UCSB-CHG/CHIRPS/DAILY,ECMWF/ERA5_LAND/DAILY_AGGR,0.07*L1 + 0.21*L2 + 0.72*L3,-1*native_potential_evaporation_sum*1000,BLOCK_8.0D_R_v1
2026-02-27,1772150400000,0.0,0.4104171892581417,0.4031486253977281,0.398386879922797,0.4002289681260065,283.3168596991684,10.166859699168448,-0.0049681980055191,-4.968198005519161,4.968198005519161,Razuhuillca_microcatchment,79.59237993166853,UCSB-CHG/CHIRPS/DAILY,ECMWF/ERA5_LAND/DAILY_AGGR,0.07*L1 + 0.21*L2 + 0.72*L3,-1*native_potential_evaporation_sum*1000,BLOCK_8.0D_R_v1
2026-02-28,1772236800000,8.887991588740121,0.3955991484066883,0.4015004556762459,0.3979622504614681,0.3985398564127368,283.75573984046895,10.605739840468951,-0.0048716665606278,-4.871666560627821,4.871666560627821,Razuhuillca_microcatchment,79.59237993166853,UCSB-CHG/CHIRPS/DAILY,ECMWF/ERA5_LAND/DAILY_AGGR,0.07*L1 + 0.21*L2 + 0.72*L3,-1*native_potential_evaporation_sum*1000,BLOCK_8.0D_R_v1
2026-03-01,1772323200000,8.188163314546859,0.3900435967711814,0.3946252319394737,0.3970867553887339,0.3960768143611607,284.0237642262483,10.873764226248303,-0.0047149373099983,-4.714937309998308,4.714937309998308,Razuhuillca_microcatchment,79.59237993166853,UCSB-CHG/CHIRPS/DAILY,ECMWF/ERA5_LAND/DAILY_AGGR,0.07*L1 + 0.21*L2 + 0.72*L3,-1*native_potential_evaporation_sum*1000,BLOCK_8.0D_R_v1
2026-03-02,1772409600000,10.916456624155952,0.3781060419101016,0.3878898142849549,0.3958731524517081,0.3929529536987774,283.83906757670786,10.68906757670794,-0.0048677155995644,-4.867715599564458,4.867715599564458,Razuhuillca_microcatchment,79.59237993166853,UCSB-CHG/CHIRPS/DAILY,ECMWF/ERA5_LAND/DAILY_AGGR,0.07*L1 + 0.21*L2 + 0.72*L3,-1*native_potential_evaporation_sum*1000,BLOCK_8.0D_R_v1
2026-03-03,1772496000000,0.0,0.3807822357942144,0.3822055037540736,0.3943935313436107,0.3908812548613503,283.80450559994614,10.654505599946194,-0.0048711556144532,-4.871155614453244,4.871155614453244,Razuhuillca_microcatchment,79.59237993166853,UCSB-CHG/CHIRPS/DAILY,ECMWF/ERA5_LAND/DAILY_AGGR,0.07*L1 + 0.21*L2 + 0.72*L3,-1*native_potential_evaporation_sum*1000,BLOCK_8.0D_R_v1
2026-03-04,1772582400000,0.0,0.368798415784891,0.3764479973412662,0.3927368281663956,0.3876404848264131,284.03323814818395,10.883238148183976,-0.0049613831790885,-4.961383179088547,4.961383179088547,Razuhuillca_microcatchment,79.59237993166853,UCSB-CHG/CHIRPS/DAILY,ECMWF/ERA5_LAND/DAILY_AGGR,0.07*L1 + 0.21*L2 + 0.72*L3,-1*native_potential_evaporation_sum*1000,BLOCK_8.0D_R_v1
2026-03-05,1772668800000,4.45140536661659,0.3858128108500515,0.3743161622269764,0.390985540342239,0.3871228798735808,283.65607985641685,10.506079856416887,-0.0043389959573056,-4.338995957305666,4.338995957305666,Razuhuillca_microcatchment,79.59237993166853,UCSB-CHG/CHIRPS/DAILY,ECMWF/ERA5_LAND/DAILY_AGGR,0.07*L1 + 0.21*L2 + 0.72*L3,-1*native_potential_evaporation_sum*1000,BLOCK_8.0D_R_v1
2026-03-06,1772755200000,2.2714402374057547,0.3925671807143959,0.3812598189866611,0.3896733285834105,0.3881090612172621,283.3548450506721,10.204845050672125,-0.0039537350910936,-3.953735091093647,3.953735091093647,Razuhuillca_microcatchment,79.59237993166853,UCSB-CHG/CHIRPS/DAILY,ECMWF/ERA5_LAND/DAILY_AGGR,0.07*L1 + 0.21*L2 + 0.72*L3,-1*native_potential_evaporation_sum*1000,BLOCK_8.0D_R_v1
2026-03-07,1772841600000,0.0,0.3992796219842283,0.3877689199870262,0.3889136488956752,0.3893988739410577,283.0542682030297,9.904268203029766,-0.0033635157295045,-3.3635157295045133,3.3635157295045133,Razuhuillca_microcatchment,79.59237993166853,UCSB-CHG/CHIRPS/DAILY,ECMWF/ERA5_LAND/DAILY_AGGR,0.07*L1 + 0.21*L2 + 0.72*L3,-1*native_potential_evaporation_sum*1000,BLOCK_8.0D_R_v1
2026-03-08,1772928000000,0.0,0.410573294167344,0.4013133333827259,0.389653284885061,0.3935662957193305,282.86434087955416,9.714340879554245,-0.0036832630375906,-3.683263037590622,3.683263037590622,Razuhuillca_microcatchment,79.59237993166853,UCSB-CHG/CHIRPS/DAILY,ECMWF/ERA5_LAND/DAILY_AGGR,0.07*L1 + 0.21*L2 + 0.72*L3,-1*native_potential_evaporation_sum*1000,BLOCK_8.0D_R_v1
2026-03-09,1773014400000,9.08576094962302,0.4015233218095665,0.4007709848628109,0.3906128796998246,0.3935098127317336,282.97232447423914,9.822324474239192,-0.0037240673696374,-3.724067369637461,3.724067369637461,Razuhuillca_microcatchment,79.59237993166853,UCSB-CHG/CHIRPS/DAILY,ECMWF/ERA5_LAND/DAILY_AGGR,0.07*L1 + 0.21*L2 + 0.72*L3,-1*native_potential_evaporation_sum*1000,BLOCK_8.0D_R_v1
2026-03-10,1773100800000,0.0,0.4104386221237036,0.4028949553796552,0.3912582911967313,0.3950446138400333,283.1306598016522,9.98065980165224,-0.0037754103110704,-3.77541031107048,3.77541031107048,Razuhuillca_microcatchment,79.59237993166853,UCSB-CHG/CHIRPS/DAILY,ECMWF/ERA5_LAND/DAILY_AGGR,0.07*L1 + 0.21*L2 + 0.72*L3,-1*native_potential_evaporation_sum*1000,BLOCK_8.0D_R_v1
2026-03-11,1773187200000,19.75873981345268,0.400930000408077,0.4036521139861532,0.392260619440979,0.3952596899631624,283.0674145024176,9.91741450241766,-0.0044221828524776,-4.422182852477697,4.422182852477697,Razuhuillca_microcatchment,79.59237993166853,UCSB-CHG/CHIRPS/DAILY,ECMWF/ERA5_LAND/DAILY_AGGR,0.07*L1 + 0.21*L2 + 0.72*L3,-1*native_potential_evaporation_sum*1000,BLOCK_8.0D_R_v1
2026-03-12,1773273600000,0.0,0.3910176308398531,0.3965716058808254,0.3923139039261952,0.3931172822206236,283.27687047763595,10.126870477635984,-0.004116121571877,-4.116121571877099,4.116121571877099,Razuhuillca_microcatchment,79.59237993166853,UCSB-CHG/CHIRPS/DAILY,ECMWF/ERA5_LAND/DAILY_AGGR,0.07*L1 + 0.21*L2 + 0.72*L3,-1*native_potential_evaporation_sum*1000,BLOCK_8.0D_R_v1
2026-03-13,1773360000000,15.073305198124478,0.4096862300512648,0.399034999928263,0.3919988863730017,0.394714584277085,283.0503093815034,9.900309381503398,-0.003060745279913,-3.060745279913004,3.060745279913004,Razuhuillca_microcatchment,79.59237993166853,UCSB-CHG/CHIRPS/DAILY,ECMWF/ERA5_LAND/DAILY_AGGR,0.07*L1 + 0.21*L2 + 0.72*L3,-1*native_potential_evaporation_sum*1000,BLOCK_8.0D_R_v1
2026-03-14,1773446400000,12.643695659580684,0.4038576151823951,0.4039672381156671,0.3927501171310513,0.3958832374014147,282.9924932490884,9.842493249088388,-0.0035745076878222,-3.574507687822242,3.574507687822242,Razuhuillca_microcatchment,79.59237993166853,UCSB-CHG/CHIRPS/DAILY,ECMWF/ERA5_LAND/DAILY_AGGR,0.07*L1 + 0.21*L2 + 0.72*L3,-1*native_potential_evaporation_sum*1000,BLOCK_8.0D_R_v1
2026-03-15,1773532800000,0.0,0.3865211354514766,0.3971780582200125,0.3929060052125669,0.3933561954608541,283.136056863274,9.986056863273978,-0.0043841863557093,-4.384186355709341,4.384186355709341,Razuhuillca_microcatchment,79.59237993166853,UCSB-CHG/CHIRPS/DAILY,ECMWF/ERA5_LAND/DAILY_AGGR,0.07*L1 + 0.21*L2 + 0.72*L3,-1*native_potential_evaporation_sum*1000,BLOCK_8.0D_R_v1
2026-03-16,1773619200000,0.0,0.4060153299673444,0.3965685004673481,0.3923250576893947,0.3941744997322214,283.79797023339535,10.64797023339539,-0.0042677360204602,-4.267736020460294,4.267736020460294,Razuhuillca_microcatchment,79.59237993166853,UCSB-CHG/CHIRPS/DAILY,ECMWF/ERA5_LAND/DAILY_AGGR,0.07*L1 + 0.21*L2 + 0.72*L3,-1*native_potential_evaporation_sum*1000,BLOCK_8.0D_R_v1
2026-03-17,1773705600000,1.5706165450669471,0.4128255384735518,0.404613241294905,0.3924031854824293,0.3963968619124278,284.0410967847056,10.891096784705624,-0.0034949051248544,-3.49490512485449,3.49490512485449,Razuhuillca_microcatchment,79.59237993166853,UCSB-CHG/CHIRPS/DAILY,ECMWF/ERA5_LAND/DAILY_AGGR,0.07*L1 + 0.21*L2 + 0.72*L3,-1*native_potential_evaporation_sum*1000,BLOCK_8.0D_R_v1
2026-03-18,1773792000000,0.0,0.4152979878331884,0.4158558229949892,0.3951405762247956,0.4009017968591238,283.6292078132115,10.479207813211524,-0.0040788828379156,-4.078882837915696,4.078882837915696,Razuhuillca_microcatchment,79.59237993166853,UCSB-CHG/CHIRPS/DAILY,ECMWF/ERA5_LAND/DAILY_AGGR,0.07*L1 + 0.21*L2 + 0.72*L3,-1*native_potential_evaporation_sum*1000,BLOCK_8.0D_R_v1
2026-03-19,1773878400000,12.939713615746724,0.41575051089013,0.4175911133459308,0.3984370994200366,0.4036713811473809,283.75300482013097,10.603004820130955,-0.0043225241878818,-4.322524187881823,4.322524187881823,Razuhuillca_microcatchment,79.59237993166853,UCSB-CHG/CHIRPS/DAILY,ECMWF/ERA5_LAND/DAILY_AGGR,0.07*L1 + 0.21*L2 + 0.72*L3,-1*native_potential_evaporation_sum*1000,BLOCK_8.0D_R_v1
2026-03-20,1773964800000,4.453956256310145,0.4083333539135883,0.4143238177878319,0.4013180153907378,0.404540307590727,283.5815830377715,10.431583037771508,-0.0043868209326887,-4.3868209326887415,4.3868209326887415,Razuhuillca_microcatchment,79.59237993166853,UCSB-CHG/CHIRPS/DAILY,ECMWF/ERA5_LAND/DAILY_AGGR,0.07*L1 + 0.21*L2 + 0.72*L3,-1*native_potential_evaporation_sum*1000,BLOCK_8.0D_R_v1
2026-03-21,1774051200000,17.900488135360536,0.4152633836044282,0.4155657590009802,0.4029265681213496,0.4064443752898875,283.1831596646465,10.033159664646517,-0.0038468578475059,-3.846857847505911,3.846857847505911,Razuhuillca_microcatchment,79.59237993166853,UCSB-CHG/CHIRPS/DAILY,ECMWF/ERA5_LAND/DAILY_AGGR,0.07*L1 + 0.21*L2 + 0.72*L3,-1*native_potential_evaporation_sum*1000,BLOCK_8.0D_R_v1
2026-03-22,1774137600000,12.703716077974866,0.4234049802570673,0.4201433332439562,0.4054858882073491,0.4098182881085169,282.6790588871362,9.52905888713626,-0.0030979143746326,-3.097914374632642,3.097914374632642,Razuhuillca_microcatchment,79.59237993166853,UCSB-CHG/CHIRPS/DAILY,ECMWF/ERA5_LAND/DAILY_AGGR,0.07*L1 + 0.21*L2 + 0.72*L3,-1*native_potential_evaporation_sum*1000,BLOCK_8.0D_R_v1
2026-03-23,1774224000000,7.038060110239756,0.4217153780722204,0.4238297052695801,0.410858525476474,0.4143424529147285,282.2769604133503,9.126960413350323,-0.0030713078345177,-3.0713078345177487,3.0713078345177487,Razuhuillca_microcatchment,79.59237993166853,UCSB-CHG/CHIRPS/DAILY,ECMWF/ERA5_LAND/DAILY_AGGR,0.07*L1 + 0.21*L2 + 0.72*L3,-1*native_potential_evaporation_sum*1000,BLOCK_8.0D_R_v1
